ice_sheet,gate_set,gate,node,x_m,y_m,normal_x,normal_y,width_m,areal_scale,epoch,sampling,v_normal_m_per_yr,v_normal_error_m_per_yr,speed_m_per_yr,count
greenland,greenland-outlets-v1,gate-01,0,-167827.50,-3142852.50,-0.139044586,0.990286122,120.000,1.065551284,2014-01,annual,31.610255,1.000000,88.120300,369
greenland,greenland-outlets-v1,gate-01,1,-167947.50,-3142852.50,-0.139044586,0.990286122,120.000,1.065551809,2014-01,annual,29.779560,1.000000,85.735657,375
greenland,greenland-outlets-v1,gate-01,2,-168067.50,-3142852.50,-0.139044586,0.990286122,120.000,1.065552334,2014-01,annual,28.987788,1.000000,83.141632,377
greenland,greenland-outlets-v1,gate-01,3,-168187.50,-3142852.50,-0.139044586,0.990286122,120.000,1.065552859,2014-01,annual,27.315160,1.000000,80.363602,383
greenland,greenland-outlets-v1,gate-01,4,-168307.50,-3142852.50,-0.139044586,0.990286122,120.000,1.065553384,2014-01,annual,24.622151,1.000000,79.502823,377
greenland,greenland-outlets-v1,gate-01,5,-168427.50,-3142852.50,-0.139044586,0.990286122,120.000,1.065553910,2014-01,annual,23.271961,1.000000,79.049988,378
greenland,greenland-outlets-v1,gate-01,6,-168547.50,-3142852.50,-0.139044586,0.990286122,120.000,1.065554436,2014-01,annual,21.406963,1.000000,74.911644,385
greenland,greenland-outlets-v1,gate-01,7,-168667.50,-3142852.50,-0.139044586,0.990286122,120.000,1.065554963,2014-01,annual,19.105094,1.000000,73.942490,396
greenland,greenland-outlets-v1,gate-01,8,-168787.50,-3142972.50,-0.139044586,0.990286122,120.000,1.065565307,2014-01,annual,15.278521,1.000000,66.930649,380
greenland,greenland-outlets-v1,gate-01,9,-168907.50,-3142972.50,-0.139044586,0.990286122,120.000,1.065565834,2014-01,annual,13.663776,1.000000,63.583874,391
greenland,greenland-outlets-v1,gate-01,10,-169027.50,-3142972.50,-0.139044586,0.990286122,120.000,1.065566362,2014-01,annual,12.420301,1.000000,62.828823,405
greenland,greenland-outlets-v1,gate-01,11,-169147.50,-3142972.50,-0.139044586,0.990286122,120.000,1.065566890,2014-01,annual,11.391322,1.000000,58.757488,410
greenland,greenland-outlets-v1,gate-01,12,-169267.50,-3142972.50,-0.139044586,0.990286122,120.000,1.065567419,2014-01,annual,11.585463,1.000000,59.050045,418
greenland,greenland-outlets-v1,gate-01,13,-169387.50,-3142972.50,-0.139044586,0.990286122,120.000,1.065567948,2014-01,annual,12.581973,1.000000,60.104305,414
greenland,greenland-outlets-v1,gate-01,14,-169507.50,-3142972.50,-0.139044586,0.990286122,120.000,1.065568477,2014-01,annual,13.241113,1.000000,55.619217,415
greenland,greenland-outlets-v1,gate-01,15,-169627.50,-3143092.50,-0.139044586,0.990286122,120.000,1.065578824,2014-01,annual,12.570092,1.000000,45.233826,396
greenland,greenland-outlets-v1,gate-01,16,-169747.50,-3143092.50,-0.139044586,0.990286122,120.000,1.065579354,2014-01,annual,12.845461,1.000000,42.875496,380
greenland,greenland-outlets-v1,gate-01,17,-169867.50,-3143092.50,-0.139044586,0.990286122,120.000,1.065579884,2014-01,annual,13.087420,1.000000,37.864407,377
greenland,greenland-outlets-v1,gate-01,18,-169987.50,-3143092.50,-0.139044586,0.990286122,120.000,1.065580415,2014-01,annual,13.288749,1.000000,39.725826,375
greenland,greenland-outlets-v1,gate-01,19,-170107.50,-3143092.50,-0.139044586,0.990286122,120.000,1.065580946,2014-01,annual,11.881235,1.000000,43.101994,376
greenland,greenland-outlets-v1,gate-01,20,-170227.50,-3143092.50,-0.139044586,0.990286122,120.000,1.065581478,2014-01,annual,11.280460,1.000000,38.462898,366
greenland,greenland-outlets-v1,gate-01,21,-170347.50,-3143092.50,-0.139044586,0.990286122,120.000,1.065582010,2014-01,annual,10.973053,1.000000,35.273041,353
greenland,greenland-outlets-v1,gate-01,22,-170467.50,-3143212.50,-0.139044586,0.990286122,120.000,1.065592360,2014-01,annual,6.514065,2.000000,32.245556,66
greenland,greenland-outlets-v1,gate-01,23,-170587.50,-3143212.50,-0.139044586,0.990286122,120.000,1.065592893,2014-01,annual,6.019964,2.000000,26.644194,63
greenland,greenland-outlets-v1,gate-01,24,-170707.50,-3143212.50,-0.139044586,0.990286122,120.000,1.065593426,2014-01,annual,2.454674,2.000000,19.467960,61
greenland,greenland-outlets-v1,gate-01,25,-170827.50,-3143212.50,-0.139044586,0.990286122,120.000,1.065593959,2014-01,annual,-1.275501,2.000000,19.624567,57
greenland,greenland-outlets-v1,gate-01,26,-170947.50,-3143212.50,-0.139044586,0.990286122,120.000,1.065594493,2014-01,annual,1.197925,1.000000,15.002760,279
greenland,greenland-outlets-v1,gate-01,27,-171067.50,-3143212.50,-0.139044586,0.990286122,120.000,1.065595027,2014-01,annual,1.557005,1.000000,17.011673,279
greenland,greenland-outlets-v1,gate-01,28,-171187.50,-3143212.50,-0.139044586,0.990286122,120.000,1.065595561,2014-01,annual,1.921001,1.000000,20.068211,276
greenland,greenland-outlets-v1,gate-01,29,-172387.50,-3143452.50,-0.139044586,0.990286122,120.000,1.065620564,2014-01,annual,1.589784,1.000000,9.929974,302
greenland,greenland-outlets-v1,gate-01,30,-172507.50,-3143452.50,-0.139044586,0.990286122,120.000,1.065621103,2014-01,annual,2.319364,1.000000,7.945586,288
greenland,greenland-outlets-v1,gate-01,31,-172627.50,-3143452.50,-0.139044586,0.990286122,120.000,1.065621642,2014-01,annual,2.886525,1.000000,7.134539,272
greenland,greenland-outlets-v1,gate-01,32,-172747.50,-3143452.50,-0.139044586,0.990286122,120.000,1.065622181,2014-01,annual,2.159439,1.000000,3.504558,264
greenland,greenland-outlets-v1,gate-01,33,-172867.50,-3143452.50,-0.139044586,0.990286122,120.000,1.065622721,2014-01,annual,1.235828,1.000000,1.271309,258
greenland,greenland-outlets-v1,gate-02,34,-196387.50,-2272852.50,-0.999160466,0.040967840,120.000,1.005265518,2014-01,annual,15049.260904,3528.000000,15049.665039,2
greenland,greenland-outlets-v1,gate-02,35,-196387.50,-2272972.50,-0.999160466,0.040967840,120.000,1.005272409,2014-01,annual,15117.119713,3528.000000,15117.919922,2
greenland,greenland-outlets-v1,gate-02,36,-196387.50,-2273092.50,-0.999160466,0.040967840,120.000,1.005279300,2014-01,annual,15058.461539,3529.000000,15059.875977,2
greenland,greenland-outlets-v1,gate-02,37,-196387.50,-2273212.50,-0.999160466,0.040967840,120.000,1.005286191,2014-01,annual,14993.002960,3529.000000,14994.487305,2
greenland,greenland-outlets-v1,gate-02,38,-196387.50,-2273332.50,-0.999160466,0.040967840,120.000,1.005293083,2014-01,annual,14971.782659,3523.000000,14976.060547,2
greenland,greenland-outlets-v1,gate-02,39,-196387.50,-2273452.50,-0.999160466,0.040967840,120.000,1.005299976,2014-01,annual,15057.306486,3523.000000,15061.885742,2
greenland,greenland-outlets-v1,gate-02,40,-196387.50,-2273572.50,-0.999160466,0.040967840,120.000,1.005306868,2014-01,annual,14787.167583,3523.000000,14791.536133,2
greenland,greenland-outlets-v1,gate-02,41,-196387.50,-2273692.50,-0.999160466,0.040967840,120.000,1.005313762,2014-01,annual,12766.927823,3520.000000,12774.165039,2
greenland,greenland-outlets-v1,gate-02,42,-196387.50,-2273812.50,-0.999160466,0.040967840,120.000,1.005320655,2014-01,annual,12513.432647,3520.000000,12521.332031,2
greenland,greenland-outlets-v1,gate-02,43,-196387.50,-2273932.50,-0.999160466,0.040967840,120.000,1.005327549,2014-01,annual,11937.367351,3519.000000,11946.864258,2
greenland,greenland-outlets-v1,gate-02,44,-196387.50,-2274052.50,-0.999160466,0.040967840,120.000,1.005334443,2014-01,annual,11436.921227,3517.000000,11449.245117,2
greenland,greenland-outlets-v1,gate-02,45,-196387.50,-2274172.50,-0.999160466,0.040967840,120.000,1.005341338,2014-01,annual,11551.751562,3514.000000,11568.813477,2
greenland,greenland-outlets-v1,gate-02,46,-196387.50,-2274292.50,-0.999160466,0.040967840,120.000,1.005348233,2014-01,annual,12219.207536,1053.000000,12270.233398,2
greenland,greenland-outlets-v1,gate-02,47,-196507.50,-2274412.50,-0.999160466,0.040967840,120.000,1.005355724,2014-01,annual,7578.476966,2166.000000,7619.507324,2
greenland,greenland-outlets-v1,gate-02,48,-196507.50,-2274532.50,-0.999160466,0.040967840,120.000,1.005362620,2014-01,annual,972.533495,1029.000000,1402.539429,1
greenland,greenland-outlets-v1,gate-02,49,-196507.50,-2274652.50,-0.999160466,0.040967840,120.000,1.005369516,2014-01,annual,1112.277087,1037.000000,1444.632202,1
greenland,greenland-outlets-v1,gate-02,50,-196507.50,-2274772.50,-0.999160466,0.040967840,120.000,1.005376413,2014-01,annual,7730.519236,249.000000,8904.607422,3
greenland,greenland-outlets-v1,gate-02,51,-196507.50,-2274892.50,-0.999160466,0.040967840,120.000,1.005383310,2014-01,annual,7542.082324,190.000000,8669.886719,5
greenland,greenland-outlets-v1,gate-02,52,-196507.50,-2275012.50,-0.999160466,0.040967840,120.000,1.005390207,2014-01,annual,7450.574643,181.000000,8499.641602,7
greenland,greenland-outlets-v1,gate-02,53,-196507.50,-2275132.50,-0.999160466,0.040967840,120.000,1.005397105,2014-01,annual,7748.194291,184.000000,8838.214844,6
greenland,greenland-outlets-v1,gate-02,54,-196507.50,-2275252.50,-0.999160466,0.040967840,120.000,1.005404003,2014-01,annual,7834.388464,184.000000,8947.018555,6
greenland,greenland-outlets-v1,gate-02,55,-196507.50,-2275372.50,-0.999160466,0.040967840,120.000,1.005410901,2014-01,annual,7249.744372,184.000000,8455.305664,6
greenland,greenland-outlets-v1,gate-02,56,-196507.50,-2275492.50,-0.999160466,0.040967840,120.000,1.005417800,2014-01,annual,7064.837631,183.000000,8261.490234,7
greenland,greenland-outlets-v1,gate-02,57,-196507.50,-2275612.50,-0.999160466,0.040967840,120.000,1.005424700,2014-01,annual,5829.638736,121.000000,7171.514648,8
greenland,greenland-outlets-v1,gate-02,58,-196507.50,-2275732.50,-0.999160466,0.040967840,120.000,1.005431599,2014-01,annual,5905.290013,119.000000,7203.652344,8
greenland,greenland-outlets-v1,gate-02,59,-196507.50,-2275852.50,-0.999160466,0.040967840,120.000,1.005438500,2014-01,annual,5179.724924,98.000000,5966.322266,9
greenland,greenland-outlets-v1,gate-03,60,-324907.50,-1773052.50,-0.960147262,-0.279494607,120.000,0.980723532,2014-01,annual,2169.515460,108.000000,3477.609863,8
greenland,greenland-outlets-v1,gate-03,61,-324907.50,-1773172.50,-0.960147262,-0.279494607,120.000,0.980728839,2014-01,annual,1951.640014,115.000000,3091.882568,8
greenland,greenland-outlets-v1,gate-03,62,-324787.50,-1773292.50,-0.960147262,-0.279494607,120.000,0.980733175,2014-01,annual,1948.485758,153.000000,3126.599365,7
greenland,greenland-outlets-v1,gate-03,63,-324787.50,-1773412.50,-0.960147262,-0.279494607,120.000,0.980738484,2014-01,annual,1700.850472,164.000000,2684.203613,6
greenland,greenland-outlets-v1,gate-03,64,-324787.50,-1773532.50,-0.960147262,-0.279494607,120.000,0.980743793,2014-01,annual,1403.716294,164.000000,2206.324951,6
greenland,greenland-outlets-v1,gate-03,65,-324787.50,-1773652.50,-0.960147262,-0.279494607,120.000,0.980749102,2014-01,annual,1145.508161,119.000000,1821.997437,8
greenland,greenland-outlets-v1,gate-03,66,-324667.50,-1773772.50,-0.960147262,-0.279494607,120.000,0.980753440,2014-01,annual,1146.219275,64.000000,1790.973633,11
greenland,greenland-outlets-v1,gate-03,67,-324667.50,-1773892.50,-0.960147262,-0.279494607,120.000,0.980758750,2014-01,annual,594.638124,60.000000,1004.956482,14
greenland,greenland-outlets-v1,gate-03,68,-324667.50,-1774012.50,-0.960147262,-0.279494607,120.000,0.980764060,2014-01,annual,424.322219,50.000000,710.054077,16
greenland,greenland-outlets-v1,gate-03,69,-324547.50,-1774132.50,-0.960147262,-0.279494607,120.000,0.980768399,2014-01,annual,324.914900,46.000000,538.394775,17
greenland,greenland-outlets-v1,gate-03,70,-324547.50,-1774252.50,-0.960147262,-0.279494607,120.000,0.980773711,2014-01,annual,209.995926,45.000000,344.442688,18
greenland,greenland-outlets-v1,gate-03,71,-324547.50,-1774372.50,-0.960147262,-0.279494607,120.000,0.980779022,2014-01,annual,113.854657,34.000000,186.392303,20
greenland,greenland-outlets-v1,gate-03,72,-324547.50,-1774492.50,-0.960147262,-0.279494607,120.000,0.980784334,2014-01,annual,62.889340,33.000000,97.391159,20
greenland,greenland-outlets-v1,gate-03,73,-324427.50,-1774492.50,-0.960147262,-0.279494607,120.000,0.980783363,2014-01,annual,109.750494,31.000000,148.314911,20
greenland,greenland-outlets-v1,gate-03,74,-324427.50,-1774612.50,-0.960147262,-0.279494607,120.000,0.980788675,2014-01,annual,88.966034,28.000000,92.373039,21
greenland,greenland-outlets-v1,gate-03,75,-324427.50,-1774732.50,-0.960147262,-0.279494607,120.000,0.980793988,2014-01,annual,68.566114,38.000000,87.764694,23
greenland,greenland-outlets-v1,gate-03,76,-324427.50,-1774852.50,-0.960147262,-0.279494607,120.000,0.980799301,2014-01,annual,140.460736,102.000000,181.327209,12
greenland,greenland-outlets-v1,gate-03,77,-324307.50,-1774972.50,-0.960147262,-0.279494607,120.000,0.980803643,2014-01,annual,123.176927,218.000000,220.871338,4
greenland,greenland-outlets-v1,gate-03,78,-324307.50,-1775092.50,-0.960147262,-0.279494607,120.000,0.980808957,2014-01,annual,178.871289,207.000000,222.134735,4
greenland,greenland-outlets-v1,gate-03,79,-324307.50,-1775212.50,-0.960147262,-0.279494607,120.000,0.980814271,2014-01,annual,513.454361,103.000000,578.069092,10
greenland,greenland-outlets-v1,gate-03,80,-324187.50,-1775332.50,-0.960147262,-0.279494607,120.000,0.980818615,2014-01,annual,1209.216738,50.000000,1337.029053,17
greenland,greenland-outlets-v1,gate-03,81,-324187.50,-1775452.50,-0.960147262,-0.279494607,120.000,0.980823930,2014-01,annual,1436.740582,66.000000,1605.748535,12
greenland,greenland-outlets-v1,gate-03,82,-324187.50,-1775572.50,-0.960147262,-0.279494607,120.000,0.980829245,2014-01,annual,1596.636401,65.000000,1767.082031,12
greenland,greenland-outlets-v1,gate-03,83,-324187.50,-1775692.50,-0.960147262,-0.279494607,120.000,0.980834561,2014-01,annual,1658.280786,100.000000,1750.069214,9
greenland,greenland-outlets-v1,gate-03,84,-324067.50,-1775812.50,-0.960147262,-0.279494607,120.000,0.980838907,2014-01,annual,1311.588415,146.000000,1412.536499,3
greenland,greenland-outlets-v1,gate-03,85,-324067.50,-1775932.50,-0.960147262,-0.279494607,120.000,0.980844223,2014-01,annual,1760.077759,1167.000000,2053.715820,1
greenland,greenland-outlets-v1,gate-04,86,183652.50,-2727652.50,0.502097806,-0.864810843,120.000,1.034142090,2014-01,annual,-1.974549,2.000000,2.194446,73
greenland,greenland-outlets-v1,gate-04,87,183772.50,-2727532.50,0.502097806,-0.864810843,120.000,1.034134265,2014-01,annual,,,,0
greenland,greenland-outlets-v1,gate-04,88,183892.50,-2727532.50,0.502097806,-0.864810843,120.000,1.034134831,2014-01,annual,,,,0
greenland,greenland-outlets-v1,gate-04,89,183892.50,-2727412.50,0.502097806,-0.864810843,120.000,1.034126441,2014-01,annual,156.244041,12.000000,158.550476,1
greenland,greenland-outlets-v1,gate-04,90,184012.50,-2727412.50,0.502097806,-0.864810843,120.000,1.034127007,2014-01,annual,,,,0
greenland,greenland-outlets-v1,gate-04,91,185812.50,-2726332.50,0.502097806,-0.864810843,120.000,1.034060049,2014-01,annual,,,,0
greenland,greenland-outlets-v1,gate-04,92,185932.50,-2726212.50,0.502097806,-0.864810843,120.000,1.034052235,2014-01,annual,,,,0
greenland,greenland-outlets-v1,gate-04,93,186052.50,-2726212.50,0.502097806,-0.864810843,120.000,1.034052807,2014-01,annual,,,,0
greenland,greenland-outlets-v1,gate-04,94,186172.50,-2726092.50,0.502097806,-0.864810843,120.000,1.034044995,2014-01,annual,482.857389,299.000000,588.294006,1
greenland,greenland-outlets-v1,gate-04,95,186172.50,-2726092.50,0.502097806,-0.864810843,120.000,1.034044995,2014-01,annual,482.857389,299.000000,588.294006,1
greenland,greenland-outlets-v1,gate-04,96,186292.50,-2725972.50,0.502097806,-0.864810843,120.000,1.034037183,2014-01,annual,-34.254683,176.000000,219.667114,2
greenland,greenland-outlets-v1,gate-04,97,186412.50,-2725972.50,0.502097806,-0.864810843,120.000,1.034037756,2014-01,annual,-97.854298,89.000000,413.517731,6
greenland,greenland-outlets-v1,gate-04,98,186532.50,-2725852.50,0.502097806,-0.864810843,120.000,1.034029945,2014-01,annual,,,,0
greenland,greenland-outlets-v1,gate-04,99,186652.50,-2725852.50,0.502097806,-0.864810843,120.000,1.034030519,2014-01,annual,-59.995796,39.000000,516.891724,18
greenland,greenland-outlets-v1,gate-04,100,186772.50,-2725732.50,0.502097806,-0.864810843,120.000,1.034022709,2014-01,annual,-102.901197,37.000000,557.807495,20
greenland,greenland-outlets-v1,gate-04,101,186892.50,-2725732.50,0.502097806,-0.864810843,120.000,1.034023284,2014-01,annual,-81.375674,26.000000,451.042969,23
greenland,greenland-outlets-v1,gate-04,102,187012.50,-2725612.50,0.502097806,-0.864810843,120.000,1.034015475,2014-01,annual,-113.762875,22.000000,478.700500,24
greenland,greenland-outlets-v1,gate-04,103,187012.50,-2725612.50,0.502097806,-0.864810843,120.000,1.034015475,2014-01,annual,-113.762875,22.000000,478.700500,24
greenland,greenland-outlets-v1,gate-04,104,187132.50,-2725492.50,0.502097806,-0.864810843,120.000,1.034007667,2014-01,annual,-172.965826,25.000000,539.143616,23
greenland,greenland-outlets-v1,gate-04,105,187252.50,-2725492.50,0.502097806,-0.864810843,120.000,1.034008243,2014-01,annual,-173.351914,25.000000,502.004761,23
greenland,greenland-outlets-v1,gate-04,106,187372.50,-2725372.50,0.502097806,-0.864810843,120.000,1.034000436,2014-01,annual,-170.241807,25.000000,525.098877,23
greenland,greenland-outlets-v1,gate-04,107,187492.50,-2725372.50,0.502097806,-0.864810843,120.000,1.034001013,2014-01,annual,-155.340568,22.000000,480.181458,24
greenland,greenland-outlets-v1,gate-04,108,187612.50,-2725252.50,0.502097806,-0.864810843,120.000,1.033993207,2014-01,annual,-151.277464,25.000000,497.592560,23
greenland,greenland-outlets-v1,gate-04,109,187732.50,-2725252.50,0.502097806,-0.864810843,120.000,1.033993784,2014-01,annual,-170.125136,21.000000,460.507965,25
greenland,greenland-outlets-v1,gate-04,110,187732.50,-2725132.50,0.502097806,-0.864810843,120.000,1.033985402,2014-01,annual,-162.670923,22.000000,511.032501,25
greenland,greenland-outlets-v1,gate-04,111,187852.50,-2725132.50,0.502097806,-0.864810843,120.000,1.033985980,2014-01,annual,-165.164152,19.000000,462.678345,25
greenland,greenland-outlets-v1,gate-04,112,187972.50,-2725012.50,0.502097806,-0.864810843,120.000,1.033978176,2014-01,annual,-168.541887,20.000000,440.632843,24
greenland,greenland-outlets-v1,gate-04,113,188092.50,-2725012.50,0.502097806,-0.864810843,120.000,1.033978754,2014-01,annual,-175.692047,18.000000,409.115387,23
greenland,greenland-outlets-v1,gate-04,114,188212.50,-2724892.50,0.502097806,-0.864810843,120.000,1.033970952,2014-01,annual,-196.841580,20.000000,396.575378,20
greenland,greenland-outlets-v1,gate-04,115,188332.50,-2724892.50,0.502097806,-0.864810843,120.000,1.033971531,2014-01,annual,-190.562979,17.000000,376.987091,19
greenland,greenland-outlets-v1,gate-04,116,188452.50,-2724772.50,0.502097806,-0.864810843,120.000,1.033963730,2014-01,annual,-193.746116,23.000000,393.789459,16
greenland,greenland-outlets-v1,gate-05,117,494332.50,-2296372.50,0.931437169,-0.363902185,120.000,1.009226686,2014-01,annual,10420.353880,325.000000,10430.970703,9
greenland,greenland-outlets-v1,gate-05,118,495412.50,-2293612.50,0.931437169,-0.363902185,120.000,1.009079871,2014-01,annual,9565.890494,29.000000,9575.838867,26
greenland,greenland-outlets-v1,gate-05,119,495412.50,-2293492.50,0.931437169,-0.363902185,120.000,1.009072904,2014-01,annual,9503.842843,29.000000,9513.874023,26
greenland,greenland-outlets-v1,gate-05,120,495532.50,-2293372.50,0.931437169,-0.363902185,120.000,1.009067443,2014-01,annual,9458.724938,29.000000,9469.677734,26
greenland,greenland-outlets-v1,gate-05,121,495532.50,-2293252.50,0.931437169,-0.363902185,120.000,1.009060477,2014-01,annual,9432.514810,29.000000,9443.117188,25
greenland,greenland-outlets-v1,gate-05,122,495532.50,-2293132.50,0.931437169,-0.363902185,120.000,1.009053511,2014-01,annual,9376.595537,30.000000,9389.044922,26
greenland,greenland-outlets-v1,gate-05,123,495652.50,-2293012.50,0.931437169,-0.363902185,120.000,1.009048051,2014-01,annual,9139.510292,32.000000,9152.509766,25
greenland,greenland-outlets-v1,gate-05,124,495652.50,-2292892.50,0.931437169,-0.363902185,120.000,1.009041086,2014-01,annual,8807.663630,32.000000,8818.683594,22
greenland,greenland-outlets-v1,gate-05,125,495772.50,-2292772.50,0.931437169,-0.363902185,120.000,1.009035627,2014-01,annual,7638.316347,203.000000,7689.996094,14
greenland,greenland-outlets-v1,gate-05,126,495772.50,-2292772.50,0.931437169,-0.363902185,120.000,1.009035627,2014-01,annual,7638.316347,203.000000,7689.996094,14
greenland,greenland-outlets-v1,gate-05,127,495772.50,-2292652.50,0.931437169,-0.363902185,120.000,1.009028663,2014-01,annual,7137.321984,201.000000,7211.161621,14
greenland,greenland-outlets-v1,gate-05,128,495892.50,-2292532.50,0.931437169,-0.363902185,120.000,1.009023206,2014-01,annual,4720.155568,258.000000,4820.659180,13
greenland,greenland-outlets-v1,gate-05,129,495892.50,-2292412.50,0.931437169,-0.363902185,120.000,1.009016242,2014-01,annual,3346.587074,260.000000,3426.357666,14
greenland,greenland-outlets-v1,gate-05,130,495892.50,-2292292.50,0.931437169,-0.363902185,120.000,1.009009279,2014-01,annual,5049.745707,202.000000,5234.468262,16
greenland,greenland-outlets-v1,gate-05,131,496012.50,-2292172.50,0.931437169,-0.363902185,120.000,1.009003823,2014-01,annual,964.681417,268.000000,964.682312,14
greenland,greenland-outlets-v1,gate-05,132,496012.50,-2292052.50,0.931437169,-0.363902185,120.000,1.008996861,2014-01,annual,257.324437,33.000000,279.135437,18
greenland,greenland-outlets-v1,gate-05,133,496012.50,-2291932.50,0.931437169,-0.363902185,120.000,1.008989899,2014-01,annual,464.927365,86.000000,471.012573,21
greenland,greenland-outlets-v1,gate-05,134,496132.50,-2291812.50,0.931437169,-0.363902185,120.000,1.008984444,2014-01,annual,202.741582,15.000000,205.010834,26
greenland,greenland-outlets-v1,gate-05,135,496132.50,-2291692.50,0.931437169,-0.363902185,120.000,1.008977483,2014-01,annual,152.282408,11.000000,152.286591,37
greenland,greenland-outlets-v1,gate-05,136,496252.50,-2291572.50,0.931437169,-0.363902185,120.000,1.008972030,2014-01,annual,65.864782,8.000000,66.435371,47
greenland,greenland-outlets-v1,gate-05,137,496252.50,-2291452.50,0.931437169,-0.363902185,120.000,1.008965070,2014-01,annual,46.528564,6.000000,46.530064,74
greenland,greenland-outlets-v1,gate-05,138,496252.50,-2291332.50,0.931437169,-0.363902185,120.000,1.008958110,2014-01,annual,40.406805,3.000000,40.563946,124
greenland,greenland-outlets-v1,gate-05,139,496372.50,-2291212.50,0.931437169,-0.363902185,120.000,1.008952658,2014-01,annual,6.895734,1.000000,10.042505,277
greenland,greenland-outlets-v1,gate-05,140,496372.50,-2291212.50,0.931437169,-0.363902185,120.000,1.008952658,2014-01,annual,6.895734,1.000000,10.042505,277
greenland,greenland-outlets-v1,gate-05,141,496372.50,-2291092.50,0.931437169,-0.363902185,120.000,1.008945699,2014-01,annual,8.370449,1.000000,10.604292,335
greenland,greenland-outlets-v1,gate-05,142,496492.50,-2290972.50,0.931437169,-0.363902185,120.000,1.008940248,2014-01,annual,0.052122,1.000000,2.803462,449
greenland,greenland-outlets-v1,gate-05,143,496492.50,-2290852.50,0.931437169,-0.363902185,120.000,1.008933289,2014-01,annual,-1.701439,1.000000,3.514316,489
greenland,greenland-outlets-v1,gate-06,144,-328987.50,-1718692.50,-0.815309184,-0.579025850,120.000,0.978390724,2014-01,annual,-1.803228,2.000000,1.845438,87
greenland,greenland-outlets-v1,gate-06,145,-328987.50,-1718812.50,-0.815309184,-0.579025850,120.000,0.978395863,2014-01,annual,-3.192954,2.000000,3.384672,36
greenland,greenland-outlets-v1,gate-06,146,-328867.50,-1718932.50,-0.815309184,-0.579025850,120.000,0.978400019,2014-01,annual,-1.258722,323.000000,133.797028,5
greenland,greenland-outlets-v1,gate-06,147,-328747.50,-1718932.50,-0.815309184,-0.579025850,120.000,0.978399036,2014-01,annual,40.447922,317.000000,79.475204,6
greenland,greenland-outlets-v1,gate-06,148,-328747.50,-1719052.50,-0.815309184,-0.579025850,120.000,0.978404175,2014-01,annual,589.637926,296.000000,666.390991,5
greenland,greenland-outlets-v1,gate-06,149,-328627.50,-1719172.50,-0.815309184,-0.579025850,120.000,0.978408333,2014-01,annual,1127.586045,294.000000,1207.166626,6
greenland,greenland-outlets-v1,gate-06,150,-328627.50,-1719292.50,-0.815309184,-0.579025850,120.000,0.978413473,2014-01,annual,1056.725427,299.000000,1224.277222,5
greenland,greenland-outlets-v1,gate-06,151,-328507.50,-1719412.50,-0.815309184,-0.579025850,120.000,0.978417631,2014-01,annual,1398.559993,300.000000,1560.424683,5
greenland,greenland-outlets-v1,gate-06,152,-328507.50,-1719412.50,-0.815309184,-0.579025850,120.000,0.978417631,2014-01,annual,1398.559993,300.000000,1560.424683,5
greenland,greenland-outlets-v1,gate-06,153,-328387.50,-1719532.50,-0.815309184,-0.579025850,120.000,0.978421790,2014-01,annual,1407.415037,300.000000,1564.303101,5
greenland,greenland-outlets-v1,gate-06,154,-328267.50,-1719652.50,-0.815309184,-0.579025850,120.000,0.978425950,2014-01,annual,1997.351461,1672.000000,2107.011963,2
greenland,greenland-outlets-v1,gate-06,155,-328267.50,-1719772.50,-0.815309184,-0.579025850,120.000,0.978431092,2014-01,annual,2244.588785,1654.000000,2327.701172,2
greenland,greenland-outlets-v1,gate-06,156,-328147.50,-1719892.50,-0.815309184,-0.579025850,120.000,0.978435253,2014-01,annual,4048.362290,2196.000000,4048.547119,1
greenland,greenland-outlets-v1,gate-06,157,-328147.50,-1719892.50,-0.815309184,-0.579025850,120.000,0.978435253,2014-01,annual,4048.362290,2196.000000,4048.547119,1
greenland,greenland-outlets-v1,gate-06,158,-328027.50,-1720012.50,-0.815309184,-0.579025850,120.000,0.978439414,2014-01,annual,3052.025490,391.000000,3102.096436,3
greenland,greenland-outlets-v1,gate-06,159,-327907.50,-1720132.50,-0.815309184,-0.579025850,120.000,0.978443576,2014-01,annual,5441.716342,391.000000,5446.859863,3
greenland,greenland-outlets-v1,gate-06,160,-327907.50,-1720252.50,-0.815309184,-0.579025850,120.000,0.978448720,2014-01,annual,5100.377934,391.000000,5105.272461,3
greenland,greenland-outlets-v1,gate-06,161,-327787.50,-1720372.50,-0.815309184,-0.579025850,120.000,0.978452883,2014-01,annual,4148.739567,1081.000000,4335.338867,2
greenland,greenland-outlets-v1,gate-06,162,-327787.50,-1720492.50,-0.815309184,-0.579025850,120.000,0.978458027,2014-01,annual,5506.606081,1081.000000,5756.535156,2
greenland,greenland-outlets-v1,gate-06,163,-327667.50,-1720492.50,-0.815309184,-0.579025850,120.000,0.978457047,2014-01,annual,5468.523095,1076.000000,5627.338379,2
greenland,greenland-outlets-v1,gate-06,164,-327667.50,-1720612.50,-0.815309184,-0.579025850,120.000,0.978462192,2014-01,annual,4682.854090,1044.000000,4688.357910,2
greenland,greenland-outlets-v1,gate-06,165,-327547.50,-1720732.50,-0.815309184,-0.579025850,120.000,0.978466357,2014-01,annual,9094.549849,1056.000000,9106.640625,2
greenland,greenland-outlets-v1,gate-07,166,314812.50,-2575852.50,0.995898935,-0.090472708,120.000,1.024683918,2014-01,annual,11152.902865,163.000000,11190.619141,3
greenland,greenland-outlets-v1,gate-07,167,314812.50,-2575732.50,0.995898935,-0.090472708,120.000,1.024676032,2014-01,annual,11279.817204,163.000000,11316.155273,3
greenland,greenland-outlets-v1,gate-07,168,314812.50,-2575612.50,0.995898935,-0.090472708,120.000,1.024668146,2014-01,annual,8274.133668,2358.000000,8348.465820,2
greenland,greenland-outlets-v1,gate-07,169,314812.50,-2575492.50,0.995898935,-0.090472708,120.000,1.024660261,2014-01,annual,26.683469,23.000000,28.151949,14
greenland,greenland-outlets-v1,gate-08,170,-62947.50,-3181372.50,0.915217150,-0.402961001,120.000,1.068408715,2014-01,annual,0.181562,1.000000,0.285968,183
greenland,greenland-outlets-v1,gate-08,171,-62947.50,-3181252.50,0.915217150,-0.402961001,120.000,1.068398764,2014-01,annual,1.296296,1.000000,1.750027,183
greenland,greenland-outlets-v1,gate-08,172,-62827.50,-3181132.50,0.915217150,-0.402961001,120.000,1.068388618,2014-01,annual,0.790463,1.000000,1.128351,207
greenland,greenland-outlets-v1,gate-08,173,-62827.50,-3181012.50,0.915217150,-0.402961001,120.000,1.068378668,2014-01,annual,1.579844,1.000000,1.631134,175
greenland,greenland-outlets-v1,gate-08,174,-62707.50,-3180892.50,0.915217150,-0.402961001,120.000,1.068368523,2014-01,annual,-0.433888,1.000000,1.023883,189
greenland,greenland-outlets-v1,gate-08,175,-62707.50,-3180772.50,0.915217150,-0.402961001,120.000,1.068358574,2014-01,annual,-0.534513,1.000000,1.531089,180
greenland,greenland-outlets-v1,gate-08,176,-62707.50,-3180652.50,0.915217150,-0.402961001,120.000,1.068348625,2014-01,annual,0.019314,1.000000,2.623747,178
greenland,greenland-outlets-v1,gate-08,177,-62107.50,-3179452.50,0.915217150,-0.402961001,120.000,1.068248190,2014-01,annual,23.438396,4.000000,32.425594,57
greenland,greenland-outlets-v1,gate-08,178,-62107.50,-3179332.50,0.915217150,-0.402961001,120.000,1.068238246,2014-01,annual,25.749970,6.000000,47.120754,49
greenland,greenland-outlets-v1,gate-08,179,-61987.50,-3179212.50,0.915217150,-0.402961001,120.000,1.068228109,2014-01,annual,34.506348,5.000000,44.854637,42
greenland,greenland-outlets-v1,gate-08,180,-61987.50,-3179212.50,0.915217150,-0.402961001,120.000,1.068228109,2014-01,annual,34.506348,5.000000,44.854637,42
greenland,greenland-outlets-v1,gate-08,181,-61987.50,-3179092.50,0.915217150,-0.402961001,120.000,1.068218166,2014-01,annual,,,,0
greenland,greenland-outlets-v1,gate-08,182,-61867.50,-3178972.50,0.915217150,-0.402961001,120.000,1.068208030,2014-01,annual,,,,0
greenland,greenland-outlets-v1,gate-08,183,-61867.50,-3178852.50,0.915217150,-0.402961001,120.000,1.068198088,2014-01,annual,-333.624027,23.000000,345.991211,4
greenland,greenland-outlets-v1,gate-08,184,-61747.50,-3178732.50,0.915217150,-0.402961001,120.000,1.068187953,2014-01,annual,-434.115319,21.000000,456.340851,4
greenland,greenland-outlets-v1,gate-08,185,-61747.50,-3178612.50,0.915217150,-0.402961001,120.000,1.068178012,2014-01,annual,-293.780774,21.000000,324.803864,4
greenland,greenland-outlets-v1,gate-08,186,-61747.50,-3178492.50,0.915217150,-0.402961001,120.000,1.068168071,2014-01,annual,,,,0
greenland,greenland-outlets-v1,gate-08,187,-61627.50,-3178372.50,0.915217150,-0.402961001,120.000,1.068157938,2014-01,annual,-2.369660,2.000000,2.469300,40
greenland,greenland-outlets-v1,gate-09,188,191212.50,-2757412.50,0.391380699,0.920228856,120.000,1.036271676,2014-01,annual,1291.513136,1565.000000,1292.699463,2
greenland,greenland-outlets-v1,gate-09,189,191092.50,-2757412.50,0.391380699,0.920228856,120.000,1.036271088,2014-01,annual,884.239278,1535.000000,900.865601,2
greenland,greenland-outlets-v1,gate-09,190,190972.50,-2757412.50,0.391380699,0.920228856,120.000,1.036270500,2014-01,annual,,,,0
greenland,greenland-outlets-v1,gate-09,191,190852.50,-2757292.50,0.391380699,0.920228856,120.000,1.036261421,2014-01,annual,,,,0
greenland,greenland-outlets-v1,gate-09,192,190732.50,-2757292.50,0.391380699,0.920228856,120.000,1.036260834,2014-01,annual,,,,0
greenland,greenland-outlets-v1,gate-09,193,190732.50,-2757172.50,0.391380699,0.920228856,120.000,1.036252344,2014-01,annual,10392.472484,2122.000000,10454.862305,1
greenland,greenland-outlets-v1,gate-09,194,190612.50,-2757172.50,0.391380699,0.920228856,120.000,1.036251756,2014-01,annual,10866.518880,2126.000000,10947.047852,1
greenland,greenland-outlets-v1,gate-09,195,190492.50,-2757172.50,0.391380699,0.920228856,120.000,1.036251170,2014-01,annual,11229.351855,2124.000000,11303.826172,1
greenland,greenland-outlets-v1,gate-09,196,190372.50,-2757052.50,0.391380699,0.920228856,120.000,1.036242094,2014-01,annual,11188.269586,2127.000000,11273.834961,1
greenland,greenland-outlets-v1,gate-09,197,190252.50,-2757052.50,0.391380699,0.920228856,120.000,1.036241507,2014-01,annual,10899.944051,2137.000000,11042.193359,1
greenland,greenland-outlets-v1,gate-09,198,190132.50,-2756932.50,0.391380699,0.920228856,120.000,1.036232433,2014-01,annual,10856.705272,2137.000000,10997.512695,1
greenland,greenland-outlets-v1,gate-09,199,190012.50,-2756932.50,0.391380699,0.920228856,120.000,1.036231847,2014-01,annual,8260.901209,70.000000,8441.015625,2
greenland,greenland-outlets-v1,gate-09,200,189892.50,-2756932.50,0.391380699,0.920228856,120.000,1.036231262,2014-01,annual,8010.067561,70.000000,8326.892578,2
greenland,greenland-outlets-v1,gate-10,201,-244747.50,-2776372.50,-0.883452245,0.468521218,120.000,1.037917946,2014-01,annual,-0.191023,2.000000,1.441537,57
greenland,greenland-outlets-v1,gate-10,202,-244747.50,-2776492.50,-0.883452245,0.468521218,120.000,1.037926502,2014-01,annual,-0.631397,1.000000,1.112286,100
greenland,greenland-outlets-v1,gate-10,203,-244747.50,-2776612.50,-0.883452245,0.468521218,120.000,1.037935059,2014-01,annual,-0.325451,1.000000,0.871193,129
greenland,greenland-outlets-v1,gate-10,204,-244867.50,-2776732.50,-0.883452245,0.468521218,120.000,1.037944370,2014-01,annual,4984.733774,170.000000,4998.974121,8
greenland,greenland-outlets-v1,gate-10,205,-244867.50,-2776732.50,-0.883452245,0.468521218,120.000,1.037944370,2014-01,annual,4984.733774,170.000000,4998.974121,8
greenland,greenland-outlets-v1,gate-10,206,-244987.50,-2776852.50,-0.883452245,0.468521218,120.000,1.037953683,2014-01,annual,3530.540726,177.000000,3786.281494,7
greenland,greenland-outlets-v1,gate-10,207,-244987.50,-2776972.50,-0.883452245,0.468521218,120.000,1.037962240,2014-01,annual,5339.704663,158.000000,5351.061035,9
greenland,greenland-outlets-v1,gate-10,208,-245107.50,-2777092.50,-0.883452245,0.468521218,120.000,1.037971554,2014-01,annual,5389.354827,230.000000,5418.751465,6
greenland,greenland-outlets-v1,gate-10,209,-245107.50,-2777212.50,-0.883452245,0.468521218,120.000,1.037980113,2014-01,annual,5792.740843,238.000000,5817.032715,5
greenland,greenland-outlets-v1,gate-10,210,-245227.50,-2777332.50,-0.883452245,0.468521218,120.000,1.037989427,2014-01,annual,,,,0
greenland,greenland-outlets-v1,gate-10,211,-245227.50,-2777452.50,-0.883452245,0.468521218,120.000,1.037997987,2014-01,annual,,,,0
greenland,greenland-outlets-v1,gate-10,212,-245347.50,-2777572.50,-0.883452245,0.468521218,120.000,1.038007303,2014-01,annual,,,,0
greenland,greenland-outlets-v1,gate-10,213,-245347.50,-2777572.50,-0.883452245,0.468521218,120.000,1.038007303,2014-01,annual,,,,0
greenland,greenland-outlets-v1,gate-10,214,-245467.50,-2777692.50,-0.883452245,0.468521218,120.000,1.038016620,2014-01,annual,,,,0
greenland,greenland-outlets-v1,gate-10,215,-245467.50,-2777812.50,-0.883452245,0.468521218,120.000,1.038025180,2014-01,annual,12164.931428,393.000000,12176.008789,2
greenland,greenland-outlets-v1,gate-10,216,-245587.50,-2778052.50,-0.883452245,0.468521218,120.000,1.038043060,2014-01,annual,12840.609375,357.000000,12852.900391,3
greenland,greenland-outlets-v1,gate-10,217,-245587.50,-2778172.50,-0.883452245,0.468521218,120.000,1.038051622,2014-01,annual,12813.607977,357.000000,12827.497070,3
greenland,greenland-outlets-v1,gate-10,218,-245707.50,-2778292.50,-0.883452245,0.468521218,120.000,1.038060942,2014-01,annual,12642.613890,357.000000,12652.827148,3
greenland,greenland-outlets-v1,gate-10,219,-245707.50,-2778412.50,-0.883452245,0.468521218,120.000,1.038069504,2014-01,annual,12783.576429,357.000000,12793.479492,3
greenland,greenland-outlets-v1,gate-10,220,-245827.50,-2778532.50,-0.883452245,0.468521218,120.000,1.038078825,2014-01,annual,12752.796976,357.000000,12760.982422,3
greenland,greenland-outlets-v1,gate-10,221,-245827.50,-2778532.50,-0.883452245,0.468521218,120.000,1.038078825,2014-01,annual,12752.796976,357.000000,12760.982422,3
greenland,greenland-outlets-v1,gate-10,222,-245947.50,-2778652.50,-0.883452245,0.468521218,120.000,1.038088147,2014-01,annual,12917.240670,633.000000,12931.225586,2
greenland,greenland-outlets-v1,gate-10,223,-245947.50,-2778772.50,-0.883452245,0.468521218,120.000,1.038096711,2014-01,annual,12853.242655,634.000000,12870.704102,2
greenland,greenland-outlets-v1,gate-10,224,-246067.50,-2778892.50,-0.883452245,0.468521218,120.000,1.038106033,2014-01,annual,12806.215056,357.000000,12814.603516,3
greenland,greenland-outlets-v1,gate-10,225,-246067.50,-2779012.50,-0.883452245,0.468521218,120.000,1.038114598,2014-01,annual,12698.499081,357.000000,12707.833984,3
greenland,greenland-outlets-v1,gate-10,226,-246187.50,-2779132.50,-0.883452245,0.468521218,120.000,1.038123922,2014-01,annual,12728.967929,357.000000,12737.031250,3
greenland,greenland-outlets-v1,gate-10,227,-246187.50,-2779252.50,-0.883452245,0.468521218,120.000,1.038132488,2014-01,annual,12126.451788,393.000000,12133.914062,2
greenland,greenland-outlets-v1,gate-10,228,-246307.50,-2779372.50,-0.883452245,0.468521218,120.000,1.038141813,2014-01,annual,12296.945614,393.000000,12300.634766,2
greenland,greenland-outlets-v1,gate-10,229,-246307.50,-2779372.50,-0.883452245,0.468521218,120.000,1.038141813,2014-01,annual,12296.945614,393.000000,12300.634766,2
greenland,greenland-outlets-v1,gate-10,230,-246427.50,-2779492.50,-0.883452245,0.468521218,120.000,1.038151139,2014-01,annual,12624.470717,393.000000,12629.529297,2
greenland,greenland-outlets-v1,gate-10,231,-246427.50,-2779612.50,-0.883452245,0.468521218,120.000,1.038159705,2014-01,annual,9528.664446,950.000000,9528.879883,1
greenland,greenland-outlets-v1,gate-10,232,-246427.50,-2779732.50,-0.883452245,0.468521218,120.000,1.038168273,2014-01,annual,6369.282328,947.000000,6370.270508,1
greenland,greenland-outlets-v1,gate-10,233,-246547.50,-2779852.50,-0.883452245,0.468521218,120.000,1.038177600,2014-01,annual,2236.066304,628.000000,2239.316895,2
greenland,greenland-outlets-v1,gate-10,234,-246547.50,-2779972.50,-0.883452245,0.468521218,120.000,1.038186168,2014-01,annual,1336.602818,635.000000,1341.150269,2
greenland,greenland-outlets-v1,gate-10,235,-246667.50,-2780092.50,-0.883452245,0.468521218,120.000,1.038195497,2014-01,annual,491.217680,630.000000,491.254547,2
greenland,greenland-outlets-v1,gate-10,236,-246667.50,-2780212.50,-0.883452245,0.468521218,120.000,1.038204066,2014-01,annual,-1.076121,6.000000,1.141707,7
greenland,greenland-outlets-v1,gate-10,237,-246787.50,-2780332.50,-0.883452245,0.468521218,120.000,1.038213396,2014-01,annual,-2.735002,2.000000,4.601285,76
greenland,greenland-outlets-v1,gate-10,238,-246787.50,-2780332.50,-0.883452245,0.468521218,120.000,1.038213396,2014-01,annual,-2.735002,2.000000,4.601285,76
greenland,greenland-outlets-v1,gate-11,239,664252.50,-2270332.50,0.832079762,-0.554655993,120.000,1.010213585,2014-01,annual,0.757668,1.000000,1.635217,123
greenland,greenland-outlets-v1,gate-11,240,664372.50,-2270212.50,0.832079762,-0.554655993,120.000,1.010208704,2014-01,annual,-2.160900,1.000000,2.745942,157
greenland,greenland-outlets-v1,gate-11,241,664372.50,-2270092.50,0.832079762,-0.554655993,120.000,1.010201804,2014-01,annual,-1.932473,1.000000,2.180406,184
greenland,greenland-outlets-v1,gate-11,242,664492.50,-2269972.50,0.832079762,-0.554655993,120.000,1.010196924,2014-01,annual,-1.682991,1.000000,2.031666,230
greenland,greenland-outlets-v1,gate-11,243,664852.50,-2269372.50,0.832079762,-0.554655993,120.000,1.010168494,2014-01,annual,-1.058834,1.000000,1.520498,88
greenland,greenland-outlets-v1,gate-11,244,664972.50,-2269252.50,0.832079762,-0.554655993,120.000,1.010163618,2014-01,annual,-0.677706,2.000000,1.252298,52
greenland,greenland-outlets-v1,gate-11,245,664972.50,-2269252.50,0.832079762,-0.554655993,120.000,1.010163618,2014-01,annual,-0.677706,2.000000,1.252298,52
greenland,greenland-outlets-v1,gate-11,246,665092.50,-2269132.50,0.832079762,-0.554655993,120.000,1.010158742,2014-01,annual,-1.462341,1.000000,2.937745,72
greenland,greenland-outlets-v1,gate-11,247,665092.50,-2269012.50,0.832079762,-0.554655993,120.000,1.010151846,2014-01,annual,-0.230690,1.000000,2.099433,115
greenland,greenland-outlets-v1,gate-11,248,665212.50,-2268892.50,0.832079762,-0.554655993,120.000,1.010146972,2014-01,annual,,,,0
greenland,greenland-outlets-v1,gate-11,249,665212.50,-2268772.50,0.832079762,-0.554655993,120.000,1.010140076,2014-01,annual,,,,0
greenland,greenland-outlets-v1,gate-11,250,665332.50,-2268652.50,0.832079762,-0.554655993,120.000,1.010135203,2014-01,annual,,,,0
greenland,greenland-outlets-v1,gate-11,251,665452.50,-2268652.50,0.832079762,-0.554655993,120.000,1.010137225,2014-01,annual,,,,0
greenland,greenland-outlets-v1,gate-11,252,665452.50,-2268532.50,0.832079762,-0.554655993,120.000,1.010130331,2014-01,annual,,,,0
greenland,greenland-outlets-v1,gate-11,253,665572.50,-2268412.50,0.832079762,-0.554655993,120.000,1.010125459,2014-01,annual,10320.727209,1488.000000,10351.340820,1
greenland,greenland-outlets-v1,gate-11,254,665572.50,-2268292.50,0.832079762,-0.554655993,120.000,1.010118565,2014-01,annual,,,,0
greenland,greenland-outlets-v1,gate-11,255,665692.50,-2268172.50,0.832079762,-0.554655993,120.000,1.010113694,2014-01,annual,10115.703876,1489.000000,10144.764648,1
greenland,greenland-outlets-v1,gate-11,256,665692.50,-2268052.50,0.832079762,-0.554655993,120.000,1.010106801,2014-01,annual,,,,0
greenland,greenland-outlets-v1,gate-11,257,665812.50,-2268052.50,0.832079762,-0.554655993,120.000,1.010108825,2014-01,annual,10369.450208,1522.000000,10377.191406,1
greenland,greenland-outlets-v1,gate-11,258,665812.50,-2267932.50,0.832079762,-0.554655993,120.000,1.010101932,2014-01,annual,,,,0
greenland,greenland-outlets-v1,gate-11,259,665932.50,-2267812.50,0.832079762,-0.554655993,120.000,1.010097063,2014-01,annual,,,,0
greenland,greenland-outlets-v1,gate-11,260,666172.50,-2267452.50,0.832079762,-0.554655993,120.000,1.010080436,2014-01,annual,,,,0
greenland,greenland-outlets-v1,gate-12,261,-260587.50,-1980172.50,-0.687258612,-0.726412830,120.000,0.989972154,2014-01,annual,836.218605,1560.000000,838.007080,1
greenland,greenland-outlets-v1,gate-12,262,-260467.50,-1980292.50,-0.687258612,-0.726412830,120.000,0.989977327,2014-01,annual,9013.969822,101.000000,9105.239258,11
greenland,greenland-outlets-v1,gate-12,263,-260347.50,-1980292.50,-0.687258612,-0.726412830,120.000,0.989976544,2014-01,annual,9311.048894,101.000000,9403.128906,11
greenland,greenland-outlets-v1,gate-12,264,-260347.50,-1980412.50,-0.687258612,-0.726412830,120.000,0.989982500,2014-01,annual,9300.975332,101.000000,9395.576172,11
greenland,greenland-outlets-v1,gate-12,265,-260227.50,-1980532.50,-0.687258612,-0.726412830,120.000,0.989987675,2014-01,annual,8157.214399,101.000000,8258.720703,11
greenland,greenland-outlets-v1,gate-12,266,-260107.50,-1980532.50,-0.687258612,-0.726412830,120.000,0.989986892,2014-01,annual,8959.645870,103.000000,9042.419922,10
greenland,greenland-outlets-v1,gate-12,267,-259987.50,-1980652.50,-0.687258612,-0.726412830,120.000,0.989992067,2014-01,annual,9271.311594,103.000000,9340.694336,10
greenland,greenland-outlets-v1,gate-12,268,-259987.50,-1980772.50,-0.687258612,-0.726412830,120.000,0.989998025,2014-01,annual,9377.204501,101.000000,9453.981445,11
greenland,greenland-outlets-v1,gate-12,269,-259867.50,-1980772.50,-0.687258612,-0.726412830,120.000,0.989997244,2014-01,annual,9412.688396,101.000000,9486.516602,11
greenland,greenland-outlets-v1,gate-12,270,-259747.50,-1980892.50,-0.687258612,-0.726412830,120.000,0.990002420,2014-01,annual,9334.274571,103.000000,9392.846680,10
greenland,greenland-outlets-v1,gate-12,271,-259747.50,-1981012.50,-0.687258612,-0.726412830,120.000,0.990008379,2014-01,annual,9341.847848,103.000000,9403.063477,10
greenland,greenland-outlets-v1,gate-12,272,-259627.50,-1981132.50,-0.687258612,-0.726412830,120.000,0.990013557,2014-01,annual,9380.845938,103.000000,9432.083008,10
greenland,greenland-outlets-v1,gate-12,273,-259507.50,-1981132.50,-0.687258612,-0.726412830,120.000,0.990012776,2014-01,annual,9357.819607,103.000000,9400.708984,10
greenland,greenland-outlets-v1,gate-12,274,-259387.50,-1981252.50,-0.687258612,-0.726412830,120.000,0.990017955,2014-01,annual,9785.463944,161.000000,9822.808594,8
greenland,greenland-outlets-v1,gate-12,275,-259387.50,-1981372.50,-0.687258612,-0.726412830,120.000,0.990023915,2014-01,annual,8938.175649,317.000000,8954.430664,3
greenland,greenland-outlets-v1,gate-12,276,-259267.50,-1981372.50,-0.687258612,-0.726412830,120.000,0.990023135,2014-01,annual,8422.476573,318.000000,8423.756836,3
greenland,greenland-outlets-v1,gate-12,277,-259147.50,-1981492.50,-0.687258612,-0.726412830,120.000,0.990028316,2014-01,annual,8227.758156,318.000000,8227.791992,3
greenland,greenland-outlets-v1,gate-12,278,-259027.50,-1981612.50,-0.687258612,-0.726412830,120.000,0.990033497,2014-01,annual,8001.017117,318.000000,8001.414551,3
greenland,greenland-outlets-v1,gate-12,279,-259027.50,-1981612.50,-0.687258612,-0.726412830,120.000,0.990033497,2014-01,annual,8001.017117,318.000000,8001.414551,3
greenland,greenland-outlets-v1,gate-12,280,-258907.50,-1981732.50,-0.687258612,-0.726412830,120.000,0.990038679,2014-01,annual,8047.325366,349.000000,8047.856934,2
greenland,greenland-outlets-v1,gate-12,281,-258787.50,-1981852.50,-0.687258612,-0.726412830,120.000,0.990043862,2014-01,annual,,,,0
greenland,greenland-outlets-v1,gate-12,282,-258787.50,-1981852.50,-0.687258612,-0.726412830,120.000,0.990043862,2014-01,annual,,,,0
greenland,greenland-outlets-v1,gate-12,283,-258667.50,-1981972.50,-0.687258612,-0.726412830,120.000,0.990049045,2014-01,annual,,,,0
greenland,greenland-outlets-v1,gate-12,284,-258547.50,-1982092.50,-0.687258612,-0.726412830,120.000,0.990054229,2014-01,annual,1.124614,1.000000,1.142731,123
greenland,greenland-outlets-v1,gate-12,285,-258427.50,-1982092.50,-0.687258612,-0.726412830,120.000,0.990053452,2014-01,annual,0.661080,1.000000,0.765949,129
greenland,greenland-outlets-v1,gate-01,0,-167827.50,-3142852.50,-0.139044586,0.990286122,120.000,1.065551284,2015-01,annual,37.336461,1.000000,92.882782,430
greenland,greenland-outlets-v1,gate-01,1,-167947.50,-3142852.50,-0.139044586,0.990286122,120.000,1.065551809,2015-01,annual,35.791396,1.000000,89.884171,430
greenland,greenland-outlets-v1,gate-01,2,-168067.50,-3142852.50,-0.139044586,0.990286122,120.000,1.065552334,2015-01,annual,34.876251,1.000000,88.407692,432
greenland,greenland-outlets-v1,gate-01,3,-168187.50,-3142852.50,-0.139044586,0.990286122,120.000,1.065552859,2015-01,annual,33.193864,1.000000,86.912529,434
greenland,greenland-outlets-v1,gate-01,4,-168307.50,-3142852.50,-0.139044586,0.990286122,120.000,1.065553384,2015-01,annual,29.270844,1.000000,83.524986,417
greenland,greenland-outlets-v1,gate-01,5,-168427.50,-3142852.50,-0.139044586,0.990286122,120.000,1.065553910,2015-01,annual,23.679753,1.000000,79.616035,426
greenland,greenland-outlets-v1,gate-01,6,-168547.50,-3142852.50,-0.139044586,0.990286122,120.000,1.065554436,2015-01,annual,21.373903,1.000000,79.854431,431
greenland,greenland-outlets-v1,gate-01,7,-168667.50,-3142852.50,-0.139044586,0.990286122,120.000,1.065554963,2015-01,annual,19.026661,1.000000,76.769821,433
greenland,greenland-outlets-v1,gate-01,8,-168787.50,-3142972.50,-0.139044586,0.990286122,120.000,1.065565307,2015-01,annual,14.494067,1.000000,67.714149,425
greenland,greenland-outlets-v1,gate-01,9,-168907.50,-3142972.50,-0.139044586,0.990286122,120.000,1.065565834,2015-01,annual,13.112441,1.000000,64.857025,430
greenland,greenland-outlets-v1,gate-01,10,-169027.50,-3142972.50,-0.139044586,0.990286122,120.000,1.065566362,2015-01,annual,13.186415,1.000000,64.305801,444
greenland,greenland-outlets-v1,gate-01,11,-169147.50,-3142972.50,-0.139044586,0.990286122,120.000,1.065566890,2015-01,annual,13.353596,1.000000,64.403893,449
greenland,greenland-outlets-v1,gate-01,12,-169267.50,-3142972.50,-0.139044586,0.990286122,120.000,1.065567419,2015-01,annual,12.938102,1.000000,63.680424,458
greenland,greenland-outlets-v1,gate-01,13,-169387.50,-3142972.50,-0.139044586,0.990286122,120.000,1.065567948,2015-01,annual,11.875925,1.000000,61.571445,455
greenland,greenland-outlets-v1,gate-01,14,-169507.50,-3142972.50,-0.139044586,0.990286122,120.000,1.065568477,2015-01,annual,12.299811,1.000000,59.127796,448
greenland,greenland-outlets-v1,gate-01,15,-169627.50,-3143092.50,-0.139044586,0.990286122,120.000,1.065578824,2015-01,annual,9.352915,1.000000,47.758774,419
greenland,greenland-outlets-v1,gate-01,16,-169747.50,-3143092.50,-0.139044586,0.990286122,120.000,1.065579354,2015-01,annual,9.050770,1.000000,46.226051,415
greenland,greenland-outlets-v1,gate-01,17,-169867.50,-3143092.50,-0.139044586,0.990286122,120.000,1.065579884,2015-01,annual,8.109781,1.000000,43.354153,414
greenland,greenland-outlets-v1,gate-01,18,-169987.50,-3143092.50,-0.139044586,0.990286122,120.000,1.065580415,2015-01,annual,8.340969,1.000000,39.461018,417
greenland,greenland-outlets-v1,gate-01,19,-170107.50,-3143092.50,-0.139044586,0.990286122,120.000,1.065580946,2015-01,annual,8.080272,1.000000,39.584084,417
greenland,greenland-outlets-v1,gate-01,20,-170227.50,-3143092.50,-0.139044586,0.990286122,120.000,1.065581478,2015-01,annual,7.839525,1.000000,38.630863,409
greenland,greenland-outlets-v1,gate-01,21,-170347.50,-3143092.50,-0.139044586,0.990286122,120.000,1.065582010,2015-01,annual,6.934574,1.000000,39.410530,401
greenland,greenland-outlets-v1,gate-01,22,-170467.50,-3143212.50,-0.139044586,0.990286122,120.000,1.065592360,2015-01,annual,8693.503514,180.000000,9452.325195,2
greenland,greenland-outlets-v1,gate-01,23,-170587.50,-3143212.50,-0.139044586,0.990286122,120.000,1.065592893,2015-01,annual,12096.462089,181.000000,12096.515625,2
greenland,greenland-outlets-v1,gate-01,24,-170707.50,-3143212.50,-0.139044586,0.990286122,120.000,1.065593426,2015-01,annual,14235.297455,149.000000,14534.161133,3
greenland,greenland-outlets-v1,gate-01,25,-170827.50,-3143212.50,-0.139044586,0.990286122,120.000,1.065593959,2015-01,annual,17337.243906,150.000000,17337.244141,3
greenland,greenland-outlets-v1,gate-01,26,-170947.50,-3143212.50,-0.139044586,0.990286122,120.000,1.065594493,2015-01,annual,3.569030,1.000000,16.440050,316
greenland,greenland-outlets-v1,gate-01,27,-171067.50,-3143212.50,-0.139044586,0.990286122,120.000,1.065595027,2015-01,annual,2.395792,1.000000,14.141686,314
greenland,greenland-outlets-v1,gate-01,28,-171187.50,-3143212.50,-0.139044586,0.990286122,120.000,1.065595561,2015-01,annual,0.104130,1.000000,15.421353,321
greenland,greenland-outlets-v1,gate-01,29,-172387.50,-3143452.50,-0.139044586,0.990286122,120.000,1.065620564,2015-01,annual,-0.512588,1.000000,7.151578,342
greenland,greenland-outlets-v1,gate-01,30,-172507.50,-3143452.50,-0.139044586,0.990286122,120.000,1.065621103,2015-01,annual,1.414822,1.000000,5.600770,327
greenland,greenland-outlets-v1,gate-01,31,-172627.50,-3143452.50,-0.139044586,0.990286122,120.000,1.065621642,2015-01,annual,2.507540,1.000000,3.381711,316
greenland,greenland-outlets-v1,gate-01,32,-172747.50,-3143452.50,-0.139044586,0.990286122,120.000,1.065622181,2015-01,annual,2.622583,1.000000,4.448915,310
greenland,greenland-outlets-v1,gate-01,33,-172867.50,-3143452.50,-0.139044586,0.990286122,120.000,1.065622721,2015-01,annual,2.838282,1.000000,3.113097,318
greenland,greenland-outlets-v1,gate-02,34,-196387.50,-2272852.50,-0.999160466,0.040967840,120.000,1.005265518,2015-01,annual,15365.908020,536.000000,15365.908203,21
greenland,greenland-outlets-v1,gate-02,35,-196387.50,-2272972.50,-0.999160466,0.040967840,120.000,1.005272409,2015-01,annual,13944.220095,817.000000,13944.247070,17
greenland,greenland-outlets-v1,gate-02,36,-196387.50,-2273092.50,-0.999160466,0.040967840,120.000,1.005279300,2015-01,annual,13792.974142,845.000000,13793.851562,15
greenland,greenland-outlets-v1,gate-02,37,-196387.50,-2273212.50,-0.999160466,0.040967840,120.000,1.005286191,2015-01,annual,13704.397765,978.000000,13707.152344,13
greenland,greenland-outlets-v1,gate-02,38,-196387.50,-2273332.50,-0.999160466,0.040967840,120.000,1.005293083,2015-01,annual,13619.450263,1141.000000,13621.434570,11
greenland,greenland-outlets-v1,gate-02,39,-196387.50,-2273452.50,-0.999160466,0.040967840,120.000,1.005299976,2015-01,annual,13567.422283,1082.000000,13573.647461,11
greenland,greenland-outlets-v1,gate-02,40,-196387.50,-2273572.50,-0.999160466,0.040967840,120.000,1.005306868,2015-01,annual,13282.260950,1082.000000,13291.066406,10
greenland,greenland-outlets-v1,gate-02,41,-196387.50,-2273692.50,-0.999160466,0.040967840,120.000,1.005313762,2015-01,annual,12507.470887,1142.000000,12513.642578,9
greenland,greenland-outlets-v1,gate-02,42,-196387.50,-2273812.50,-0.999160466,0.040967840,120.000,1.005320655,2015-01,annual,11935.077145,1165.000000,11938.104492,8
greenland,greenland-outlets-v1,gate-02,43,-196387.50,-2273932.50,-0.999160466,0.040967840,120.000,1.005327549,2015-01,annual,11874.972427,810.000000,11882.415039,10
greenland,greenland-outlets-v1,gate-02,44,-196387.50,-2274052.50,-0.999160466,0.040967840,120.000,1.005334443,2015-01,annual,10670.326652,765.000000,10677.199219,10
greenland,greenland-outlets-v1,gate-02,45,-196387.50,-2274172.50,-0.999160466,0.040967840,120.000,1.005341338,2015-01,annual,10409.472305,802.000000,10423.981445,9
greenland,greenland-outlets-v1,gate-02,46,-196387.50,-2274292.50,-0.999160466,0.040967840,120.000,1.005348233,2015-01,annual,14597.964112,548.000000,14701.671875,7
greenland,greenland-outlets-v1,gate-02,47,-196507.50,-2274412.50,-0.999160466,0.040967840,120.000,1.005355724,2015-01,annual,2589.536771,1317.000000,2671.007812,4
greenland,greenland-outlets-v1,gate-02,48,-196507.50,-2274532.50,-0.999160466,0.040967840,120.000,1.005362620,2015-01,annual,1692.828246,1393.000000,1798.402222,2
greenland,greenland-outlets-v1,gate-02,49,-196507.50,-2274652.50,-0.999160466,0.040967840,120.000,1.005369516,2015-01,annual,-42.970056,285.000000,137.698822,1
greenland,greenland-outlets-v1,gate-02,50,-196507.50,-2274772.50,-0.999160466,0.040967840,120.000,1.005376413,2015-01,annual,-139.131716,231.000000,1488.991577,3
greenland,greenland-outlets-v1,gate-02,51,-196507.50,-2274892.50,-0.999160466,0.040967840,120.000,1.005383310,2015-01,annual,11113.059388,691.000000,12746.321289,10
greenland,greenland-outlets-v1,gate-02,52,-196507.50,-2275012.50,-0.999160466,0.040967840,120.000,1.005390207,2015-01,annual,10387.125697,345.000000,12012.511719,16
greenland,greenland-outlets-v1,gate-02,53,-196507.50,-2275132.50,-0.999160466,0.040967840,120.000,1.005397105,2015-01,annual,11189.596985,340.000000,12870.266602,19
greenland,greenland-outlets-v1,gate-02,54,-196507.50,-2275252.50,-0.999160466,0.040967840,120.000,1.005404003,2015-01,annual,11477.168078,338.000000,13171.051758,20
greenland,greenland-outlets-v1,gate-02,55,-196507.50,-2275372.50,-0.999160466,0.040967840,120.000,1.005410901,2015-01,annual,9826.964262,292.000000,11684.953125,22
greenland,greenland-outlets-v1,gate-02,56,-196507.50,-2275492.50,-0.999160466,0.040967840,120.000,1.005417800,2015-01,annual,9707.537228,294.000000,11528.944336,21
greenland,greenland-outlets-v1,gate-02,57,-196507.50,-2275612.50,-0.999160466,0.040967840,120.000,1.005424700,2015-01,annual,9014.707405,52.000000,10785.979492,21
greenland,greenland-outlets-v1,gate-02,58,-196507.50,-2275732.50,-0.999160466,0.040967840,120.000,1.005431599,2015-01,annual,8228.469133,51.000000,10208.939453,23
greenland,greenland-outlets-v1,gate-02,59,-196507.50,-2275852.50,-0.999160466,0.040967840,120.000,1.005438500,2015-01,annual,10094.561105,143.000000,11871.771484,22
greenland,greenland-outlets-v1,gate-03,60,-324907.50,-1773052.50,-0.960147262,-0.279494607,120.000,0.980723532,2015-01,annual,2603.878714,175.000000,3960.183594,25
greenland,greenland-outlets-v1,gate-03,61,-324907.50,-1773172.50,-0.960147262,-0.279494607,120.000,0.980728839,2015-01,annual,2344.084045,171.000000,3614.647217,26
greenland,greenland-outlets-v1,gate-03,62,-324787.50,-1773292.50,-0.960147262,-0.279494607,120.000,0.980733175,2015-01,annual,2152.907545,152.000000,3336.521484,30
greenland,greenland-outlets-v1,gate-03,63,-324787.50,-1773412.50,-0.960147262,-0.279494607,120.000,0.980738484,2015-01,annual,2268.267812,157.000000,3385.381348,30
greenland,greenland-outlets-v1,gate-03,64,-324787.50,-1773532.50,-0.960147262,-0.279494607,120.000,0.980743793,2015-01,annual,2215.838930,167.000000,3168.680420,23
greenland,greenland-outlets-v1,gate-03,65,-324787.50,-1773652.50,-0.960147262,-0.279494607,120.000,0.980749102,2015-01,annual,1959.038043,174.000000,2803.901611,19
greenland,greenland-outlets-v1,gate-03,66,-324667.50,-1773772.50,-0.960147262,-0.279494607,120.000,0.980753440,2015-01,annual,1469.966547,97.000000,2197.349365,29
greenland,greenland-outlets-v1,gate-03,67,-324667.50,-1773892.50,-0.960147262,-0.279494607,120.000,0.980758750,2015-01,annual,563.278985,74.000000,958.520081,29
greenland,greenland-outlets-v1,gate-03,68,-324667.50,-1774012.50,-0.960147262,-0.279494607,120.000,0.980764060,2015-01,annual,492.089666,54.000000,860.179443,37
greenland,greenland-outlets-v1,gate-03,69,-324547.50,-1774132.50,-0.960147262,-0.279494607,120.000,0.980768399,2015-01,annual,443.892571,51.000000,722.481079,40
greenland,greenland-outlets-v1,gate-03,70,-324547.50,-1774252.50,-0.960147262,-0.279494607,120.000,0.980773711,2015-01,annual,317.680709,47.000000,492.788452,43
greenland,greenland-outlets-v1,gate-03,71,-324547.50,-1774372.50,-0.960147262,-0.279494607,120.000,0.980779022,2015-01,annual,218.173165,40.000000,297.251221,54
greenland,greenland-outlets-v1,gate-03,72,-324547.50,-1774492.50,-0.960147262,-0.279494607,120.000,0.980784334,2015-01,annual,123.064449,33.000000,139.922699,59
greenland,greenland-outlets-v1,gate-03,73,-324427.50,-1774492.50,-0.960147262,-0.279494607,120.000,0.980783363,2015-01,annual,183.293282,38.000000,213.887421,53
greenland,greenland-outlets-v1,gate-03,74,-324427.50,-1774612.50,-0.960147262,-0.279494607,120.000,0.980788675,2015-01,annual,132.992256,39.000000,133.499496,53
greenland,greenland-outlets-v1,gate-03,75,-324427.50,-1774732.50,-0.960147262,-0.279494607,120.000,0.980793988,2015-01,annual,97.437135,48.000000,153.719833,55
greenland,greenland-outlets-v1,gate-03,76,-324427.50,-1774852.50,-0.960147262,-0.279494607,120.000,0.980799301,2015-01,annual,106.956033,79.000000,212.329025,38
greenland,greenland-outlets-v1,gate-03,77,-324307.50,-1774972.50,-0.960147262,-0.279494607,120.000,0.980803643,2015-01,annual,7.606486,483.000000,122.946754,9
greenland,greenland-outlets-v1,gate-03,78,-324307.50,-1775092.50,-0.960147262,-0.279494607,120.000,0.980808957,2015-01,annual,-69.175853,552.000000,114.733070,9
greenland,greenland-outlets-v1,gate-03,79,-324307.50,-1775212.50,-0.960147262,-0.279494607,120.000,0.980814271,2015-01,annual,214.601697,117.000000,313.654907,15
greenland,greenland-outlets-v1,gate-03,80,-324187.50,-1775332.50,-0.960147262,-0.279494607,120.000,0.980818615,2015-01,annual,1747.954383,886.000000,1821.656250,3
greenland,greenland-outlets-v1,gate-03,81,-324187.50,-1775452.50,-0.960147262,-0.279494607,120.000,0.980823930,2015-01,annual,2052.653998,956.000000,2067.238037,2
greenland,greenland-outlets-v1,gate-03,82,-324187.50,-1775572.50,-0.960147262,-0.279494607,120.000,0.980829245,2015-01,annual,,,,0
greenland,greenland-outlets-v1,gate-03,83,-324187.50,-1775692.50,-0.960147262,-0.279494607,120.000,0.980834561,2015-01,annual,,,,0
greenland,greenland-outlets-v1,gate-03,84,-324067.50,-1775812.50,-0.960147262,-0.279494607,120.000,0.980838907,2015-01,annual,,,,0
greenland,greenland-outlets-v1,gate-03,85,-324067.50,-1775932.50,-0.960147262,-0.279494607,120.000,0.980844223,2015-01,annual,11841.767686,1500.000000,11841.767578,1
greenland,greenland-outlets-v1,gate-04,86,183652.50,-2727652.50,0.502097806,-0.864810843,120.000,1.034142090,2015-01,annual,-1.682978,2.000000,1.740356,103
greenland,greenland-outlets-v1,gate-04,87,183772.50,-2727532.50,0.502097806,-0.864810843,120.000,1.034134265,2015-01,annual,,,,0
greenland,greenland-outlets-v1,gate-04,88,183892.50,-2727532.50,0.502097806,-0.864810843,120.000,1.034134831,2015-01,annual,,,,0
greenland,greenland-outlets-v1,gate-04,89,183892.50,-2727412.50,0.502097806,-0.864810843,120.000,1.034126441,2015-01,annual,1574.944416,215.000000,1685.594727,5
greenland,greenland-outlets-v1,gate-04,90,184012.50,-2727412.50,0.502097806,-0.864810843,120.000,1.034127007,2015-01,annual,8633.335692,319.000000,8644.375000,6
greenland,greenland-outlets-v1,gate-04,91,185812.50,-2726332.50,0.502097806,-0.864810843,120.000,1.034060049,2015-01,annual,11491.150879,1594.000000,11491.151367,1
greenland,greenland-outlets-v1,gate-04,92,185932.50,-2726212.50,0.502097806,-0.864810843,120.000,1.034052235,2015-01,annual,,,,0
greenland,greenland-outlets-v1,gate-04,93,186052.50,-2726212.50,0.502097806,-0.864810843,120.000,1.034052807,2015-01,annual,,,,0
greenland,greenland-outlets-v1,gate-04,94,186172.50,-2726092.50,0.502097806,-0.864810843,120.000,1.034044995,2015-01,annual,-32.743374,263.000000,181.079254,3
greenland,greenland-outlets-v1,gate-04,95,186172.50,-2726092.50,0.502097806,-0.864810843,120.000,1.034044995,2015-01,annual,-32.743374,263.000000,181.079254,3
greenland,greenland-outlets-v1,gate-04,96,186292.50,-2725972.50,0.502097806,-0.864810843,120.000,1.034037183,2015-01,annual,-238.391735,195.000000,464.449066,9
greenland,greenland-outlets-v1,gate-04,97,186412.50,-2725972.50,0.502097806,-0.864810843,120.000,1.034037756,2015-01,annual,-77.895628,60.000000,472.427032,26
greenland,greenland-outlets-v1,gate-04,98,186532.50,-2725852.50,0.502097806,-0.864810843,120.000,1.034029945,2015-01,annual,-4.791869,70.000000,603.508240,18
greenland,greenland-outlets-v1,gate-04,99,186652.50,-2725852.50,0.502097806,-0.864810843,120.000,1.034030519,2015-01,annual,-20.755297,36.000000,546.712952,46
greenland,greenland-outlets-v1,gate-04,100,186772.50,-2725732.50,0.502097806,-0.864810843,120.000,1.034022709,2015-01,annual,-75.103807,35.000000,565.356995,46
greenland,greenland-outlets-v1,gate-04,101,186892.50,-2725732.50,0.502097806,-0.864810843,120.000,1.034023284,2015-01,annual,-71.321412,26.000000,440.473999,50
greenland,greenland-outlets-v1,gate-04,102,187012.50,-2725612.50,0.502097806,-0.864810843,120.000,1.034015475,2015-01,annual,-114.136868,23.000000,494.061554,52
greenland,greenland-outlets-v1,gate-04,103,187012.50,-2725612.50,0.502097806,-0.864810843,120.000,1.034015475,2015-01,annual,-114.136868,23.000000,494.061554,52
greenland,greenland-outlets-v1,gate-04,104,187132.50,-2725492.50,0.502097806,-0.864810843,120.000,1.034007667,2015-01,annual,-174.675071,23.000000,530.878540,53
greenland,greenland-outlets-v1,gate-04,105,187252.50,-2725492.50,0.502097806,-0.864810843,120.000,1.034008243,2015-01,annual,-173.363342,20.000000,488.951111,54
greenland,greenland-outlets-v1,gate-04,106,187372.50,-2725372.50,0.502097806,-0.864810843,120.000,1.034000436,2015-01,annual,-180.273105,23.000000,541.985657,54
greenland,greenland-outlets-v1,gate-04,107,187492.50,-2725372.50,0.502097806,-0.864810843,120.000,1.034001013,2015-01,annual,-160.452784,20.000000,476.541870,56
greenland,greenland-outlets-v1,gate-04,108,187612.50,-2725252.50,0.502097806,-0.864810843,120.000,1.033993207,2015-01,annual,-155.753350,18.000000,489.323822,57
greenland,greenland-outlets-v1,gate-04,109,187732.50,-2725252.50,0.502097806,-0.864810843,120.000,1.033993784,2015-01,annual,-150.871296,18.000000,466.524994,57
greenland,greenland-outlets-v1,gate-04,110,187732.50,-2725132.50,0.502097806,-0.864810843,120.000,1.033985402,2015-01,annual,-164.149604,20.000000,521.840271,55
greenland,greenland-outlets-v1,gate-04,111,187852.50,-2725132.50,0.502097806,-0.864810843,120.000,1.033985980,2015-01,annual,-162.647638,19.000000,468.700226,53
greenland,greenland-outlets-v1,gate-04,112,187972.50,-2725012.50,0.502097806,-0.864810843,120.000,1.033978176,2015-01,annual,-175.365992,19.000000,436.932587,50
greenland,greenland-outlets-v1,gate-04,113,188092.50,-2725012.50,0.502097806,-0.864810843,120.000,1.033978754,2015-01,annual,-187.015779,16.000000,397.483978,48
greenland,greenland-outlets-v1,gate-04,114,188212.50,-2724892.50,0.502097806,-0.864810843,120.000,1.033970952,2015-01,annual,-188.172778,15.000000,402.677795,46
greenland,greenland-outlets-v1,gate-04,115,188332.50,-2724892.50,0.502097806,-0.864810843,120.000,1.033971531,2015-01,annual,-172.110019,14.000000,384.567017,40
greenland,greenland-outlets-v1,gate-04,116,188452.50,-2724772.50,0.502097806,-0.864810843,120.000,1.033963730,2015-01,annual,-150.309835,23.000000,404.818695,33
greenland,greenland-outlets-v1,gate-05,117,494332.50,-2296372.50,0.931437169,-0.363902185,120.000,1.009226686,2015-01,annual,9117.868553,85.000000,9117.973633,17
greenland,greenland-outlets-v1,gate-05,118,495412.50,-2293612.50,0.931437169,-0.363902185,120.000,1.009079871,2015-01,annual,10898.039294,35.000000,10898.040039,32
greenland,greenland-outlets-v1,gate-05,119,495412.50,-2293492.50,0.931437169,-0.363902185,120.000,1.009072904,2015-01,annual,10626.325489,35.000000,10626.326172,30
greenland,greenland-outlets-v1,gate-05,120,495532.50,-2293372.50,0.931437169,-0.363902185,120.000,1.009067443,2015-01,annual,7835.052983,87.000000,7835.056152,23
greenland,greenland-outlets-v1,gate-05,121,495532.50,-2293252.50,0.931437169,-0.363902185,120.000,1.009060477,2015-01,annual,7637.307768,87.000000,7637.422852,23
greenland,greenland-outlets-v1,gate-05,122,495532.50,-2293132.50,0.931437169,-0.363902185,120.000,1.009053511,2015-01,annual,7634.148874,121.000000,7635.900879,21
greenland,greenland-outlets-v1,gate-05,123,495652.50,-2293012.50,0.931437169,-0.363902185,120.000,1.009048051,2015-01,annual,7425.192393,115.000000,7426.375977,16
greenland,greenland-outlets-v1,gate-05,124,495652.50,-2292892.50,0.931437169,-0.363902185,120.000,1.009041086,2015-01,annual,7307.871080,127.000000,7317.306152,14
greenland,greenland-outlets-v1,gate-05,125,495772.50,-2292772.50,0.931437169,-0.363902185,120.000,1.009035627,2015-01,annual,7148.645174,134.000000,7178.935547,11
greenland,greenland-outlets-v1,gate-05,126,495772.50,-2292772.50,0.931437169,-0.363902185,120.000,1.009035627,2015-01,annual,7148.645174,134.000000,7178.935547,11
greenland,greenland-outlets-v1,gate-05,127,495772.50,-2292652.50,0.931437169,-0.363902185,120.000,1.009028663,2015-01,annual,6895.341865,146.000000,6951.493652,11
greenland,greenland-outlets-v1,gate-05,128,495892.50,-2292532.50,0.931437169,-0.363902185,120.000,1.009023206,2015-01,annual,3421.020980,100.000000,3445.362061,14
greenland,greenland-outlets-v1,gate-05,129,495892.50,-2292412.50,0.931437169,-0.363902185,120.000,1.009016242,2015-01,annual,3745.543612,98.000000,3778.764160,15
greenland,greenland-outlets-v1,gate-05,130,495892.50,-2292292.50,0.931437169,-0.363902185,120.000,1.009009279,2015-01,annual,3006.047605,89.000000,3039.792725,14
greenland,greenland-outlets-v1,gate-05,131,496012.50,-2292172.50,0.931437169,-0.363902185,120.000,1.009003823,2015-01,annual,924.829488,80.000000,926.309509,18
greenland,greenland-outlets-v1,gate-05,132,496012.50,-2292052.50,0.931437169,-0.363902185,120.000,1.008996861,2015-01,annual,589.971958,63.000000,592.222107,33
greenland,greenland-outlets-v1,gate-05,133,496012.50,-2291932.50,0.931437169,-0.363902185,120.000,1.008989899,2015-01,annual,260.159603,47.000000,260.928619,38
greenland,greenland-outlets-v1,gate-05,134,496132.50,-2291812.50,0.931437169,-0.363902185,120.000,1.008984444,2015-01,annual,325.713502,46.000000,326.523712,38
greenland,greenland-outlets-v1,gate-05,135,496132.50,-2291692.50,0.931437169,-0.363902185,120.000,1.008977483,2015-01,annual,297.763708,39.000000,312.650146,42
greenland,greenland-outlets-v1,gate-05,136,496252.50,-2291572.50,0.931437169,-0.363902185,120.000,1.008972030,2015-01,annual,133.904983,16.000000,140.895462,57
greenland,greenland-outlets-v1,gate-05,137,496252.50,-2291452.50,0.931437169,-0.363902185,120.000,1.008965070,2015-01,annual,60.337606,13.000000,60.404121,70
greenland,greenland-outlets-v1,gate-05,138,496252.50,-2291332.50,0.931437169,-0.363902185,120.000,1.008958110,2015-01,annual,53.770493,4.000000,57.697742,107
greenland,greenland-outlets-v1,gate-05,139,496372.50,-2291212.50,0.931437169,-0.363902185,120.000,1.008952658,2015-01,annual,17.050695,1.000000,17.146639,198
greenland,greenland-outlets-v1,gate-05,140,496372.50,-2291212.50,0.931437169,-0.363902185,120.000,1.008952658,2015-01,annual,17.050695,1.000000,17.146639,198
greenland,greenland-outlets-v1,gate-05,141,496372.50,-2291092.50,0.931437169,-0.363902185,120.000,1.008945699,2015-01,annual,13.603322,1.000000,15.212109,266
greenland,greenland-outlets-v1,gate-05,142,496492.50,-2290972.50,0.931437169,-0.363902185,120.000,1.008940248,2015-01,annual,2.251793,1.000000,4.061227,429
greenland,greenland-outlets-v1,gate-05,143,496492.50,-2290852.50,0.931437169,-0.363902185,120.000,1.008933289,2015-01,annual,2.232740,1.000000,2.999107,462
greenland,greenland-outlets-v1,gate-06,144,-328987.50,-1718692.50,-0.815309184,-0.579025850,120.000,0.978390724,2015-01,annual,1.016065,1.000000,1.025009,215
greenland,greenland-outlets-v1,gate-06,145,-328987.50,-1718812.50,-0.815309184,-0.579025850,120.000,0.978395863,2015-01,annual,1.466995,2.000000,1.952431,127
greenland,greenland-outlets-v1,gate-06,146,-328867.50,-1718932.50,-0.815309184,-0.579025850,120.000,0.978400019,2015-01,annual,951.197729,89.000000,978.802979,23
greenland,greenland-outlets-v1,gate-06,147,-328747.50,-1718932.50,-0.815309184,-0.579025850,120.000,0.978399036,2015-01,annual,967.730211,89.000000,990.985352,23
greenland,greenland-outlets-v1,gate-06,148,-328747.50,-1719052.50,-0.815309184,-0.579025850,120.000,0.978404175,2015-01,annual,1083.655222,88.000000,1098.355469,25
greenland,greenland-outlets-v1,gate-06,149,-328627.50,-1719172.50,-0.815309184,-0.579025850,120.000,0.978408333,2015-01,annual,1414.725722,90.000000,1414.725708,21
greenland,greenland-outlets-v1,gate-06,150,-328627.50,-1719292.50,-0.815309184,-0.579025850,120.000,0.978413473,2015-01,annual,1260.857867,89.000000,1270.947266,23
greenland,greenland-outlets-v1,gate-06,151,-328507.50,-1719412.50,-0.815309184,-0.579025850,120.000,0.978417631,2015-01,annual,1108.847821,172.000000,1135.625732,18
greenland,greenland-outlets-v1,gate-06,152,-328507.50,-1719412.50,-0.815309184,-0.579025850,120.000,0.978417631,2015-01,annual,1108.847821,172.000000,1135.625732,18
greenland,greenland-outlets-v1,gate-06,153,-328387.50,-1719532.50,-0.815309184,-0.579025850,120.000,0.978421790,2015-01,annual,1088.609406,191.000000,1092.832520,11
greenland,greenland-outlets-v1,gate-06,154,-328267.50,-1719652.50,-0.815309184,-0.579025850,120.000,0.978425950,2015-01,annual,1965.169657,200.000000,1975.947510,10
greenland,greenland-outlets-v1,gate-06,155,-328267.50,-1719772.50,-0.815309184,-0.579025850,120.000,0.978431092,2015-01,annual,2839.008435,184.000000,2840.168213,11
greenland,greenland-outlets-v1,gate-06,156,-328147.50,-1719892.50,-0.815309184,-0.579025850,120.000,0.978435253,2015-01,annual,4773.434194,119.000000,4773.485352,14
greenland,greenland-outlets-v1,gate-06,157,-328147.50,-1719892.50,-0.815309184,-0.579025850,120.000,0.978435253,2015-01,annual,4773.434194,119.000000,4773.485352,14
greenland,greenland-outlets-v1,gate-06,158,-328027.50,-1720012.50,-0.815309184,-0.579025850,120.000,0.978439414,2015-01,annual,3232.442692,117.000000,3553.743652,10
greenland,greenland-outlets-v1,gate-06,159,-327907.50,-1720132.50,-0.815309184,-0.579025850,120.000,0.978443576,2015-01,annual,6065.044172,126.000000,6117.825195,11
greenland,greenland-outlets-v1,gate-06,160,-327907.50,-1720252.50,-0.815309184,-0.579025850,120.000,0.978448720,2015-01,annual,5332.363135,126.000000,5402.198242,10
greenland,greenland-outlets-v1,gate-06,161,-327787.50,-1720372.50,-0.815309184,-0.579025850,120.000,0.978452883,2015-01,annual,5680.932083,114.000000,5792.074707,12
greenland,greenland-outlets-v1,gate-06,162,-327787.50,-1720492.50,-0.815309184,-0.579025850,120.000,0.978458027,2015-01,annual,7028.371973,125.000000,7148.532227,10
greenland,greenland-outlets-v1,gate-06,163,-327667.50,-1720492.50,-0.815309184,-0.579025850,120.000,0.978457047,2015-01,annual,6945.717992,128.000000,7018.284668,9
greenland,greenland-outlets-v1,gate-06,164,-327667.50,-1720612.50,-0.815309184,-0.579025850,120.000,0.978462192,2015-01,annual,5927.153620,116.000000,6000.271484,16
greenland,greenland-outlets-v1,gate-06,165,-327547.50,-1720732.50,-0.815309184,-0.579025850,120.000,0.978466357,2015-01,annual,10590.083557,131.000000,10590.083008,11
greenland,greenland-outlets-v1,gate-07,166,314812.50,-2575852.50,0.995898935,-0.090472708,120.000,1.024683918,2015-01,annual,10396.893304,104.000000,10411.416016,22
greenland,greenland-outlets-v1,gate-07,167,314812.50,-2575732.50,0.995898935,-0.090472708,120.000,1.024676032,2015-01,annual,9309.307607,99.000000,9326.201172,22
greenland,greenland-outlets-v1,gate-07,168,314812.50,-2575612.50,0.995898935,-0.090472708,120.000,1.024668146,2015-01,annual,10493.616055,160.000000,10493.616211,3
greenland,greenland-outlets-v1,gate-07,169,314812.50,-2575492.50,0.995898935,-0.090472708,120.000,1.024660261,2015-01,annual,-191.578853,56.000000,246.507782,3
greenland,greenland-outlets-v1,gate-08,170,-62947.50,-3181372.50,0.915217150,-0.402961001,120.000,1.068408715,2015-01,annual,-0.259034,1.000000,0.337685,199
greenland,greenland-outlets-v1,gate-08,171,-62947.50,-3181252.50,0.915217150,-0.402961001,120.000,1.068398764,2015-01,annual,-0.028475,1.000000,0.733228,202
greenland,greenland-outlets-v1,gate-08,172,-62827.50,-3181132.50,0.915217150,-0.402961001,120.000,1.068388618,2015-01,annual,-0.707064,1.000000,0.752756,233
greenland,greenland-outlets-v1,gate-08,173,-62827.50,-3181012.50,0.915217150,-0.402961001,120.000,1.068378668,2015-01,annual,-1.239519,1.000000,1.276026,199
greenland,greenland-outlets-v1,gate-08,174,-62707.50,-3180892.50,0.915217150,-0.402961001,120.000,1.068368523,2015-01,annual,0.397167,1.000000,0.617260,224
greenland,greenland-outlets-v1,gate-08,175,-62707.50,-3180772.50,0.915217150,-0.402961001,120.000,1.068358574,2015-01,annual,0.001004,1.000000,0.076779,217
greenland,greenland-outlets-v1,gate-08,176,-62707.50,-3180652.50,0.915217150,-0.402961001,120.000,1.068348625,2015-01,annual,-1.519304,1.000000,2.856639,215
greenland,greenland-outlets-v1,gate-08,177,-62107.50,-3179452.50,0.915217150,-0.402961001,120.000,1.068248190,2015-01,annual,15.221512,5.000000,39.934143,57
greenland,greenland-outlets-v1,gate-08,178,-62107.50,-3179332.50,0.915217150,-0.402961001,120.000,1.068238246,2015-01,annual,24.788235,6.000000,58.220882,46
greenland,greenland-outlets-v1,gate-08,179,-61987.50,-3179212.50,0.915217150,-0.402961001,120.000,1.068228109,2015-01,annual,17.737924,8.000000,53.538876,41
greenland,greenland-outlets-v1,gate-08,180,-61987.50,-3179212.50,0.915217150,-0.402961001,120.000,1.068228109,2015-01,annual,17.737924,8.000000,53.538876,41
greenland,greenland-outlets-v1,gate-08,181,-61987.50,-3179092.50,0.915217150,-0.402961001,120.000,1.068218166,2015-01,annual,,,,0
greenland,greenland-outlets-v1,gate-08,182,-61867.50,-3178972.50,0.915217150,-0.402961001,120.000,1.068208030,2015-01,annual,,,,0
greenland,greenland-outlets-v1,gate-08,183,-61867.50,-3178852.50,0.915217150,-0.402961001,120.000,1.068198088,2015-01,annual,,,,0
greenland,greenland-outlets-v1,gate-08,184,-61747.50,-3178732.50,0.915217150,-0.402961001,120.000,1.068187953,2015-01,annual,10194.628412,223.000000,10194.632812,3
greenland,greenland-outlets-v1,gate-08,185,-61747.50,-3178612.50,0.915217150,-0.402961001,120.000,1.068178012,2015-01,annual,10360.063740,223.000000,10360.063477,3
greenland,greenland-outlets-v1,gate-08,186,-61747.50,-3178492.50,0.915217150,-0.402961001,120.000,1.068168071,2015-01,annual,2620.738486,214.000000,2627.632568,1
greenland,greenland-outlets-v1,gate-08,187,-61627.50,-3178372.50,0.915217150,-0.402961001,120.000,1.068157938,2015-01,annual,0.512323,2.000000,0.512325,50
greenland,greenland-outlets-v1,gate-09,188,191212.50,-2757412.50,0.391380699,0.920228856,120.000,1.036271676,2015-01,annual,732.632334,959.000000,877.597290,2
greenland,greenland-outlets-v1,gate-09,189,191092.50,-2757412.50,0.391380699,0.920228856,120.000,1.036271088,2015-01,annual,1462.993595,2053.000000,2044.058105,2
greenland,greenland-outlets-v1,gate-09,190,190972.50,-2757412.50,0.391380699,0.920228856,120.000,1.036270500,2015-01,annual,1482.988715,2071.000000,2127.430664,2
greenland,greenland-outlets-v1,gate-09,191,190852.50,-2757292.50,0.391380699,0.920228856,120.000,1.036261421,2015-01,annual,8999.547825,886.000000,9073.281250,1
greenland,greenland-outlets-v1,gate-09,192,190732.50,-2757292.50,0.391380699,0.920228856,120.000,1.036260834,2015-01,annual,9278.458177,883.000000,9346.833008,1
greenland,greenland-outlets-v1,gate-09,193,190732.50,-2757172.50,0.391380699,0.920228856,120.000,1.036252344,2015-01,annual,9101.812487,876.000000,9150.969727,1
greenland,greenland-outlets-v1,gate-09,194,190612.50,-2757172.50,0.391380699,0.920228856,120.000,1.036251756,2015-01,annual,9734.241101,851.000000,9742.838867,1
greenland,greenland-outlets-v1,gate-09,195,190492.50,-2757172.50,0.391380699,0.920228856,120.000,1.036251170,2015-01,annual,9895.831937,839.000000,9896.601562,1
greenland,greenland-outlets-v1,gate-09,196,190372.50,-2757052.50,0.391380699,0.920228856,120.000,1.036242094,2015-01,annual,10047.580710,842.000000,10049.349609,1
greenland,greenland-outlets-v1,gate-09,197,190252.50,-2757052.50,0.391380699,0.920228856,120.000,1.036241507,2015-01,annual,10252.893397,847.000000,10257.979492,1
greenland,greenland-outlets-v1,gate-09,198,190132.50,-2756932.50,0.391380699,0.920228856,120.000,1.036232433,2015-01,annual,10509.231606,845.000000,10512.871094,1
greenland,greenland-outlets-v1,gate-09,199,190012.50,-2756932.50,0.391380699,0.920228856,120.000,1.036231847,2015-01,annual,10351.260182,835.000000,10351.260742,1
greenland,greenland-outlets-v1,gate-09,200,189892.50,-2756932.50,0.391380699,0.920228856,120.000,1.036231262,2015-01,annual,10086.442804,808.000000,10117.138672,1
greenland,greenland-outlets-v1,gate-10,201,-244747.50,-2776372.50,-0.883452245,0.468521218,120.000,1.037917946,2015-01,annual,-0.196594,1.000000,0.660798,135
greenland,greenland-outlets-v1,gate-10,202,-244747.50,-2776492.50,-0.883452245,0.468521218,120.000,1.037926502,2015-01,annual,0.344977,1.000000,0.673636,199
greenland,greenland-outlets-v1,gate-10,203,-244747.50,-2776612.50,-0.883452245,0.468521218,120.000,1.037935059,2015-01,annual,0.426792,1.000000,1.157115,239
greenland,greenland-outlets-v1,gate-10,204,-244867.50,-2776732.50,-0.883452245,0.468521218,120.000,1.037944370,2015-01,annual,5811.455882,292.000000,5815.310547,4
greenland,greenland-outlets-v1,gate-10,205,-244867.50,-2776732.50,-0.883452245,0.468521218,120.000,1.037944370,2015-01,annual,5811.455882,292.000000,5815.310547,4
greenland,greenland-outlets-v1,gate-10,206,-244987.50,-2776852.50,-0.883452245,0.468521218,120.000,1.037953683,2015-01,annual,,,,0
greenland,greenland-outlets-v1,gate-10,207,-244987.50,-2776972.50,-0.883452245,0.468521218,120.000,1.037962240,2015-01,annual,6718.040695,244.000000,6731.852051,7
greenland,greenland-outlets-v1,gate-10,208,-245107.50,-2777092.50,-0.883452245,0.468521218,120.000,1.037971554,2015-01,annual,5545.759934,181.000000,5579.448242,12
greenland,greenland-outlets-v1,gate-10,209,-245107.50,-2777212.50,-0.883452245,0.468521218,120.000,1.037980113,2015-01,annual,5804.375662,177.000000,5932.462891,12
greenland,greenland-outlets-v1,gate-10,210,-245227.50,-2777332.50,-0.883452245,0.468521218,120.000,1.037989427,2015-01,annual,8230.500915,309.000000,8260.050781,6
greenland,greenland-outlets-v1,gate-10,211,-245227.50,-2777452.50,-0.883452245,0.468521218,120.000,1.037997987,2015-01,annual,8614.105570,321.000000,8649.027344,5
greenland,greenland-outlets-v1,gate-10,212,-245347.50,-2777572.50,-0.883452245,0.468521218,120.000,1.038007303,2015-01,annual,8159.501075,316.000000,8176.581543,6
greenland,greenland-outlets-v1,gate-10,213,-245347.50,-2777572.50,-0.883452245,0.468521218,120.000,1.038007303,2015-01,annual,8159.501075,316.000000,8176.581543,6
greenland,greenland-outlets-v1,gate-10,214,-245467.50,-2777692.50,-0.883452245,0.468521218,120.000,1.038016620,2015-01,annual,7670.632836,316.000000,7682.880371,6
greenland,greenland-outlets-v1,gate-10,215,-245467.50,-2777812.50,-0.883452245,0.468521218,120.000,1.038025180,2015-01,annual,5983.255482,248.000000,5988.208984,9
greenland,greenland-outlets-v1,gate-10,216,-245587.50,-2778052.50,-0.883452245,0.468521218,120.000,1.038043060,2015-01,annual,10242.097807,195.000000,10242.097656,10
greenland,greenland-outlets-v1,gate-10,217,-245587.50,-2778172.50,-0.883452245,0.468521218,120.000,1.038051622,2015-01,annual,10303.972812,195.000000,10303.983398,10
greenland,greenland-outlets-v1,gate-10,218,-245707.50,-2778292.50,-0.883452245,0.468521218,120.000,1.038060942,2015-01,annual,9981.678697,195.000000,9981.694336,10
greenland,greenland-outlets-v1,gate-10,219,-245707.50,-2778412.50,-0.883452245,0.468521218,120.000,1.038069504,2015-01,annual,10041.409307,195.000000,10041.431641,10
greenland,greenland-outlets-v1,gate-10,220,-245827.50,-2778532.50,-0.883452245,0.468521218,120.000,1.038078825,2015-01,annual,9951.864181,195.000000,9951.986328,10
greenland,greenland-outlets-v1,gate-10,221,-245827.50,-2778532.50,-0.883452245,0.468521218,120.000,1.038078825,2015-01,annual,9951.864181,195.000000,9951.986328,10
greenland,greenland-outlets-v1,gate-10,222,-245947.50,-2778652.50,-0.883452245,0.468521218,120.000,1.038088147,2015-01,annual,10011.806160,195.000000,10011.849609,10
greenland,greenland-outlets-v1,gate-10,223,-245947.50,-2778772.50,-0.883452245,0.468521218,120.000,1.038096711,2015-01,annual,9957.590054,195.000000,9957.611328,10
greenland,greenland-outlets-v1,gate-10,224,-246067.50,-2778892.50,-0.883452245,0.468521218,120.000,1.038106033,2015-01,annual,10040.473095,194.000000,10041.248047,10
greenland,greenland-outlets-v1,gate-10,225,-246067.50,-2779012.50,-0.883452245,0.468521218,120.000,1.038114598,2015-01,annual,9983.222667,195.000000,9983.536133,10
greenland,greenland-outlets-v1,gate-10,226,-246187.50,-2779132.50,-0.883452245,0.468521218,120.000,1.038123922,2015-01,annual,7886.302445,275.000000,7891.391113,8
greenland,greenland-outlets-v1,gate-10,227,-246187.50,-2779252.50,-0.883452245,0.468521218,120.000,1.038132488,2015-01,annual,7387.854700,307.000000,7393.252930,7
greenland,greenland-outlets-v1,gate-10,228,-246307.50,-2779372.50,-0.883452245,0.468521218,120.000,1.038141813,2015-01,annual,6659.925484,336.000000,6661.279785,5
greenland,greenland-outlets-v1,gate-10,229,-246307.50,-2779372.50,-0.883452245,0.468521218,120.000,1.038141813,2015-01,annual,6659.925484,336.000000,6661.279785,5
greenland,greenland-outlets-v1,gate-10,230,-246427.50,-2779492.50,-0.883452245,0.468521218,120.000,1.038151139,2015-01,annual,4828.745434,386.000000,4838.564453,3
greenland,greenland-outlets-v1,gate-10,231,-246427.50,-2779612.50,-0.883452245,0.468521218,120.000,1.038159705,2015-01,annual,5179.835098,404.000000,5196.286621,2
greenland,greenland-outlets-v1,gate-10,232,-246427.50,-2779732.50,-0.883452245,0.468521218,120.000,1.038168273,2015-01,annual,6083.395464,529.000000,6087.624512,1
greenland,greenland-outlets-v1,gate-10,233,-246547.50,-2779852.50,-0.883452245,0.468521218,120.000,1.038177600,2015-01,annual,2840.431935,438.000000,2840.500977,2
greenland,greenland-outlets-v1,gate-10,234,-246547.50,-2779972.50,-0.883452245,0.468521218,120.000,1.038186168,2015-01,annual,735.518961,841.000000,786.219055,1
greenland,greenland-outlets-v1,gate-10,235,-246667.50,-2780092.50,-0.883452245,0.468521218,120.000,1.038195497,2015-01,annual,2.462312,315.000000,25.666485,4
greenland,greenland-outlets-v1,gate-10,236,-246667.50,-2780212.50,-0.883452245,0.468521218,120.000,1.038204066,2015-01,annual,-1.397252,5.000000,5.344867,16
greenland,greenland-outlets-v1,gate-10,237,-246787.50,-2780332.50,-0.883452245,0.468521218,120.000,1.038213396,2015-01,annual,4.358338,2.000000,5.501539,81
greenland,greenland-outlets-v1,gate-10,238,-246787.50,-2780332.50,-0.883452245,0.468521218,120.000,1.038213396,2015-01,annual,4.358338,2.000000,5.501539,81
greenland,greenland-outlets-v1,gate-11,239,664252.50,-2270332.50,0.832079762,-0.554655993,120.000,1.010213585,2015-01,annual,-0.033248,1.000000,1.273577,150
greenland,greenland-outlets-v1,gate-11,240,664372.50,-2270212.50,0.832079762,-0.554655993,120.000,1.010208704,2015-01,annual,2.554518,1.000000,2.797192,182
greenland,greenland-outlets-v1,gate-11,241,664372.50,-2270092.50,0.832079762,-0.554655993,120.000,1.010201804,2015-01,annual,2.504857,1.000000,2.836169,204
greenland,greenland-outlets-v1,gate-11,242,664492.50,-2269972.50,0.832079762,-0.554655993,120.000,1.010196924,2015-01,annual,2.264230,1.000000,2.797773,241
greenland,greenland-outlets-v1,gate-11,243,664852.50,-2269372.50,0.832079762,-0.554655993,120.000,1.010168494,2015-01,annual,1.638828,1.000000,2.606092,113
greenland,greenland-outlets-v1,gate-11,244,664972.50,-2269252.50,0.832079762,-0.554655993,120.000,1.010163618,2015-01,annual,2.058322,2.000000,2.774182,81
greenland,greenland-outlets-v1,gate-11,245,664972.50,-2269252.50,0.832079762,-0.554655993,120.000,1.010163618,2015-01,annual,2.058322,2.000000,2.774182,81
greenland,greenland-outlets-v1,gate-11,246,665092.50,-2269132.50,0.832079762,-0.554655993,120.000,1.010158742,2015-01,annual,1.070811,1.000000,2.414866,76
greenland,greenland-outlets-v1,gate-11,247,665092.50,-2269012.50,0.832079762,-0.554655993,120.000,1.010151846,2015-01,annual,-0.233883,1.000000,1.607142,111
greenland,greenland-outlets-v1,gate-11,248,665212.50,-2268892.50,0.832079762,-0.554655993,120.000,1.010146972,2015-01,annual,,,,0
greenland,greenland-outlets-v1,gate-11,249,665212.50,-2268772.50,0.832079762,-0.554655993,120.000,1.010140076,2015-01,annual,,,,0
greenland,greenland-outlets-v1,gate-11,250,665332.50,-2268652.50,0.832079762,-0.554655993,120.000,1.010135203,2015-01,annual,,,,0
greenland,greenland-outlets-v1,gate-11,251,665452.50,-2268652.50,0.832079762,-0.554655993,120.000,1.010137225,2015-01,annual,,,,0
greenland,greenland-outlets-v1,gate-11,252,665452.50,-2268532.50,0.832079762,-0.554655993,120.000,1.010130331,2015-01,annual,,,,0
greenland,greenland-outlets-v1,gate-11,253,665572.50,-2268412.50,0.832079762,-0.554655993,120.000,1.010125459,2015-01,annual,,,,0
greenland,greenland-outlets-v1,gate-11,254,665572.50,-2268292.50,0.832079762,-0.554655993,120.000,1.010118565,2015-01,annual,,,,0
greenland,greenland-outlets-v1,gate-11,255,665692.50,-2268172.50,0.832079762,-0.554655993,120.000,1.010113694,2015-01,annual,9325.661001,266.000000,9346.400391,1
greenland,greenland-outlets-v1,gate-11,256,665692.50,-2268052.50,0.832079762,-0.554655993,120.000,1.010106801,2015-01,annual,10511.971975,266.000000,10531.957031,1
greenland,greenland-outlets-v1,gate-11,257,665812.50,-2268052.50,0.832079762,-0.554655993,120.000,1.010108825,2015-01,annual,10023.257010,265.000000,10056.043945,1
greenland,greenland-outlets-v1,gate-11,258,665812.50,-2267932.50,0.832079762,-0.554655993,120.000,1.010101932,2015-01,annual,10101.437021,263.000000,10147.747070,1
greenland,greenland-outlets-v1,gate-11,259,665932.50,-2267812.50,0.832079762,-0.554655993,120.000,1.010097063,2015-01,annual,10219.665880,272.000000,10219.666016,1
greenland,greenland-outlets-v1,gate-11,260,666172.50,-2267452.50,0.832079762,-0.554655993,120.000,1.010080436,2015-01,annual,,,,0
greenland,greenland-outlets-v1,gate-12,261,-260587.50,-1980172.50,-0.687258612,-0.726412830,120.000,0.989972154,2015-01,annual,-8.958872,3.000000,11.344442,30
greenland,greenland-outlets-v1,gate-12,262,-260467.50,-1980292.50,-0.687258612,-0.726412830,120.000,0.989977327,2015-01,annual,9451.554218,174.000000,9499.926758,7
greenland,greenland-outlets-v1,gate-12,263,-260347.50,-1980292.50,-0.687258612,-0.726412830,120.000,0.989976544,2015-01,annual,10029.527949,154.000000,10085.257812,7
greenland,greenland-outlets-v1,gate-12,264,-260347.50,-1980412.50,-0.687258612,-0.726412830,120.000,0.989982500,2015-01,annual,9939.425254,152.000000,10009.970703,8
greenland,greenland-outlets-v1,gate-12,265,-260227.50,-1980532.50,-0.687258612,-0.726412830,120.000,0.989987675,2015-01,annual,8001.548895,113.000000,8054.139648,13
greenland,greenland-outlets-v1,gate-12,266,-260107.50,-1980532.50,-0.687258612,-0.726412830,120.000,0.989986892,2015-01,annual,9321.085221,105.000000,9363.682617,14
greenland,greenland-outlets-v1,gate-12,267,-259987.50,-1980652.50,-0.687258612,-0.726412830,120.000,0.989992067,2015-01,annual,9671.792088,96.000000,9708.159180,16
greenland,greenland-outlets-v1,gate-12,268,-259987.50,-1980772.50,-0.687258612,-0.726412830,120.000,0.989998025,2015-01,annual,9762.202900,96.000000,9793.031250,16
greenland,greenland-outlets-v1,gate-12,269,-259867.50,-1980772.50,-0.687258612,-0.726412830,120.000,0.989997244,2015-01,annual,9783.343171,91.000000,9814.431641,17
greenland,greenland-outlets-v1,gate-12,270,-259747.50,-1980892.50,-0.687258612,-0.726412830,120.000,0.990002420,2015-01,annual,9802.931692,96.000000,9829.317383,16
greenland,greenland-outlets-v1,gate-12,271,-259747.50,-1981012.50,-0.687258612,-0.726412830,120.000,0.990008379,2015-01,annual,9824.445779,95.000000,9849.766602,17
greenland,greenland-outlets-v1,gate-12,272,-259627.50,-1981132.50,-0.687258612,-0.726412830,120.000,0.990013557,2015-01,annual,9787.074093,96.000000,9800.207031,16
greenland,greenland-outlets-v1,gate-12,273,-259507.50,-1981132.50,-0.687258612,-0.726412830,120.000,0.990012776,2015-01,annual,9777.619803,106.000000,9793.362305,15
greenland,greenland-outlets-v1,gate-12,274,-259387.50,-1981252.50,-0.687258612,-0.726412830,120.000,0.990017955,2015-01,annual,10544.266349,98.000000,10570.225586,14
greenland,greenland-outlets-v1,gate-12,275,-259387.50,-1981372.50,-0.687258612,-0.726412830,120.000,0.990023915,2015-01,annual,9554.559790,112.000000,9558.084961,13
greenland,greenland-outlets-v1,gate-12,276,-259267.50,-1981372.50,-0.687258612,-0.726412830,120.000,0.990023135,2015-01,annual,9532.078621,100.000000,9533.212891,14
greenland,greenland-outlets-v1,gate-12,277,-259147.50,-1981492.50,-0.687258612,-0.726412830,120.000,0.990028316,2015-01,annual,10375.602105,87.000000,10391.514648,16
greenland,greenland-outlets-v1,gate-12,278,-259027.50,-1981612.50,-0.687258612,-0.726412830,120.000,0.990033497,2015-01,annual,9390.513813,120.000000,9390.750000,10
greenland,greenland-outlets-v1,gate-12,279,-259027.50,-1981612.50,-0.687258612,-0.726412830,120.000,0.990033497,2015-01,annual,9390.513813,120.000000,9390.750000,10
greenland,greenland-outlets-v1,gate-12,280,-258907.50,-1981732.50,-0.687258612,-0.726412830,120.000,0.990038679,2015-01,annual,9972.085809,120.000000,9972.085938,8
greenland,greenland-outlets-v1,gate-12,281,-258787.50,-1981852.50,-0.687258612,-0.726412830,120.000,0.990043862,2015-01,annual,4941.708512,139.000000,4955.678223,7
greenland,greenland-outlets-v1,gate-12,282,-258787.50,-1981852.50,-0.687258612,-0.726412830,120.000,0.990043862,2015-01,annual,4941.708512,139.000000,4955.678223,7
greenland,greenland-outlets-v1,gate-12,283,-258667.50,-1981972.50,-0.687258612,-0.726412830,120.000,0.990049045,2015-01,annual,,,,0
greenland,greenland-outlets-v1,gate-12,284,-258547.50,-1982092.50,-0.687258612,-0.726412830,120.000,0.990054229,2015-01,annual,-1.795945,1.000000,1.946855,201
greenland,greenland-outlets-v1,gate-12,285,-258427.50,-1982092.50,-0.687258612,-0.726412830,120.000,0.990053452,2015-01,annual,-0.927391,1.000000,1.075618,203
greenland,greenland-outlets-v1,gate-01,0,-167827.50,-3142852.50,-0.139044586,0.990286122,120.000,1.065551284,2016-01,annual,36.678900,0.000000,94.908516,1421
greenland,greenland-outlets-v1,gate-01,1,-167947.50,-3142852.50,-0.139044586,0.990286122,120.000,1.065551809,2016-01,annual,36.539312,0.000000,95.158234,1390
greenland,greenland-outlets-v1,gate-01,2,-168067.50,-3142852.50,-0.139044586,0.990286122,120.000,1.065552334,2016-01,annual,35.369192,0.000000,93.153656,1398
greenland,greenland-outlets-v1,gate-01,3,-168187.50,-3142852.50,-0.139044586,0.990286122,120.000,1.065552859,2016-01,annual,33.870819,0.000000,92.237885,1398
greenland,greenland-outlets-v1,gate-01,4,-168307.50,-3142852.50,-0.139044586,0.990286122,120.000,1.065553384,2016-01,annual,32.895828,0.000000,90.547844,1371
greenland,greenland-outlets-v1,gate-01,5,-168427.50,-3142852.50,-0.139044586,0.990286122,120.000,1.065553910,2016-01,annual,30.425846,0.000000,87.995872,1363
greenland,greenland-outlets-v1,gate-01,6,-168547.50,-3142852.50,-0.139044586,0.990286122,120.000,1.065554436,2016-01,annual,24.516523,0.000000,87.618874,1364
greenland,greenland-outlets-v1,gate-01,7,-168667.50,-3142852.50,-0.139044586,0.990286122,120.000,1.065554963,2016-01,annual,22.326832,0.000000,87.165176,1371
greenland,greenland-outlets-v1,gate-01,8,-168787.50,-3142972.50,-0.139044586,0.990286122,120.000,1.065565307,2016-01,annual,18.225824,0.000000,79.878090,1336
greenland,greenland-outlets-v1,gate-01,9,-168907.50,-3142972.50,-0.139044586,0.990286122,120.000,1.065565834,2016-01,annual,17.041165,0.000000,75.181122,1327
greenland,greenland-outlets-v1,gate-01,10,-169027.50,-3142972.50,-0.139044586,0.990286122,120.000,1.065566362,2016-01,annual,15.364060,0.000000,72.597282,1339
greenland,greenland-outlets-v1,gate-01,11,-169147.50,-3142972.50,-0.139044586,0.990286122,120.000,1.065566890,2016-01,annual,14.964319,0.000000,69.161438,1347
greenland,greenland-outlets-v1,gate-01,12,-169267.50,-3142972.50,-0.139044586,0.990286122,120.000,1.065567419,2016-01,annual,14.015699,0.000000,63.494762,1360
greenland,greenland-outlets-v1,gate-01,13,-169387.50,-3142972.50,-0.139044586,0.990286122,120.000,1.065567948,2016-01,annual,14.628677,0.000000,64.176346,1367
greenland,greenland-outlets-v1,gate-01,14,-169507.50,-3142972.50,-0.139044586,0.990286122,120.000,1.065568477,2016-01,annual,16.373317,0.000000,63.337730,1371
greenland,greenland-outlets-v1,gate-01,15,-169627.50,-3143092.50,-0.139044586,0.990286122,120.000,1.065578824,2016-01,annual,14.877043,0.000000,49.099926,1332
greenland,greenland-outlets-v1,gate-01,16,-169747.50,-3143092.50,-0.139044586,0.990286122,120.000,1.065579354,2016-01,annual,15.885790,0.000000,48.307476,1343
greenland,greenland-outlets-v1,gate-01,17,-169867.50,-3143092.50,-0.139044586,0.990286122,120.000,1.065579884,2016-01,annual,16.416319,0.000000,47.167347,1341
greenland,greenland-outlets-v1,gate-01,18,-169987.50,-3143092.50,-0.139044586,0.990286122,120.000,1.065580415,2016-01,annual,14.877867,0.000000,44.466675,1342
greenland,greenland-outlets-v1,gate-01,19,-170107.50,-3143092.50,-0.139044586,0.990286122,120.000,1.065580946,2016-01,annual,15.272691,0.000000,44.113098,1318
greenland,greenland-outlets-v1,gate-01,20,-170227.50,-3143092.50,-0.139044586,0.990286122,120.000,1.065581478,2016-01,annual,14.351514,0.000000,42.902512,1293
greenland,greenland-outlets-v1,gate-01,21,-170347.50,-3143092.50,-0.139044586,0.990286122,120.000,1.065582010,2016-01,annual,13.199747,0.000000,38.195141,1279
greenland,greenland-outlets-v1,gate-01,22,-170467.50,-3143212.50,-0.139044586,0.990286122,120.000,1.065592360,2016-01,annual,14.761510,0.000000,34.125031,725
greenland,greenland-outlets-v1,gate-01,23,-170587.50,-3143212.50,-0.139044586,0.990286122,120.000,1.065592893,2016-01,annual,12.041715,1.000000,33.932873,688
greenland,greenland-outlets-v1,gate-01,24,-170707.50,-3143212.50,-0.139044586,0.990286122,120.000,1.065593426,2016-01,annual,10.291712,1.000000,30.645451,652
greenland,greenland-outlets-v1,gate-01,25,-170827.50,-3143212.50,-0.139044586,0.990286122,120.000,1.065593959,2016-01,annual,7.202934,1.000000,30.316708,637
greenland,greenland-outlets-v1,gate-01,26,-170947.50,-3143212.50,-0.139044586,0.990286122,120.000,1.065594493,2016-01,annual,3.566757,0.000000,26.396111,982
greenland,greenland-outlets-v1,gate-01,27,-171067.50,-3143212.50,-0.139044586,0.990286122,120.000,1.065595027,2016-01,annual,3.789659,0.000000,24.231913,998
greenland,greenland-outlets-v1,gate-01,28,-171187.50,-3143212.50,-0.139044586,0.990286122,120.000,1.065595561,2016-01,annual,4.636256,0.000000,27.137121,1034
greenland,greenland-outlets-v1,gate-01,29,-172387.50,-3143452.50,-0.139044586,0.990286122,120.000,1.065620564,2016-01,annual,1.667044,0.000000,7.547265,1159
greenland,greenland-outlets-v1,gate-01,30,-172507.50,-3143452.50,-0.139044586,0.990286122,120.000,1.065621103,2016-01,annual,1.431575,0.000000,5.511993,1145
greenland,greenland-outlets-v1,gate-01,31,-172627.50,-3143452.50,-0.139044586,0.990286122,120.000,1.065621642,2016-01,annual,1.897763,0.000000,4.669173,1201
greenland,greenland-outlets-v1,gate-01,32,-172747.50,-3143452.50,-0.139044586,0.990286122,120.000,1.065622181,2016-01,annual,1.963047,0.000000,2.760661,1198
greenland,greenland-outlets-v1,gate-01,33,-172867.50,-3143452.50,-0.139044586,0.990286122,120.000,1.065622721,2016-01,annual,2.182324,0.000000,2.182398,1205
greenland,greenland-outlets-v1,gate-02,34,-196387.50,-2272852.50,-0.999160466,0.040967840,120.000,1.005265518,2016-01,annual,12184.082700,659.000000,12230.179688,30
greenland,greenland-outlets-v1,gate-02,35,-196387.50,-2272972.50,-0.999160466,0.040967840,120.000,1.005272409,2016-01,annual,12208.848522,659.000000,12252.142578,30
greenland,greenland-outlets-v1,gate-02,36,-196387.50,-2273092.50,-0.999160466,0.040967840,120.000,1.005279300,2016-01,annual,12280.822874,719.000000,12320.079102,28
greenland,greenland-outlets-v1,gate-02,37,-196387.50,-2273212.50,-0.999160466,0.040967840,120.000,1.005286191,2016-01,annual,12126.685019,699.000000,12171.020508,29
greenland,greenland-outlets-v1,gate-02,38,-196387.50,-2273332.50,-0.999160466,0.040967840,120.000,1.005293083,2016-01,annual,12110.769697,727.000000,12154.869141,27
greenland,greenland-outlets-v1,gate-02,39,-196387.50,-2273452.50,-0.999160466,0.040967840,120.000,1.005299976,2016-01,annual,12529.447187,815.000000,12575.887695,24
greenland,greenland-outlets-v1,gate-02,40,-196387.50,-2273572.50,-0.999160466,0.040967840,120.000,1.005306868,2016-01,annual,12737.082648,811.000000,12780.332031,22
greenland,greenland-outlets-v1,gate-02,41,-196387.50,-2273692.50,-0.999160466,0.040967840,120.000,1.005313762,2016-01,annual,11995.885769,824.000000,12044.182617,21
greenland,greenland-outlets-v1,gate-02,42,-196387.50,-2273812.50,-0.999160466,0.040967840,120.000,1.005320655,2016-01,annual,12324.097169,1099.000000,12324.190430,18
greenland,greenland-outlets-v1,gate-02,43,-196387.50,-2273932.50,-0.999160466,0.040967840,120.000,1.005327549,2016-01,annual,11109.674632,1154.000000,11109.864258,17
greenland,greenland-outlets-v1,gate-02,44,-196387.50,-2274052.50,-0.999160466,0.040967840,120.000,1.005334443,2016-01,annual,3245.999550,67.000000,3261.251221,17
greenland,greenland-outlets-v1,gate-02,45,-196387.50,-2274172.50,-0.999160466,0.040967840,120.000,1.005341338,2016-01,annual,2537.385409,51.000000,2557.572021,22
greenland,greenland-outlets-v1,gate-02,46,-196387.50,-2274292.50,-0.999160466,0.040967840,120.000,1.005348233,2016-01,annual,1971.104128,47.000000,2006.940674,26
greenland,greenland-outlets-v1,gate-02,47,-196507.50,-2274412.50,-0.999160466,0.040967840,120.000,1.005355724,2016-01,annual,427.899722,43.000000,448.644135,35
greenland,greenland-outlets-v1,gate-02,48,-196507.50,-2274532.50,-0.999160466,0.040967840,120.000,1.005362620,2016-01,annual,268.103894,63.000000,446.047913,32
greenland,greenland-outlets-v1,gate-02,49,-196507.50,-2274652.50,-0.999160466,0.040967840,120.000,1.005369516,2016-01,annual,291.138176,67.000000,303.513123,28
greenland,greenland-outlets-v1,gate-02,50,-196507.50,-2274772.50,-0.999160466,0.040967840,120.000,1.005376413,2016-01,annual,249.813148,68.000000,278.313507,29
greenland,greenland-outlets-v1,gate-02,51,-196507.50,-2274892.50,-0.999160466,0.040967840,120.000,1.005383310,2016-01,annual,222.275790,58.000000,245.080811,35
greenland,greenland-outlets-v1,gate-02,52,-196507.50,-2275012.50,-0.999160466,0.040967840,120.000,1.005390207,2016-01,annual,736.231902,29.000000,1013.561340,42
greenland,greenland-outlets-v1,gate-02,53,-196507.50,-2275132.50,-0.999160466,0.040967840,120.000,1.005397105,2016-01,annual,1630.784546,20.000000,1855.110352,48
greenland,greenland-outlets-v1,gate-02,54,-196507.50,-2275252.50,-0.999160466,0.040967840,120.000,1.005404003,2016-01,annual,1708.492594,19.000000,1938.062012,51
greenland,greenland-outlets-v1,gate-02,55,-196507.50,-2275372.50,-0.999160466,0.040967840,120.000,1.005410901,2016-01,annual,1413.163329,20.000000,1711.854736,53
greenland,greenland-outlets-v1,gate-02,56,-196507.50,-2275492.50,-0.999160466,0.040967840,120.000,1.005417800,2016-01,annual,1462.152583,17.000000,1723.279907,55
greenland,greenland-outlets-v1,gate-02,57,-196507.50,-2275612.50,-0.999160466,0.040967840,120.000,1.005424700,2016-01,annual,1443.104828,16.000000,1656.810303,57
greenland,greenland-outlets-v1,gate-02,58,-196507.50,-2275732.50,-0.999160466,0.040967840,120.000,1.005431599,2016-01,annual,1379.347009,16.000000,1588.431885,59
greenland,greenland-outlets-v1,gate-02,59,-196507.50,-2275852.50,-0.999160466,0.040967840,120.000,1.005438500,2016-01,annual,830.248837,16.000000,1109.083862,77
greenland,greenland-outlets-v1,gate-03,60,-324907.50,-1773052.50,-0.960147262,-0.279494607,120.000,0.980723532,2016-01,annual,2822.847733,84.000000,3713.301270,40
greenland,greenland-outlets-v1,gate-03,61,-324907.50,-1773172.50,-0.960147262,-0.279494607,120.000,0.980728839,2016-01,annual,2656.081340,83.000000,3533.072021,42
greenland,greenland-outlets-v1,gate-03,62,-324787.50,-1773292.50,-0.960147262,-0.279494607,120.000,0.980733175,2016-01,annual,2684.673954,64.000000,3554.492920,48
greenland,greenland-outlets-v1,gate-03,63,-324787.50,-1773412.50,-0.960147262,-0.279494607,120.000,0.980738484,2016-01,annual,2594.390569,60.000000,3472.947998,51
greenland,greenland-outlets-v1,gate-03,64,-324787.50,-1773532.50,-0.960147262,-0.279494607,120.000,0.980743793,2016-01,annual,2490.245967,60.000000,3313.205811,50
greenland,greenland-outlets-v1,gate-03,65,-324787.50,-1773652.50,-0.960147262,-0.279494607,120.000,0.980749102,2016-01,annual,2235.537753,64.000000,3000.295654,47
greenland,greenland-outlets-v1,gate-03,66,-324667.50,-1773772.50,-0.960147262,-0.279494607,120.000,0.980753440,2016-01,annual,1557.851528,42.000000,2222.882324,53
greenland,greenland-outlets-v1,gate-03,67,-324667.50,-1773892.50,-0.960147262,-0.279494607,120.000,0.980758750,2016-01,annual,882.065478,41.000000,1426.327515,58
greenland,greenland-outlets-v1,gate-03,68,-324667.50,-1774012.50,-0.960147262,-0.279494607,120.000,0.980764060,2016-01,annual,639.417577,32.000000,1036.833008,70
greenland,greenland-outlets-v1,gate-03,69,-324547.50,-1774132.50,-0.960147262,-0.279494607,120.000,0.980768399,2016-01,annual,658.391487,29.000000,949.048279,75
greenland,greenland-outlets-v1,gate-03,70,-324547.50,-1774252.50,-0.960147262,-0.279494607,120.000,0.980773711,2016-01,annual,439.478813,26.000000,597.639893,85
greenland,greenland-outlets-v1,gate-03,71,-324547.50,-1774372.50,-0.960147262,-0.279494607,120.000,0.980779022,2016-01,annual,311.712153,24.000000,359.286682,89
greenland,greenland-outlets-v1,gate-03,72,-324547.50,-1774492.50,-0.960147262,-0.279494607,120.000,0.980784334,2016-01,annual,244.167392,25.000000,244.363358,88
greenland,greenland-outlets-v1,gate-03,73,-324427.50,-1774492.50,-0.960147262,-0.279494607,120.000,0.980783363,2016-01,annual,311.002446,25.000000,311.867340,89
greenland,greenland-outlets-v1,gate-03,74,-324427.50,-1774612.50,-0.960147262,-0.279494607,120.000,0.980788675,2016-01,annual,294.421847,26.000000,323.845032,89
greenland,greenland-outlets-v1,gate-03,75,-324427.50,-1774732.50,-0.960147262,-0.279494607,120.000,0.980793988,2016-01,annual,261.247860,34.000000,310.555542,70
greenland,greenland-outlets-v1,gate-03,76,-324427.50,-1774852.50,-0.960147262,-0.279494607,120.000,0.980799301,2016-01,annual,283.977494,39.000000,342.349792,48
greenland,greenland-outlets-v1,gate-03,77,-324307.50,-1774972.50,-0.960147262,-0.279494607,120.000,0.980803643,2016-01,annual,307.421050,94.000000,457.577393,12
greenland,greenland-outlets-v1,gate-03,78,-324307.50,-1775092.50,-0.960147262,-0.279494607,120.000,0.980808957,2016-01,annual,482.683909,98.000000,690.589844,9
greenland,greenland-outlets-v1,gate-03,79,-324307.50,-1775212.50,-0.960147262,-0.279494607,120.000,0.980814271,2016-01,annual,,,,0
greenland,greenland-outlets-v1,gate-03,80,-324187.50,-1775332.50,-0.960147262,-0.279494607,120.000,0.980818615,2016-01,annual,3930.131646,703.000000,4899.611816,1
greenland,greenland-outlets-v1,gate-03,81,-324187.50,-1775452.50,-0.960147262,-0.279494607,120.000,0.980823930,2016-01,annual,8239.689147,1479.000000,8922.718750,1
greenland,greenland-outlets-v1,gate-03,82,-324187.50,-1775572.50,-0.960147262,-0.279494607,120.000,0.980829245,2016-01,annual,4865.507249,682.000000,5888.181152,2
greenland,greenland-outlets-v1,gate-03,83,-324187.50,-1775692.50,-0.960147262,-0.279494607,120.000,0.980834561,2016-01,annual,6516.879885,435.000000,7235.998535,4
greenland,greenland-outlets-v1,gate-03,84,-324067.50,-1775812.50,-0.960147262,-0.279494607,120.000,0.980838907,2016-01,annual,7135.507940,439.000000,7798.590820,4
greenland,greenland-outlets-v1,gate-03,85,-324067.50,-1775932.50,-0.960147262,-0.279494607,120.000,0.980844223,2016-01,annual,6889.612437,414.000000,7581.947754,5
greenland,greenland-outlets-v1,gate-04,86,183652.50,-2727652.50,0.502097806,-0.864810843,120.000,1.034142090,2016-01,annual,0.652519,1.000000,1.362959,191
greenland,greenland-outlets-v1,gate-04,87,183772.50,-2727532.50,0.502097806,-0.864810843,120.000,1.034134265,2016-01,annual,7198.058675,777.000000,7251.697266,1
greenland,greenland-outlets-v1,gate-04,88,183892.50,-2727532.50,0.502097806,-0.864810843,120.000,1.034134831,2016-01,annual,11852.133472,776.000000,11899.053711,1
greenland,greenland-outlets-v1,gate-04,89,183892.50,-2727412.50,0.502097806,-0.864810843,120.000,1.034126441,2016-01,annual,-204.039738,99.000000,286.419708,3
greenland,greenland-outlets-v1,gate-04,90,184012.50,-2727412.50,0.502097806,-0.864810843,120.000,1.034127007,2016-01,annual,7489.620067,414.000000,7493.041504,4
greenland,greenland-outlets-v1,gate-04,91,185812.50,-2726332.50,0.502097806,-0.864810843,120.000,1.034060049,2016-01,annual,9559.004562,293.000000,9562.133789,7
greenland,greenland-outlets-v1,gate-04,92,185932.50,-2726212.50,0.502097806,-0.864810843,120.000,1.034052235,2016-01,annual,9121.233091,362.000000,9121.467773,7
greenland,greenland-outlets-v1,gate-04,93,186052.50,-2726212.50,0.502097806,-0.864810843,120.000,1.034052807,2016-01,annual,2480.905002,290.000000,2481.645020,6
greenland,greenland-outlets-v1,gate-04,94,186172.50,-2726092.50,0.502097806,-0.864810843,120.000,1.034044995,2016-01,annual,-205.509347,98.000000,522.003845,10
greenland,greenland-outlets-v1,gate-04,95,186172.50,-2726092.50,0.502097806,-0.864810843,120.000,1.034044995,2016-01,annual,-205.509347,98.000000,522.003845,10
greenland,greenland-outlets-v1,gate-04,96,186292.50,-2725972.50,0.502097806,-0.864810843,120.000,1.034037183,2016-01,annual,258.329697,35.000000,714.968628,73
greenland,greenland-outlets-v1,gate-04,97,186412.50,-2725972.50,0.502097806,-0.864810843,120.000,1.034037756,2016-01,annual,110.895619,15.000000,638.424805,150
greenland,greenland-outlets-v1,gate-04,98,186532.50,-2725852.50,0.502097806,-0.864810843,120.000,1.034029945,2016-01,annual,71.770853,12.000000,663.870117,175
greenland,greenland-outlets-v1,gate-04,99,186652.50,-2725852.50,0.502097806,-0.864810843,120.000,1.034030519,2016-01,annual,24.997494,10.000000,550.729980,215
greenland,greenland-outlets-v1,gate-04,100,186772.50,-2725732.50,0.502097806,-0.864810843,120.000,1.034022709,2016-01,annual,-17.560810,10.000000,552.149597,216
greenland,greenland-outlets-v1,gate-04,101,186892.50,-2725732.50,0.502097806,-0.864810843,120.000,1.034023284,2016-01,annual,-34.043556,7.000000,439.265564,248
greenland,greenland-outlets-v1,gate-04,102,187012.50,-2725612.50,0.502097806,-0.864810843,120.000,1.034015475,2016-01,annual,-84.597597,7.000000,493.879028,257
greenland,greenland-outlets-v1,gate-04,103,187012.50,-2725612.50,0.502097806,-0.864810843,120.000,1.034015475,2016-01,annual,-84.597597,7.000000,493.879028,257
greenland,greenland-outlets-v1,gate-04,104,187132.50,-2725492.50,0.502097806,-0.864810843,120.000,1.034007667,2016-01,annual,-115.842861,6.000000,497.542908,272
greenland,greenland-outlets-v1,gate-04,105,187252.50,-2725492.50,0.502097806,-0.864810843,120.000,1.034008243,2016-01,annual,-123.882741,6.000000,463.357574,277
greenland,greenland-outlets-v1,gate-04,106,187372.50,-2725372.50,0.502097806,-0.864810843,120.000,1.034000436,2016-01,annual,-133.885974,6.000000,470.782654,285
greenland,greenland-outlets-v1,gate-04,107,187492.50,-2725372.50,0.502097806,-0.864810843,120.000,1.034001013,2016-01,annual,-129.539830,6.000000,440.458282,288
greenland,greenland-outlets-v1,gate-04,108,187612.50,-2725252.50,0.502097806,-0.864810843,120.000,1.033993207,2016-01,annual,-118.265506,6.000000,461.289429,280
greenland,greenland-outlets-v1,gate-04,109,187732.50,-2725252.50,0.502097806,-0.864810843,120.000,1.033993784,2016-01,annual,-119.479793,6.000000,437.107727,281
greenland,greenland-outlets-v1,gate-04,110,187732.50,-2725132.50,0.502097806,-0.864810843,120.000,1.033985402,2016-01,annual,-127.443944,6.000000,473.448212,279
greenland,greenland-outlets-v1,gate-04,111,187852.50,-2725132.50,0.502097806,-0.864810843,120.000,1.033985980,2016-01,annual,-125.753751,5.000000,428.139038,283
greenland,greenland-outlets-v1,gate-04,112,187972.50,-2725012.50,0.502097806,-0.864810843,120.000,1.033978176,2016-01,annual,-139.542943,5.000000,396.374634,246
greenland,greenland-outlets-v1,gate-04,113,188092.50,-2725012.50,0.502097806,-0.864810843,120.000,1.033978754,2016-01,annual,-144.035854,4.000000,355.194916,247
greenland,greenland-outlets-v1,gate-04,114,188212.50,-2724892.50,0.502097806,-0.864810843,120.000,1.033970952,2016-01,annual,-148.130289,5.000000,348.311584,235
greenland,greenland-outlets-v1,gate-04,115,188332.50,-2724892.50,0.502097806,-0.864810843,120.000,1.033971531,2016-01,annual,-147.617145,4.000000,319.090118,229
greenland,greenland-outlets-v1,gate-04,116,188452.50,-2724772.50,0.502097806,-0.864810843,120.000,1.033963730,2016-01,annual,-162.632758,5.000000,334.791534,184
greenland,greenland-outlets-v1,gate-05,117,494332.50,-2296372.50,0.931437169,-0.363902185,120.000,1.009226686,2016-01,annual,8324.581598,44.000000,8327.104492,56
greenland,greenland-outlets-v1,gate-05,118,495412.50,-2293612.50,0.931437169,-0.363902185,120.000,1.009079871,2016-01,annual,8140.781859,14.000000,8142.296875,97
greenland,greenland-outlets-v1,gate-05,119,495412.50,-2293492.50,0.931437169,-0.363902185,120.000,1.009072904,2016-01,annual,8011.098474,14.000000,8013.439941,96
greenland,greenland-outlets-v1,gate-05,120,495532.50,-2293372.50,0.931437169,-0.363902185,120.000,1.009067443,2016-01,annual,7815.348430,14.000000,7817.424316,92
greenland,greenland-outlets-v1,gate-05,121,495532.50,-2293252.50,0.931437169,-0.363902185,120.000,1.009060477,2016-01,annual,7593.828136,16.000000,7594.072266,89
greenland,greenland-outlets-v1,gate-05,122,495532.50,-2293132.50,0.931437169,-0.363902185,120.000,1.009053511,2016-01,annual,7273.870033,23.000000,7275.411133,76
greenland,greenland-outlets-v1,gate-05,123,495652.50,-2293012.50,0.931437169,-0.363902185,120.000,1.009048051,2016-01,annual,7040.485681,27.000000,7041.579590,61
greenland,greenland-outlets-v1,gate-05,124,495652.50,-2292892.50,0.931437169,-0.363902185,120.000,1.009041086,2016-01,annual,6453.745741,30.000000,6455.974121,63
greenland,greenland-outlets-v1,gate-05,125,495772.50,-2292772.50,0.931437169,-0.363902185,120.000,1.009035627,2016-01,annual,5500.758558,49.000000,5505.215332,60
greenland,greenland-outlets-v1,gate-05,126,495772.50,-2292772.50,0.931437169,-0.363902185,120.000,1.009035627,2016-01,annual,5500.758558,49.000000,5505.215332,60
greenland,greenland-outlets-v1,gate-05,127,495772.50,-2292652.50,0.931437169,-0.363902185,120.000,1.009028663,2016-01,annual,4731.860090,47.000000,4733.332520,60
greenland,greenland-outlets-v1,gate-05,128,495892.50,-2292532.50,0.931437169,-0.363902185,120.000,1.009023206,2016-01,annual,2965.864627,48.000000,2980.795654,62
greenland,greenland-outlets-v1,gate-05,129,495892.50,-2292412.50,0.931437169,-0.363902185,120.000,1.009016242,2016-01,annual,3368.403066,46.000000,3369.244141,57
greenland,greenland-outlets-v1,gate-05,130,495892.50,-2292292.50,0.931437169,-0.363902185,120.000,1.009009279,2016-01,annual,3417.271638,94.000000,3423.549072,24
greenland,greenland-outlets-v1,gate-05,131,496012.50,-2292172.50,0.931437169,-0.363902185,120.000,1.009003823,2016-01,annual,2797.559602,52.000000,2808.835205,47
greenland,greenland-outlets-v1,gate-05,132,496012.50,-2292052.50,0.931437169,-0.363902185,120.000,1.008996861,2016-01,annual,570.159947,36.000000,570.522461,79
greenland,greenland-outlets-v1,gate-05,133,496012.50,-2291932.50,0.931437169,-0.363902185,120.000,1.008989899,2016-01,annual,337.996793,19.000000,343.186340,128
greenland,greenland-outlets-v1,gate-05,134,496132.50,-2291812.50,0.931437169,-0.363902185,120.000,1.008984444,2016-01,annual,352.247308,21.000000,363.024933,131
greenland,greenland-outlets-v1,gate-05,135,496132.50,-2291692.50,0.931437169,-0.363902185,120.000,1.008977483,2016-01,annual,258.357577,16.000000,264.179382,151
greenland,greenland-outlets-v1,gate-05,136,496252.50,-2291572.50,0.931437169,-0.363902185,120.000,1.008972030,2016-01,annual,120.626493,9.000000,121.693619,195
greenland,greenland-outlets-v1,gate-05,137,496252.50,-2291452.50,0.931437169,-0.363902185,120.000,1.008965070,2016-01,annual,65.450105,8.000000,77.591904,219
greenland,greenland-outlets-v1,gate-05,138,496252.50,-2291332.50,0.931437169,-0.363902185,120.000,1.008958110,2016-01,annual,44.924004,4.000000,66.897942,298
greenland,greenland-outlets-v1,gate-05,139,496372.50,-2291212.50,0.931437169,-0.363902185,120.000,1.008952658,2016-01,annual,29.964327,3.000000,48.963154,299
greenland,greenland-outlets-v1,gate-05,140,496372.50,-2291212.50,0.931437169,-0.363902185,120.000,1.008952658,2016-01,annual,29.964327,3.000000,48.963154,299
greenland,greenland-outlets-v1,gate-05,141,496372.50,-2291092.50,0.931437169,-0.363902185,120.000,1.008945699,2016-01,annual,12.918663,2.000000,22.652521,343
greenland,greenland-outlets-v1,gate-05,142,496492.50,-2290972.50,0.931437169,-0.363902185,120.000,1.008940248,2016-01,annual,-1.931874,1.000000,4.991659,593
greenland,greenland-outlets-v1,gate-05,143,496492.50,-2290852.50,0.931437169,-0.363902185,120.000,1.008933289,2016-01,annual,-2.928376,1.000000,4.951046,774
greenland,greenland-outlets-v1,gate-06,144,-328987.50,-1718692.50,-0.815309184,-0.579025850,120.000,0.978390724,2016-01,annual,-2.659206,1.000000,3.070425,517
greenland,greenland-outlets-v1,gate-06,145,-328987.50,-1718812.50,-0.815309184,-0.579025850,120.000,0.978395863,2016-01,annual,-0.895343,1.000000,1.187523,130
greenland,greenland-outlets-v1,gate-06,146,-328867.50,-1718932.50,-0.815309184,-0.579025850,120.000,0.978400019,2016-01,annual,111.162202,43.000000,118.866905,33
greenland,greenland-outlets-v1,gate-06,147,-328747.50,-1718932.50,-0.815309184,-0.579025850,120.000,0.978399036,2016-01,annual,552.648441,227.000000,614.171814,30
greenland,greenland-outlets-v1,gate-06,148,-328747.50,-1719052.50,-0.815309184,-0.579025850,120.000,0.978404175,2016-01,annual,838.303550,212.000000,928.721558,29
greenland,greenland-outlets-v1,gate-06,149,-328627.50,-1719172.50,-0.815309184,-0.579025850,120.000,0.978408333,2016-01,annual,1758.576365,264.000000,1813.804321,17
greenland,greenland-outlets-v1,gate-06,150,-328627.50,-1719292.50,-0.815309184,-0.579025850,120.000,0.978413473,2016-01,annual,594.091491,181.000000,595.484497,30
greenland,greenland-outlets-v1,gate-06,151,-328507.50,-1719412.50,-0.815309184,-0.579025850,120.000,0.978417631,2016-01,annual,413.802083,160.000000,416.409912,32
greenland,greenland-outlets-v1,gate-06,152,-328507.50,-1719412.50,-0.815309184,-0.579025850,120.000,0.978417631,2016-01,annual,413.802083,160.000000,416.409912,32
greenland,greenland-outlets-v1,gate-06,153,-328387.50,-1719532.50,-0.815309184,-0.579025850,120.000,0.978421790,2016-01,annual,426.430202,175.000000,432.129852,28
greenland,greenland-outlets-v1,gate-06,154,-328267.50,-1719652.50,-0.815309184,-0.579025850,120.000,0.978425950,2016-01,annual,1050.025834,210.000000,1071.141479,17
greenland,greenland-outlets-v1,gate-06,155,-328267.50,-1719772.50,-0.815309184,-0.579025850,120.000,0.978431092,2016-01,annual,1251.918890,258.000000,1255.173340,16
greenland,greenland-outlets-v1,gate-06,156,-328147.50,-1719892.50,-0.815309184,-0.579025850,120.000,0.978435253,2016-01,annual,1998.982349,278.000000,1999.397949,14
greenland,greenland-outlets-v1,gate-06,157,-328147.50,-1719892.50,-0.815309184,-0.579025850,120.000,0.978435253,2016-01,annual,1998.982349,278.000000,1999.397949,14
greenland,greenland-outlets-v1,gate-06,158,-328027.50,-1720012.50,-0.815309184,-0.579025850,120.000,0.978439414,2016-01,annual,2006.876570,318.000000,2506.719971,13
greenland,greenland-outlets-v1,gate-06,159,-327907.50,-1720132.50,-0.815309184,-0.579025850,120.000,0.978443576,2016-01,annual,5159.931091,244.000000,5219.993652,16
greenland,greenland-outlets-v1,gate-06,160,-327907.50,-1720252.50,-0.815309184,-0.579025850,120.000,0.978448720,2016-01,annual,6803.274727,191.000000,7030.805664,21
greenland,greenland-outlets-v1,gate-06,161,-327787.50,-1720372.50,-0.815309184,-0.579025850,120.000,0.978452883,2016-01,annual,7219.567813,159.000000,7488.767578,24
greenland,greenland-outlets-v1,gate-06,162,-327787.50,-1720492.50,-0.815309184,-0.579025850,120.000,0.978458027,2016-01,annual,8449.762674,159.000000,8783.975586,25
greenland,greenland-outlets-v1,gate-06,163,-327667.50,-1720492.50,-0.815309184,-0.579025850,120.000,0.978457047,2016-01,annual,8410.404448,158.000000,8664.600586,25
greenland,greenland-outlets-v1,gate-06,164,-327667.50,-1720612.50,-0.815309184,-0.579025850,120.000,0.978462192,2016-01,annual,7143.445501,138.000000,7152.785156,30
greenland,greenland-outlets-v1,gate-06,165,-327547.50,-1720732.50,-0.815309184,-0.579025850,120.000,0.978466357,2016-01,annual,11895.489746,193.000000,11992.605469,17
greenland,greenland-outlets-v1,gate-07,166,314812.50,-2575852.50,0.995898935,-0.090472708,120.000,1.024683918,2016-01,annual,8052.990688,37.000000,8070.518555,62
greenland,greenland-outlets-v1,gate-07,167,314812.50,-2575732.50,0.995898935,-0.090472708,120.000,1.024676032,2016-01,annual,7963.430088,38.000000,7978.219727,56
greenland,greenland-outlets-v1,gate-07,168,314812.50,-2575612.50,0.995898935,-0.090472708,120.000,1.024668146,2016-01,annual,7968.990496,40.000000,7978.457031,6
greenland,greenland-outlets-v1,gate-07,169,314812.50,-2575492.50,0.995898935,-0.090472708,120.000,1.024660261,2016-01,annual,764.769905,11.000000,766.791504,19
greenland,greenland-outlets-v1,gate-08,170,-62947.50,-3181372.50,0.915217150,-0.402961001,120.000,1.068408715,2016-01,annual,3.634066,1.000000,3.798453,681
greenland,greenland-outlets-v1,gate-08,171,-62947.50,-3181252.50,0.915217150,-0.402961001,120.000,1.068398764,2016-01,annual,2.874137,1.000000,2.874682,684
greenland,greenland-outlets-v1,gate-08,172,-62827.50,-3181132.50,0.915217150,-0.402961001,120.000,1.068388618,2016-01,annual,1.320729,1.000000,1.829133,743
greenland,greenland-outlets-v1,gate-08,173,-62827.50,-3181012.50,0.915217150,-0.402961001,120.000,1.068378668,2016-01,annual,1.937075,1.000000,1.946990,737
greenland,greenland-outlets-v1,gate-08,174,-62707.50,-3180892.50,0.915217150,-0.402961001,120.000,1.068368523,2016-01,annual,-0.215613,1.000000,1.804942,759
greenland,greenland-outlets-v1,gate-08,175,-62707.50,-3180772.50,0.915217150,-0.402961001,120.000,1.068358574,2016-01,annual,0.201275,1.000000,1.591302,759
greenland,greenland-outlets-v1,gate-08,176,-62707.50,-3180652.50,0.915217150,-0.402961001,120.000,1.068348625,2016-01,annual,0.912547,1.000000,1.799300,758
greenland,greenland-outlets-v1,gate-08,177,-62107.50,-3179452.50,0.915217150,-0.402961001,120.000,1.068248190,2016-01,annual,39.896987,1.000000,43.619350,211
greenland,greenland-outlets-v1,gate-08,178,-62107.50,-3179332.50,0.915217150,-0.402961001,120.000,1.068238246,2016-01,annual,42.390218,1.000000,44.722183,196
greenland,greenland-outlets-v1,gate-08,179,-61987.50,-3179212.50,0.915217150,-0.402961001,120.000,1.068228109,2016-01,annual,42.754641,1.000000,45.582039,193
greenland,greenland-outlets-v1,gate-08,180,-61987.50,-3179212.50,0.915217150,-0.402961001,120.000,1.068228109,2016-01,annual,42.754641,1.000000,45.582039,193
greenland,greenland-outlets-v1,gate-08,181,-61987.50,-3179092.50,0.915217150,-0.402961001,120.000,1.068218166,2016-01,annual,8427.613833,210.000000,8429.136719,1
greenland,greenland-outlets-v1,gate-08,182,-61867.50,-3178972.50,0.915217150,-0.402961001,120.000,1.068208030,2016-01,annual,8353.766884,621.000000,8362.104492,1
greenland,greenland-outlets-v1,gate-08,183,-61867.50,-3178852.50,0.915217150,-0.402961001,120.000,1.068198088,2016-01,annual,8228.850969,621.000000,8236.388672,1
greenland,greenland-outlets-v1,gate-08,184,-61747.50,-3178732.50,0.915217150,-0.402961001,120.000,1.068187953,2016-01,annual,,,,0
greenland,greenland-outlets-v1,gate-08,185,-61747.50,-3178612.50,0.915217150,-0.402961001,120.000,1.068178012,2016-01,annual,,,,0
greenland,greenland-outlets-v1,gate-08,186,-61747.50,-3178492.50,0.915217150,-0.402961001,120.000,1.068168071,2016-01,annual,1706.291769,63.000000,1709.070923,10
greenland,greenland-outlets-v1,gate-08,187,-61627.50,-3178372.50,0.915217150,-0.402961001,120.000,1.068157938,2016-01,annual,1.514778,1.000000,1.744639,307
greenland,greenland-outlets-v1,gate-09,188,191212.50,-2757412.50,0.391380699,0.920228856,120.000,1.036271676,2016-01,annual,841.676142,94.000000,842.108459,30
greenland,greenland-outlets-v1,gate-09,189,191092.50,-2757412.50,0.391380699,0.920228856,120.000,1.036271088,2016-01,annual,1988.393055,116.000000,1989.218018,22
greenland,greenland-outlets-v1,gate-09,190,190972.50,-2757412.50,0.391380699,0.920228856,120.000,1.036270500,2016-01,annual,2345.632694,121.000000,2350.157471,23
greenland,greenland-outlets-v1,gate-09,191,190852.50,-2757292.50,0.391380699,0.920228856,120.000,1.036261421,2016-01,annual,7467.597264,124.000000,7567.797363,11
greenland,greenland-outlets-v1,gate-09,192,190732.50,-2757292.50,0.391380699,0.920228856,120.000,1.036260834,2016-01,annual,7299.571301,121.000000,7343.089355,12
greenland,greenland-outlets-v1,gate-09,193,190732.50,-2757172.50,0.391380699,0.920228856,120.000,1.036252344,2016-01,annual,6108.609497,110.000000,6132.794922,14
greenland,greenland-outlets-v1,gate-09,194,190612.50,-2757172.50,0.391380699,0.920228856,120.000,1.036251756,2016-01,annual,6537.325934,99.000000,6540.098145,18
greenland,greenland-outlets-v1,gate-09,195,190492.50,-2757172.50,0.391380699,0.920228856,120.000,1.036251170,2016-01,annual,6874.084650,95.000000,6903.738770,18
greenland,greenland-outlets-v1,gate-09,196,190372.50,-2757052.50,0.391380699,0.920228856,120.000,1.036242094,2016-01,annual,6665.054829,75.000000,6776.777344,22
greenland,greenland-outlets-v1,gate-09,197,190252.50,-2757052.50,0.391380699,0.920228856,120.000,1.036241507,2016-01,annual,6943.969632,72.000000,7031.418457,23
greenland,greenland-outlets-v1,gate-09,198,190132.50,-2756932.50,0.391380699,0.920228856,120.000,1.036232433,2016-01,annual,7820.647442,67.000000,7926.263184,30
greenland,greenland-outlets-v1,gate-09,199,190012.50,-2756932.50,0.391380699,0.920228856,120.000,1.036231847,2016-01,annual,7791.621624,65.000000,7914.563965,30
greenland,greenland-outlets-v1,gate-09,200,189892.50,-2756932.50,0.391380699,0.920228856,120.000,1.036231262,2016-01,annual,7586.138106,62.000000,7830.359863,30
greenland,greenland-outlets-v1,gate-10,201,-244747.50,-2776372.50,-0.883452245,0.468521218,120.000,1.037917946,2016-01,annual,0.078738,1.000000,0.384624,315
greenland,greenland-outlets-v1,gate-10,202,-244747.50,-2776492.50,-0.883452245,0.468521218,120.000,1.037926502,2016-01,annual,0.099348,1.000000,0.649031,393
greenland,greenland-outlets-v1,gate-10,203,-244747.50,-2776612.50,-0.883452245,0.468521218,120.000,1.037935059,2016-01,annual,-0.092147,1.000000,1.992280,573
greenland,greenland-outlets-v1,gate-10,204,-244867.50,-2776732.50,-0.883452245,0.468521218,120.000,1.037944370,2016-01,annual,11458.670149,136.000000,11583.666016,35
greenland,greenland-outlets-v1,gate-10,205,-244867.50,-2776732.50,-0.883452245,0.468521218,120.000,1.037944370,2016-01,annual,11458.670149,136.000000,11583.666016,35
greenland,greenland-outlets-v1,gate-10,206,-244987.50,-2776852.50,-0.883452245,0.468521218,120.000,1.037953683,2016-01,annual,,,,0
greenland,greenland-outlets-v1,gate-10,207,-244987.50,-2776972.50,-0.883452245,0.468521218,120.000,1.037962240,2016-01,annual,11247.464935,139.000000,11339.539062,34
greenland,greenland-outlets-v1,gate-10,208,-245107.50,-2777092.50,-0.883452245,0.468521218,120.000,1.037971554,2016-01,annual,11220.605866,122.000000,11324.280273,42
greenland,greenland-outlets-v1,gate-10,209,-245107.50,-2777212.50,-0.883452245,0.468521218,120.000,1.037980113,2016-01,annual,11049.621335,121.000000,11144.106445,42
greenland,greenland-outlets-v1,gate-10,210,-245227.50,-2777332.50,-0.883452245,0.468521218,120.000,1.037989427,2016-01,annual,10575.141662,127.000000,10677.565430,40
greenland,greenland-outlets-v1,gate-10,211,-245227.50,-2777452.50,-0.883452245,0.468521218,120.000,1.037997987,2016-01,annual,10604.458964,128.000000,10705.310547,39
greenland,greenland-outlets-v1,gate-10,212,-245347.50,-2777572.50,-0.883452245,0.468521218,120.000,1.038007303,2016-01,annual,10368.778839,120.000000,10444.899414,43
greenland,greenland-outlets-v1,gate-10,213,-245347.50,-2777572.50,-0.883452245,0.468521218,120.000,1.038007303,2016-01,annual,10368.778839,120.000000,10444.899414,43
greenland,greenland-outlets-v1,gate-10,214,-245467.50,-2777692.50,-0.883452245,0.468521218,120.000,1.038016620,2016-01,annual,10458.816357,116.000000,10532.256836,44
greenland,greenland-outlets-v1,gate-10,215,-245467.50,-2777812.50,-0.883452245,0.468521218,120.000,1.038025180,2016-01,annual,10542.327062,107.000000,10599.361328,46
greenland,greenland-outlets-v1,gate-10,216,-245587.50,-2778052.50,-0.883452245,0.468521218,120.000,1.038043060,2016-01,annual,11208.475825,109.000000,11273.744141,44
greenland,greenland-outlets-v1,gate-10,217,-245587.50,-2778172.50,-0.883452245,0.468521218,120.000,1.038051622,2016-01,annual,11220.551623,106.000000,11289.256836,47
greenland,greenland-outlets-v1,gate-10,218,-245707.50,-2778292.50,-0.883452245,0.468521218,120.000,1.038060942,2016-01,annual,11179.905086,111.000000,11235.375000,45
greenland,greenland-outlets-v1,gate-10,219,-245707.50,-2778412.50,-0.883452245,0.468521218,120.000,1.038069504,2016-01,annual,11499.027853,107.000000,11543.483398,45
greenland,greenland-outlets-v1,gate-10,220,-245827.50,-2778532.50,-0.883452245,0.468521218,120.000,1.038078825,2016-01,annual,11108.436047,108.000000,11140.034180,42
greenland,greenland-outlets-v1,gate-10,221,-245827.50,-2778532.50,-0.883452245,0.468521218,120.000,1.038078825,2016-01,annual,11108.436047,108.000000,11140.034180,42
greenland,greenland-outlets-v1,gate-10,222,-245947.50,-2778652.50,-0.883452245,0.468521218,120.000,1.038088147,2016-01,annual,10801.495340,117.000000,10833.463867,40
greenland,greenland-outlets-v1,gate-10,223,-245947.50,-2778772.50,-0.883452245,0.468521218,120.000,1.038096711,2016-01,annual,10548.633320,118.000000,10581.243164,39
greenland,greenland-outlets-v1,gate-10,224,-246067.50,-2778892.50,-0.883452245,0.468521218,120.000,1.038106033,2016-01,annual,10739.747361,112.000000,10769.064453,44
greenland,greenland-outlets-v1,gate-10,225,-246067.50,-2779012.50,-0.883452245,0.468521218,120.000,1.038114598,2016-01,annual,10644.601041,114.000000,10679.565430,43
greenland,greenland-outlets-v1,gate-10,226,-246187.50,-2779132.50,-0.883452245,0.468521218,120.000,1.038123922,2016-01,annual,10365.882525,115.000000,10395.621094,43
greenland,greenland-outlets-v1,gate-10,227,-246187.50,-2779252.50,-0.883452245,0.468521218,120.000,1.038132488,2016-01,annual,10433.748157,119.000000,10459.614258,40
greenland,greenland-outlets-v1,gate-10,228,-246307.50,-2779372.50,-0.883452245,0.468521218,120.000,1.038141813,2016-01,annual,10060.154929,140.000000,10074.370117,31
greenland,greenland-outlets-v1,gate-10,229,-246307.50,-2779372.50,-0.883452245,0.468521218,120.000,1.038141813,2016-01,annual,10060.154929,140.000000,10074.370117,31
greenland,greenland-outlets-v1,gate-10,230,-246427.50,-2779492.50,-0.883452245,0.468521218,120.000,1.038151139,2016-01,annual,9790.081863,149.000000,9803.284180,26
greenland,greenland-outlets-v1,gate-10,231,-246427.50,-2779612.50,-0.883452245,0.468521218,120.000,1.038159705,2016-01,annual,9660.965814,174.000000,9669.291992,20
greenland,greenland-outlets-v1,gate-10,232,-246427.50,-2779732.50,-0.883452245,0.468521218,120.000,1.038168273,2016-01,annual,8373.017316,248.000000,8383.700195,13
greenland,greenland-outlets-v1,gate-10,233,-246547.50,-2779852.50,-0.883452245,0.468521218,120.000,1.038177600,2016-01,annual,7944.654432,339.000000,7966.041016,7
greenland,greenland-outlets-v1,gate-10,234,-246547.50,-2779972.50,-0.883452245,0.468521218,120.000,1.038186168,2016-01,annual,2313.341841,330.000000,2654.450439,4
greenland,greenland-outlets-v1,gate-10,235,-246667.50,-2780092.50,-0.883452245,0.468521218,120.000,1.038195497,2016-01,annual,89.348965,23.000000,99.566360,19
greenland,greenland-outlets-v1,gate-10,236,-246667.50,-2780212.50,-0.883452245,0.468521218,120.000,1.038204066,2016-01,annual,1.451980,5.000000,5.655878,60
greenland,greenland-outlets-v1,gate-10,237,-246787.50,-2780332.50,-0.883452245,0.468521218,120.000,1.038213396,2016-01,annual,-1.641109,2.000000,2.056298,190
greenland,greenland-outlets-v1,gate-10,238,-246787.50,-2780332.50,-0.883452245,0.468521218,120.000,1.038213396,2016-01,annual,-1.641109,2.000000,2.056298,190
greenland,greenland-outlets-v1,gate-11,239,664252.50,-2270332.50,0.832079762,-0.554655993,120.000,1.010213585,2016-01,annual,1.819892,0.000000,3.431331,562
greenland,greenland-outlets-v1,gate-11,240,664372.50,-2270212.50,0.832079762,-0.554655993,120.000,1.010208704,2016-01,annual,0.085577,0.000000,3.946466,790
greenland,greenland-outlets-v1,gate-11,241,664372.50,-2270092.50,0.832079762,-0.554655993,120.000,1.010201804,2016-01,annual,0.803224,0.000000,3.467501,879
greenland,greenland-outlets-v1,gate-11,242,664492.50,-2269972.50,0.832079762,-0.554655993,120.000,1.010196924,2016-01,annual,-0.068768,0.000000,2.322859,988
greenland,greenland-outlets-v1,gate-11,243,664852.50,-2269372.50,0.832079762,-0.554655993,120.000,1.010168494,2016-01,annual,0.654197,1.000000,2.993240,458
greenland,greenland-outlets-v1,gate-11,244,664972.50,-2269252.50,0.832079762,-0.554655993,120.000,1.010163618,2016-01,annual,-0.444807,1.000000,3.538356,210
greenland,greenland-outlets-v1,gate-11,245,664972.50,-2269252.50,0.832079762,-0.554655993,120.000,1.010163618,2016-01,annual,-0.444807,1.000000,3.538356,210
greenland,greenland-outlets-v1,gate-11,246,665092.50,-2269132.50,0.832079762,-0.554655993,120.000,1.010158742,2016-01,annual,-0.223642,1.000000,3.319758,256
greenland,greenland-outlets-v1,gate-11,247,665092.50,-2269012.50,0.832079762,-0.554655993,120.000,1.010151846,2016-01,annual,0.125248,0.000000,2.485553,544
greenland,greenland-outlets-v1,gate-11,248,665212.50,-2268892.50,0.832079762,-0.554655993,120.000,1.010146972,2016-01,annual,4748.850491,2099.000000,4777.961914,2
greenland,greenland-outlets-v1,gate-11,249,665212.50,-2268772.50,0.832079762,-0.554655993,120.000,1.010140076,2016-01,annual,4119.192779,2124.000000,4189.412109,2
greenland,greenland-outlets-v1,gate-11,250,665332.50,-2268652.50,0.832079762,-0.554655993,120.000,1.010135203,2016-01,annual,2132.971700,2175.000000,2312.925293,2
greenland,greenland-outlets-v1,gate-11,251,665452.50,-2268652.50,0.832079762,-0.554655993,120.000,1.010137225,2016-01,annual,1829.859999,2190.000000,2219.063232,2
greenland,greenland-outlets-v1,gate-11,252,665452.50,-2268532.50,0.832079762,-0.554655993,120.000,1.010130331,2016-01,annual,2493.743436,2157.000000,2613.072266,2
greenland,greenland-outlets-v1,gate-11,253,665572.50,-2268412.50,0.832079762,-0.554655993,120.000,1.010125459,2016-01,annual,3289.297062,1998.000000,3318.087402,2
greenland,greenland-outlets-v1,gate-11,254,665572.50,-2268292.50,0.832079762,-0.554655993,120.000,1.010118565,2016-01,annual,2964.517089,2005.000000,2984.661865,2
greenland,greenland-outlets-v1,gate-11,255,665692.50,-2268172.50,0.832079762,-0.554655993,120.000,1.010113694,2016-01,annual,2685.004258,2054.000000,2685.044922,2
greenland,greenland-outlets-v1,gate-11,256,665692.50,-2268052.50,0.832079762,-0.554655993,120.000,1.010106801,2016-01,annual,3774.119588,2055.000000,3774.127930,2
greenland,greenland-outlets-v1,gate-11,257,665812.50,-2268052.50,0.832079762,-0.554655993,120.000,1.010108825,2016-01,annual,3396.699083,2041.000000,3398.716064,2
greenland,greenland-outlets-v1,gate-11,258,665812.50,-2267932.50,0.832079762,-0.554655993,120.000,1.010101932,2016-01,annual,3541.868225,2020.000000,3553.968750,2
greenland,greenland-outlets-v1,gate-11,259,665932.50,-2267812.50,0.832079762,-0.554655993,120.000,1.010097063,2016-01,annual,3514.017027,2041.000000,3516.318115,2
greenland,greenland-outlets-v1,gate-11,260,666172.50,-2267452.50,0.832079762,-0.554655993,120.000,1.010080436,2016-01,annual,-2081.257577,413.000000,2085.225098,4
greenland,greenland-outlets-v1,gate-12,261,-260587.50,-1980172.50,-0.687258612,-0.726412830,120.000,0.989972154,2016-01,annual,5.175783,1.000000,6.180694,694
greenland,greenland-outlets-v1,gate-12,262,-260467.50,-1980292.50,-0.687258612,-0.726412830,120.000,0.989977327,2016-01,annual,8393.051563,119.000000,8475.567383,18
greenland,greenland-outlets-v1,gate-12,263,-260347.50,-1980292.50,-0.687258612,-0.726412830,120.000,0.989976544,2016-01,annual,8735.817819,111.000000,8809.407227,23
greenland,greenland-outlets-v1,gate-12,264,-260347.50,-1980412.50,-0.687258612,-0.726412830,120.000,0.989982500,2016-01,annual,8795.521852,103.000000,8883.791016,24
greenland,greenland-outlets-v1,gate-12,265,-260227.50,-1980532.50,-0.687258612,-0.726412830,120.000,0.989987675,2016-01,annual,7394.762759,91.000000,7483.827148,29
greenland,greenland-outlets-v1,gate-12,266,-260107.50,-1980532.50,-0.687258612,-0.726412830,120.000,0.989986892,2016-01,annual,8428.334210,91.000000,8497.845703,30
greenland,greenland-outlets-v1,gate-12,267,-259987.50,-1980652.50,-0.687258612,-0.726412830,120.000,0.989992067,2016-01,annual,8805.920043,92.000000,8864.969727,30
greenland,greenland-outlets-v1,gate-12,268,-259987.50,-1980772.50,-0.687258612,-0.726412830,120.000,0.989998025,2016-01,annual,8170.295571,87.000000,8245.595703,30
greenland,greenland-outlets-v1,gate-12,269,-259867.50,-1980772.50,-0.687258612,-0.726412830,120.000,0.989997244,2016-01,annual,8004.710754,84.000000,8057.756836,34
greenland,greenland-outlets-v1,gate-12,270,-259747.50,-1980892.50,-0.687258612,-0.726412830,120.000,0.990002420,2016-01,annual,8140.393614,84.000000,8204.012695,31
greenland,greenland-outlets-v1,gate-12,271,-259747.50,-1981012.50,-0.687258612,-0.726412830,120.000,0.990008379,2016-01,annual,8115.796221,86.000000,8178.619141,30
greenland,greenland-outlets-v1,gate-12,272,-259627.50,-1981132.50,-0.687258612,-0.726412830,120.000,0.990013557,2016-01,annual,8366.546702,84.000000,8418.752930,31
greenland,greenland-outlets-v1,gate-12,273,-259507.50,-1981132.50,-0.687258612,-0.726412830,120.000,0.990012776,2016-01,annual,8220.939501,84.000000,8255.005859,33
greenland,greenland-outlets-v1,gate-12,274,-259387.50,-1981252.50,-0.687258612,-0.726412830,120.000,0.990017955,2016-01,annual,7785.362206,126.000000,7811.761719,23
greenland,greenland-outlets-v1,gate-12,275,-259387.50,-1981372.50,-0.687258612,-0.726412830,120.000,0.990023915,2016-01,annual,7864.410161,127.000000,7895.135742,19
greenland,greenland-outlets-v1,gate-12,276,-259267.50,-1981372.50,-0.687258612,-0.726412830,120.000,0.990023135,2016-01,annual,7720.035041,139.000000,7741.975098,15
greenland,greenland-outlets-v1,gate-12,277,-259147.50,-1981492.50,-0.687258612,-0.726412830,120.000,0.990028316,2016-01,annual,7326.688085,138.000000,7371.810059,15
greenland,greenland-outlets-v1,gate-12,278,-259027.50,-1981612.50,-0.687258612,-0.726412830,120.000,0.990033497,2016-01,annual,7054.391925,138.000000,7074.406250,13
greenland,greenland-outlets-v1,gate-12,279,-259027.50,-1981612.50,-0.687258612,-0.726412830,120.000,0.990033497,2016-01,annual,7054.391925,138.000000,7074.406250,13
greenland,greenland-outlets-v1,gate-12,280,-258907.50,-1981732.50,-0.687258612,-0.726412830,120.000,0.990038679,2016-01,annual,6587.258690,153.000000,6595.038574,11
greenland,greenland-outlets-v1,gate-12,281,-258787.50,-1981852.50,-0.687258612,-0.726412830,120.000,0.990043862,2016-01,annual,3715.913683,170.000000,3716.965820,9
greenland,greenland-outlets-v1,gate-12,282,-258787.50,-1981852.50,-0.687258612,-0.726412830,120.000,0.990043862,2016-01,annual,3715.913683,170.000000,3716.965820,9
greenland,greenland-outlets-v1,gate-12,283,-258667.50,-1981972.50,-0.687258612,-0.726412830,120.000,0.990049045,2016-01,annual,649.569315,163.000000,653.032959,3
greenland,greenland-outlets-v1,gate-12,284,-258547.50,-1982092.50,-0.687258612,-0.726412830,120.000,0.990054229,2016-01,annual,3.319348,0.000000,4.025081,975
greenland,greenland-outlets-v1,gate-12,285,-258427.50,-1982092.50,-0.687258612,-0.726412830,120.000,0.990053452,2016-01,annual,3.199938,0.000000,4.322644,989
greenland,greenland-outlets-v1,gate-01,0,-167827.50,-3142852.50,-0.139044586,0.990286122,120.000,1.065551284,2017-01,annual,36.930707,0.000000,95.928604,2454
greenland,greenland-outlets-v1,gate-01,1,-167947.50,-3142852.50,-0.139044586,0.990286122,120.000,1.065551809,2017-01,annual,34.830813,0.000000,93.657936,2407
greenland,greenland-outlets-v1,gate-01,2,-168067.50,-3142852.50,-0.139044586,0.990286122,120.000,1.065552334,2017-01,annual,33.368559,0.000000,91.740753,2445
greenland,greenland-outlets-v1,gate-01,3,-168187.50,-3142852.50,-0.139044586,0.990286122,120.000,1.065552859,2017-01,annual,31.402486,0.000000,89.416107,2463
greenland,greenland-outlets-v1,gate-01,4,-168307.50,-3142852.50,-0.139044586,0.990286122,120.000,1.065553384,2017-01,annual,26.973340,0.000000,85.343269,2451
greenland,greenland-outlets-v1,gate-01,5,-168427.50,-3142852.50,-0.139044586,0.990286122,120.000,1.065553910,2017-01,annual,23.107400,0.000000,83.813271,2453
greenland,greenland-outlets-v1,gate-01,6,-168547.50,-3142852.50,-0.139044586,0.990286122,120.000,1.065554436,2017-01,annual,19.890956,0.000000,80.668343,2438
greenland,greenland-outlets-v1,gate-01,7,-168667.50,-3142852.50,-0.139044586,0.990286122,120.000,1.065554963,2017-01,annual,18.041642,0.000000,78.565559,2449
greenland,greenland-outlets-v1,gate-01,8,-168787.50,-3142972.50,-0.139044586,0.990286122,120.000,1.065565307,2017-01,annual,15.383753,0.000000,75.304535,2356
greenland,greenland-outlets-v1,gate-01,9,-168907.50,-3142972.50,-0.139044586,0.990286122,120.000,1.065565834,2017-01,annual,14.735614,0.000000,74.281052,2316
greenland,greenland-outlets-v1,gate-01,10,-169027.50,-3142972.50,-0.139044586,0.990286122,120.000,1.065566362,2017-01,annual,13.717232,0.000000,73.074333,2281
greenland,greenland-outlets-v1,gate-01,11,-169147.50,-3142972.50,-0.139044586,0.990286122,120.000,1.065566890,2017-01,annual,12.455608,0.000000,69.777443,2270
greenland,greenland-outlets-v1,gate-01,12,-169267.50,-3142972.50,-0.139044586,0.990286122,120.000,1.065567419,2017-01,annual,11.793536,0.000000,65.474785,2302
greenland,greenland-outlets-v1,gate-01,13,-169387.50,-3142972.50,-0.139044586,0.990286122,120.000,1.065567948,2017-01,annual,12.208484,0.000000,64.223602,2316
greenland,greenland-outlets-v1,gate-01,14,-169507.50,-3142972.50,-0.139044586,0.990286122,120.000,1.065568477,2017-01,annual,13.437334,0.000000,61.189976,2321
greenland,greenland-outlets-v1,gate-01,15,-169627.50,-3143092.50,-0.139044586,0.990286122,120.000,1.065578824,2017-01,annual,10.468363,0.000000,51.566811,2297
greenland,greenland-outlets-v1,gate-01,16,-169747.50,-3143092.50,-0.139044586,0.990286122,120.000,1.065579354,2017-01,annual,9.769228,0.000000,49.865570,2288
greenland,greenland-outlets-v1,gate-01,17,-169867.50,-3143092.50,-0.139044586,0.990286122,120.000,1.065579884,2017-01,annual,10.418803,0.000000,50.589794,2287
greenland,greenland-outlets-v1,gate-01,18,-169987.50,-3143092.50,-0.139044586,0.990286122,120.000,1.065580415,2017-01,annual,10.501275,0.000000,48.813183,2299
greenland,greenland-outlets-v1,gate-01,19,-170107.50,-3143092.50,-0.139044586,0.990286122,120.000,1.065580946,2017-01,annual,10.117260,0.000000,44.841728,2216
greenland,greenland-outlets-v1,gate-01,20,-170227.50,-3143092.50,-0.139044586,0.990286122,120.000,1.065581478,2017-01,annual,9.339010,0.000000,43.504864,2168
greenland,greenland-outlets-v1,gate-01,21,-170347.50,-3143092.50,-0.139044586,0.990286122,120.000,1.065582010,2017-01,annual,8.270066,0.000000,43.459782,2129
greenland,greenland-outlets-v1,gate-01,22,-170467.50,-3143212.50,-0.139044586,0.990286122,120.000,1.065592360,2017-01,annual,3.661858,0.000000,35.876606,1457
greenland,greenland-outlets-v1,gate-01,23,-170587.50,-3143212.50,-0.139044586,0.990286122,120.000,1.065592893,2017-01,annual,1.310034,0.000000,33.974281,1369
greenland,greenland-outlets-v1,gate-01,24,-170707.50,-3143212.50,-0.139044586,0.990286122,120.000,1.065593426,2017-01,annual,-0.085195,0.000000,31.199129,1300
greenland,greenland-outlets-v1,gate-01,25,-170827.50,-3143212.50,-0.139044586,0.990286122,120.000,1.065593959,2017-01,annual,-2.360930,0.000000,32.039200,1249
greenland,greenland-outlets-v1,gate-01,26,-170947.50,-3143212.50,-0.139044586,0.990286122,120.000,1.065594493,2017-01,annual,0.787980,0.000000,31.132351,1488
greenland,greenland-outlets-v1,gate-01,27,-171067.50,-3143212.50,-0.139044586,0.990286122,120.000,1.065595027,2017-01,annual,0.227630,0.000000,29.876249,1491
greenland,greenland-outlets-v1,gate-01,28,-171187.50,-3143212.50,-0.139044586,0.990286122,120.000,1.065595561,2017-01,annual,-2.517064,0.000000,31.000389,1534
greenland,greenland-outlets-v1,gate-01,29,-172387.50,-3143452.50,-0.139044586,0.990286122,120.000,1.065620564,2017-01,annual,-4.052863,0.000000,10.386681,1889
greenland,greenland-outlets-v1,gate-01,30,-172507.50,-3143452.50,-0.139044586,0.990286122,120.000,1.065621103,2017-01,annual,-2.039146,0.000000,8.437454,1881
greenland,greenland-outlets-v1,gate-01,31,-172627.50,-3143452.50,-0.139044586,0.990286122,120.000,1.065621642,2017-01,annual,-1.381363,0.000000,6.953219,2097
greenland,greenland-outlets-v1,gate-01,32,-172747.50,-3143452.50,-0.139044586,0.990286122,120.000,1.065622181,2017-01,annual,-0.347244,0.000000,4.950481,2150
greenland,greenland-outlets-v1,gate-01,33,-172867.50,-3143452.50,-0.139044586,0.990286122,120.000,1.065622721,2017-01,annual,0.852883,0.000000,2.571640,2181
greenland,greenland-outlets-v1,gate-02,34,-196387.50,-2272852.50,-0.999160466,0.040967840,120.000,1.005265518,2017-01,annual,10512.254422,248.000000,10567.319336,144
greenland,greenland-outlets-v1,gate-02,35,-196387.50,-2272972.50,-0.999160466,0.040967840,120.000,1.005272409,2017-01,annual,10511.156587,227.000000,10568.079102,155
greenland,greenland-outlets-v1,gate-02,36,-196387.50,-2273092.50,-0.999160466,0.040967840,120.000,1.005279300,2017-01,annual,10488.702644,230.000000,10542.218750,148
greenland,greenland-outlets-v1,gate-02,37,-196387.50,-2273212.50,-0.999160466,0.040967840,120.000,1.005286191,2017-01,annual,10346.815161,231.000000,10400.112305,142
greenland,greenland-outlets-v1,gate-02,38,-196387.50,-2273332.50,-0.999160466,0.040967840,120.000,1.005293083,2017-01,annual,10184.712127,238.000000,10238.291016,127
greenland,greenland-outlets-v1,gate-02,39,-196387.50,-2273452.50,-0.999160466,0.040967840,120.000,1.005299976,2017-01,annual,10062.151597,245.000000,10108.178711,119
greenland,greenland-outlets-v1,gate-02,40,-196387.50,-2273572.50,-0.999160466,0.040967840,120.000,1.005306868,2017-01,annual,8861.157088,258.000000,8900.282227,117
greenland,greenland-outlets-v1,gate-02,41,-196387.50,-2273692.50,-0.999160466,0.040967840,120.000,1.005313762,2017-01,annual,4956.275306,216.000000,5025.006348,123
greenland,greenland-outlets-v1,gate-02,42,-196387.50,-2273812.50,-0.999160466,0.040967840,120.000,1.005320655,2017-01,annual,4921.536096,208.000000,4983.980469,130
greenland,greenland-outlets-v1,gate-02,43,-196387.50,-2273932.50,-0.999160466,0.040967840,120.000,1.005327549,2017-01,annual,4690.212529,202.000000,4751.419922,132
greenland,greenland-outlets-v1,gate-02,44,-196387.50,-2274052.50,-0.999160466,0.040967840,120.000,1.005334443,2017-01,annual,4494.201268,211.000000,4552.172852,130
greenland,greenland-outlets-v1,gate-02,45,-196387.50,-2274172.50,-0.999160466,0.040967840,120.000,1.005341338,2017-01,annual,4451.850903,218.000000,4508.222656,128
greenland,greenland-outlets-v1,gate-02,46,-196387.50,-2274292.50,-0.999160466,0.040967840,120.000,1.005348233,2017-01,annual,3878.501529,244.000000,3951.357910,108
greenland,greenland-outlets-v1,gate-02,47,-196507.50,-2274412.50,-0.999160466,0.040967840,120.000,1.005355724,2017-01,annual,2196.989919,80.000000,2332.331787,119
greenland,greenland-outlets-v1,gate-02,48,-196507.50,-2274532.50,-0.999160466,0.040967840,120.000,1.005362620,2017-01,annual,1765.430580,73.000000,1807.369995,128
greenland,greenland-outlets-v1,gate-02,49,-196507.50,-2274652.50,-0.999160466,0.040967840,120.000,1.005369516,2017-01,annual,1065.488094,46.000000,1066.193848,153
greenland,greenland-outlets-v1,gate-02,50,-196507.50,-2274772.50,-0.999160466,0.040967840,120.000,1.005376413,2017-01,annual,861.093176,25.000000,885.913025,174
greenland,greenland-outlets-v1,gate-02,51,-196507.50,-2274892.50,-0.999160466,0.040967840,120.000,1.005383310,2017-01,annual,695.844111,21.000000,814.753113,187
greenland,greenland-outlets-v1,gate-02,52,-196507.50,-2275012.50,-0.999160466,0.040967840,120.000,1.005390207,2017-01,annual,763.803217,13.000000,937.147217,209
greenland,greenland-outlets-v1,gate-02,53,-196507.50,-2275132.50,-0.999160466,0.040967840,120.000,1.005397105,2017-01,annual,1122.434576,10.000000,1318.968506,219
greenland,greenland-outlets-v1,gate-02,54,-196507.50,-2275252.50,-0.999160466,0.040967840,120.000,1.005404003,2017-01,annual,1233.987951,10.000000,1451.517456,228
greenland,greenland-outlets-v1,gate-02,55,-196507.50,-2275372.50,-0.999160466,0.040967840,120.000,1.005410901,2017-01,annual,1115.127374,5.000000,1352.255127,249
greenland,greenland-outlets-v1,gate-02,56,-196507.50,-2275492.50,-0.999160466,0.040967840,120.000,1.005417800,2017-01,annual,1202.229006,4.000000,1368.932617,295
greenland,greenland-outlets-v1,gate-02,57,-196507.50,-2275612.50,-0.999160466,0.040967840,120.000,1.005424700,2017-01,annual,1329.778832,3.000000,1535.908447,311
greenland,greenland-outlets-v1,gate-02,58,-196507.50,-2275732.50,-0.999160466,0.040967840,120.000,1.005431599,2017-01,annual,1665.523657,3.000000,1813.264282,322
greenland,greenland-outlets-v1,gate-02,59,-196507.50,-2275852.50,-0.999160466,0.040967840,120.000,1.005438500,2017-01,annual,1699.467412,3.000000,1863.803345,338
greenland,greenland-outlets-v1,gate-03,60,-324907.50,-1773052.50,-0.960147262,-0.279494607,120.000,0.980723532,2017-01,annual,2579.758753,31.000000,3353.240234,99
greenland,greenland-outlets-v1,gate-03,61,-324907.50,-1773172.50,-0.960147262,-0.279494607,120.000,0.980728839,2017-01,annual,2497.634639,30.000000,3222.652100,98
greenland,greenland-outlets-v1,gate-03,62,-324787.50,-1773292.50,-0.960147262,-0.279494607,120.000,0.980733175,2017-01,annual,2393.970470,33.000000,3184.530518,95
greenland,greenland-outlets-v1,gate-03,63,-324787.50,-1773412.50,-0.960147262,-0.279494607,120.000,0.980738484,2017-01,annual,2352.282243,33.000000,3148.930420,95
greenland,greenland-outlets-v1,gate-03,64,-324787.50,-1773532.50,-0.960147262,-0.279494607,120.000,0.980743793,2017-01,annual,2326.683720,32.000000,3036.163086,101
greenland,greenland-outlets-v1,gate-03,65,-324787.50,-1773652.50,-0.960147262,-0.279494607,120.000,0.980749102,2017-01,annual,2136.679385,33.000000,2749.516357,101
greenland,greenland-outlets-v1,gate-03,66,-324667.50,-1773772.50,-0.960147262,-0.279494607,120.000,0.980753440,2017-01,annual,1436.139584,33.000000,1937.463623,112
greenland,greenland-outlets-v1,gate-03,67,-324667.50,-1773892.50,-0.960147262,-0.279494607,120.000,0.980758750,2017-01,annual,1012.703580,36.000000,1386.218872,116
greenland,greenland-outlets-v1,gate-03,68,-324667.50,-1774012.50,-0.960147262,-0.279494607,120.000,0.980764060,2017-01,annual,798.920836,23.000000,1085.458130,141
greenland,greenland-outlets-v1,gate-03,69,-324547.50,-1774132.50,-0.960147262,-0.279494607,120.000,0.980768399,2017-01,annual,640.631462,19.000000,843.720886,164
greenland,greenland-outlets-v1,gate-03,70,-324547.50,-1774252.50,-0.960147262,-0.279494607,120.000,0.980773711,2017-01,annual,533.385545,18.000000,648.823181,173
greenland,greenland-outlets-v1,gate-03,71,-324547.50,-1774372.50,-0.960147262,-0.279494607,120.000,0.980779022,2017-01,annual,452.595677,18.000000,494.944214,180
greenland,greenland-outlets-v1,gate-03,72,-324547.50,-1774492.50,-0.960147262,-0.279494607,120.000,0.980784334,2017-01,annual,327.363725,18.000000,327.371735,183
greenland,greenland-outlets-v1,gate-03,73,-324427.50,-1774492.50,-0.960147262,-0.279494607,120.000,0.980783363,2017-01,annual,422.777301,18.000000,426.526886,175
greenland,greenland-outlets-v1,gate-03,74,-324427.50,-1774612.50,-0.960147262,-0.279494607,120.000,0.980788675,2017-01,annual,340.338155,19.000000,360.057281,173
greenland,greenland-outlets-v1,gate-03,75,-324427.50,-1774732.50,-0.960147262,-0.279494607,120.000,0.980793988,2017-01,annual,323.968459,25.000000,367.435272,143
greenland,greenland-outlets-v1,gate-03,76,-324427.50,-1774852.50,-0.960147262,-0.279494607,120.000,0.980799301,2017-01,annual,352.255835,31.000000,388.191254,101
greenland,greenland-outlets-v1,gate-03,77,-324307.50,-1774972.50,-0.960147262,-0.279494607,120.000,0.980803643,2017-01,annual,681.568208,97.000000,681.891479,32
greenland,greenland-outlets-v1,gate-03,78,-324307.50,-1775092.50,-0.960147262,-0.279494607,120.000,0.980808957,2017-01,annual,1013.004657,106.000000,1024.067627,18
greenland,greenland-outlets-v1,gate-03,79,-324307.50,-1775212.50,-0.960147262,-0.279494607,120.000,0.980814271,2017-01,annual,5136.571488,745.000000,5819.187988,6
greenland,greenland-outlets-v1,gate-03,80,-324187.50,-1775332.50,-0.960147262,-0.279494607,120.000,0.980818615,2017-01,annual,5512.190633,339.000000,6481.295410,14
greenland,greenland-outlets-v1,gate-03,81,-324187.50,-1775452.50,-0.960147262,-0.279494607,120.000,0.980823930,2017-01,annual,8945.491212,275.000000,9943.268555,7
greenland,greenland-outlets-v1,gate-03,82,-324187.50,-1775572.50,-0.960147262,-0.279494607,120.000,0.980829245,2017-01,annual,7110.441848,232.000000,7730.116699,21
greenland,greenland-outlets-v1,gate-03,83,-324187.50,-1775692.50,-0.960147262,-0.279494607,120.000,0.980834561,2017-01,annual,7627.230811,219.000000,8175.939453,28
greenland,greenland-outlets-v1,gate-03,84,-324067.50,-1775812.50,-0.960147262,-0.279494607,120.000,0.980838907,2017-01,annual,7942.540879,210.000000,8573.983398,31
greenland,greenland-outlets-v1,gate-03,85,-324067.50,-1775932.50,-0.960147262,-0.279494607,120.000,0.980844223,2017-01,annual,7234.717014,211.000000,7864.667969,32
greenland,greenland-outlets-v1,gate-04,86,183652.50,-2727652.50,0.502097806,-0.864810843,120.000,1.034142090,2017-01,annual,1.116077,1.000000,1.621302,423
greenland,greenland-outlets-v1,gate-04,87,183772.50,-2727532.50,0.502097806,-0.864810843,120.000,1.034134265,2017-01,annual,12430.673603,2184.000000,12431.435547,1
greenland,greenland-outlets-v1,gate-04,88,183892.50,-2727532.50,0.502097806,-0.864810843,120.000,1.034134831,2017-01,annual,14882.815888,2168.000000,14888.932617,1
greenland,greenland-outlets-v1,gate-04,89,183892.50,-2727412.50,0.502097806,-0.864810843,120.000,1.034126441,2017-01,annual,-50.648221,64.000000,50.703152,31
greenland,greenland-outlets-v1,gate-04,90,184012.50,-2727412.50,0.502097806,-0.864810843,120.000,1.034127007,2017-01,annual,4647.991446,422.000000,4818.023926,11
greenland,greenland-outlets-v1,gate-04,91,185812.50,-2726332.50,0.502097806,-0.864810843,120.000,1.034060049,2017-01,annual,12668.035853,359.000000,12677.577148,8
greenland,greenland-outlets-v1,gate-04,92,185932.50,-2726212.50,0.502097806,-0.864810843,120.000,1.034052235,2017-01,annual,11548.170244,562.000000,11590.783203,4
greenland,greenland-outlets-v1,gate-04,93,186052.50,-2726212.50,0.502097806,-0.864810843,120.000,1.034052807,2017-01,annual,6144.022763,617.000000,6709.257812,4
greenland,greenland-outlets-v1,gate-04,94,186172.50,-2726092.50,0.502097806,-0.864810843,120.000,1.034044995,2017-01,annual,0.746055,111.000000,655.053650,18
greenland,greenland-outlets-v1,gate-04,95,186172.50,-2726092.50,0.502097806,-0.864810843,120.000,1.034044995,2017-01,annual,0.746055,111.000000,655.053650,18
greenland,greenland-outlets-v1,gate-04,96,186292.50,-2725972.50,0.502097806,-0.864810843,120.000,1.034037183,2017-01,annual,-100.556244,39.000000,437.750977,80
greenland,greenland-outlets-v1,gate-04,97,186412.50,-2725972.50,0.502097806,-0.864810843,120.000,1.034037756,2017-01,annual,-104.392798,19.000000,626.379761,172
greenland,greenland-outlets-v1,gate-04,98,186532.50,-2725852.50,0.502097806,-0.864810843,120.000,1.034029945,2017-01,annual,0.652559,17.000000,749.320862,229
greenland,greenland-outlets-v1,gate-04,99,186652.50,-2725852.50,0.502097806,-0.864810843,120.000,1.034030519,2017-01,annual,-11.633060,9.000000,598.173279,334
greenland,greenland-outlets-v1,gate-04,100,186772.50,-2725732.50,0.502097806,-0.864810843,120.000,1.034022709,2017-01,annual,-113.360784,11.000000,677.719604,318
greenland,greenland-outlets-v1,gate-04,101,186892.50,-2725732.50,0.502097806,-0.864810843,120.000,1.034023284,2017-01,annual,-97.227502,7.000000,511.559875,373
greenland,greenland-outlets-v1,gate-04,102,187012.50,-2725612.50,0.502097806,-0.864810843,120.000,1.034015475,2017-01,annual,-139.660954,7.000000,560.463074,388
greenland,greenland-outlets-v1,gate-04,103,187012.50,-2725612.50,0.502097806,-0.864810843,120.000,1.034015475,2017-01,annual,-139.660954,7.000000,560.463074,388
greenland,greenland-outlets-v1,gate-04,104,187132.50,-2725492.50,0.502097806,-0.864810843,120.000,1.034007667,2017-01,annual,-159.552179,6.000000,579.391296,406
greenland,greenland-outlets-v1,gate-04,105,187252.50,-2725492.50,0.502097806,-0.864810843,120.000,1.034008243,2017-01,annual,-165.264495,6.000000,547.464417,413
greenland,greenland-outlets-v1,gate-04,106,187372.50,-2725372.50,0.502097806,-0.864810843,120.000,1.034000436,2017-01,annual,-181.390512,6.000000,568.984985,410
greenland,greenland-outlets-v1,gate-04,107,187492.50,-2725372.50,0.502097806,-0.864810843,120.000,1.034001013,2017-01,annual,-168.120438,6.000000,528.943237,414
greenland,greenland-outlets-v1,gate-04,108,187612.50,-2725252.50,0.502097806,-0.864810843,120.000,1.033993207,2017-01,annual,-158.608553,6.000000,542.348083,413
greenland,greenland-outlets-v1,gate-04,109,187732.50,-2725252.50,0.502097806,-0.864810843,120.000,1.033993784,2017-01,annual,-157.410660,5.000000,500.529572,406
greenland,greenland-outlets-v1,gate-04,110,187732.50,-2725132.50,0.502097806,-0.864810843,120.000,1.033985402,2017-01,annual,-166.864818,6.000000,550.837097,393
greenland,greenland-outlets-v1,gate-04,111,187852.50,-2725132.50,0.502097806,-0.864810843,120.000,1.033985980,2017-01,annual,-161.572754,5.000000,487.341553,390
greenland,greenland-outlets-v1,gate-04,112,187972.50,-2725012.50,0.502097806,-0.864810843,120.000,1.033978176,2017-01,annual,-157.917611,5.000000,452.038696,359
greenland,greenland-outlets-v1,gate-04,113,188092.50,-2725012.50,0.502097806,-0.864810843,120.000,1.033978754,2017-01,annual,-164.005639,5.000000,409.839966,337
greenland,greenland-outlets-v1,gate-04,114,188212.50,-2724892.50,0.502097806,-0.864810843,120.000,1.033970952,2017-01,annual,-171.259959,5.000000,402.890259,307
greenland,greenland-outlets-v1,gate-04,115,188332.50,-2724892.50,0.502097806,-0.864810843,120.000,1.033971531,2017-01,annual,-179.012389,5.000000,370.149689,290
greenland,greenland-outlets-v1,gate-04,116,188452.50,-2724772.50,0.502097806,-0.864810843,120.000,1.033963730,2017-01,annual,-177.507375,5.000000,382.991058,272
greenland,greenland-outlets-v1,gate-05,117,494332.50,-2296372.50,0.931437169,-0.363902185,120.000,1.009226686,2017-01,annual,7544.056820,59.000000,7544.264648,88
greenland,greenland-outlets-v1,gate-05,118,495412.50,-2293612.50,0.931437169,-0.363902185,120.000,1.009079871,2017-01,annual,8899.099512,40.000000,8899.178711,130
greenland,greenland-outlets-v1,gate-05,119,495412.50,-2293492.50,0.931437169,-0.363902185,120.000,1.009072904,2017-01,annual,8856.600259,40.000000,8856.617188,135
greenland,greenland-outlets-v1,gate-05,120,495532.50,-2293372.50,0.931437169,-0.363902185,120.000,1.009067443,2017-01,annual,8697.828244,41.000000,8698.223633,135
greenland,greenland-outlets-v1,gate-05,121,495532.50,-2293252.50,0.931437169,-0.363902185,120.000,1.009060477,2017-01,annual,8567.835625,40.000000,8568.181641,138
greenland,greenland-outlets-v1,gate-05,122,495532.50,-2293132.50,0.931437169,-0.363902185,120.000,1.009053511,2017-01,annual,8341.164923,39.000000,8341.429688,135
greenland,greenland-outlets-v1,gate-05,123,495652.50,-2293012.50,0.931437169,-0.363902185,120.000,1.009048051,2017-01,annual,7863.458189,43.000000,7864.007812,111
greenland,greenland-outlets-v1,gate-05,124,495652.50,-2292892.50,0.931437169,-0.363902185,120.000,1.009041086,2017-01,annual,7533.455935,55.000000,7534.812988,104
greenland,greenland-outlets-v1,gate-05,125,495772.50,-2292772.50,0.931437169,-0.363902185,120.000,1.009035627,2017-01,annual,6870.141478,73.000000,6881.470703,81
greenland,greenland-outlets-v1,gate-05,126,495772.50,-2292772.50,0.931437169,-0.363902185,120.000,1.009035627,2017-01,annual,6870.141478,73.000000,6881.470703,81
greenland,greenland-outlets-v1,gate-05,127,495772.50,-2292652.50,0.931437169,-0.363902185,120.000,1.009028663,2017-01,annual,6263.642847,83.000000,6282.840332,66
greenland,greenland-outlets-v1,gate-05,128,495892.50,-2292532.50,0.931437169,-0.363902185,120.000,1.009023206,2017-01,annual,4276.424749,90.000000,4348.262207,62
greenland,greenland-outlets-v1,gate-05,129,495892.50,-2292412.50,0.931437169,-0.363902185,120.000,1.009016242,2017-01,annual,2475.090471,77.000000,2512.646240,67
greenland,greenland-outlets-v1,gate-05,130,495892.50,-2292292.50,0.931437169,-0.363902185,120.000,1.009009279,2017-01,annual,1704.858520,105.000000,1724.369507,30
greenland,greenland-outlets-v1,gate-05,131,496012.50,-2292172.50,0.931437169,-0.363902185,120.000,1.009003823,2017-01,annual,669.120767,21.000000,682.589600,160
greenland,greenland-outlets-v1,gate-05,132,496012.50,-2292052.50,0.931437169,-0.363902185,120.000,1.008996861,2017-01,annual,626.615376,14.000000,642.549622,194
greenland,greenland-outlets-v1,gate-05,133,496012.50,-2291932.50,0.931437169,-0.363902185,120.000,1.008989899,2017-01,annual,358.292232,13.000000,367.290161,203
greenland,greenland-outlets-v1,gate-05,134,496132.50,-2291812.50,0.931437169,-0.363902185,120.000,1.008984444,2017-01,annual,318.427156,12.000000,330.750031,223
greenland,greenland-outlets-v1,gate-05,135,496132.50,-2291692.50,0.931437169,-0.363902185,120.000,1.008977483,2017-01,annual,214.730906,10.000000,247.351944,288
greenland,greenland-outlets-v1,gate-05,136,496252.50,-2291572.50,0.931437169,-0.363902185,120.000,1.008972030,2017-01,annual,151.368269,9.000000,207.788818,309
greenland,greenland-outlets-v1,gate-05,137,496252.50,-2291452.50,0.931437169,-0.363902185,120.000,1.008965070,2017-01,annual,122.570370,9.000000,180.349152,307
greenland,greenland-outlets-v1,gate-05,138,496252.50,-2291332.50,0.931437169,-0.363902185,120.000,1.008958110,2017-01,annual,99.720143,9.000000,135.761765,295
greenland,greenland-outlets-v1,gate-05,139,496372.50,-2291212.50,0.931437169,-0.363902185,120.000,1.008952658,2017-01,annual,36.981868,6.000000,37.335304,322
greenland,greenland-outlets-v1,gate-05,140,496372.50,-2291212.50,0.931437169,-0.363902185,120.000,1.008952658,2017-01,annual,36.981868,6.000000,37.335304,322
greenland,greenland-outlets-v1,gate-05,141,496372.50,-2291092.50,0.931437169,-0.363902185,120.000,1.008945699,2017-01,annual,18.758696,2.000000,18.759907,365
greenland,greenland-outlets-v1,gate-05,142,496492.50,-2290972.50,0.931437169,-0.363902185,120.000,1.008940248,2017-01,annual,0.294882,1.000000,2.836853,656
greenland,greenland-outlets-v1,gate-05,143,496492.50,-2290852.50,0.931437169,-0.363902185,120.000,1.008933289,2017-01,annual,-1.302290,1.000000,2.977495,1027
greenland,greenland-outlets-v1,gate-06,144,-328987.50,-1718692.50,-0.815309184,-0.579025850,120.000,0.978390724,2017-01,annual,0.634153,0.000000,1.412085,731
greenland,greenland-outlets-v1,gate-06,145,-328987.50,-1718812.50,-0.815309184,-0.579025850,120.000,0.978395863,2017-01,annual,1.074158,2.000000,1.394027,122
greenland,greenland-outlets-v1,gate-06,146,-328867.50,-1718932.50,-0.815309184,-0.579025850,120.000,0.978400019,2017-01,annual,209.795215,38.000000,216.584457,42
greenland,greenland-outlets-v1,gate-06,147,-328747.50,-1718932.50,-0.815309184,-0.579025850,120.000,0.978399036,2017-01,annual,764.888504,192.000000,823.231323,35
greenland,greenland-outlets-v1,gate-06,148,-328747.50,-1719052.50,-0.815309184,-0.579025850,120.000,0.978404175,2017-01,annual,1284.478911,197.000000,1380.804443,30
greenland,greenland-outlets-v1,gate-06,149,-328627.50,-1719172.50,-0.815309184,-0.579025850,120.000,0.978408333,2017-01,annual,1855.600667,208.000000,1915.150513,15
greenland,greenland-outlets-v1,gate-06,150,-328627.50,-1719292.50,-0.815309184,-0.579025850,120.000,0.978413473,2017-01,annual,1737.172824,187.000000,1861.478149,40
greenland,greenland-outlets-v1,gate-06,151,-328507.50,-1719412.50,-0.815309184,-0.579025850,120.000,0.978417631,2017-01,annual,1679.227961,205.000000,1756.585693,40
greenland,greenland-outlets-v1,gate-06,152,-328507.50,-1719412.50,-0.815309184,-0.579025850,120.000,0.978417631,2017-01,annual,1679.227961,205.000000,1756.585693,40
greenland,greenland-outlets-v1,gate-06,153,-328387.50,-1719532.50,-0.815309184,-0.579025850,120.000,0.978421790,2017-01,annual,1762.577263,219.000000,1781.112427,33
greenland,greenland-outlets-v1,gate-06,154,-328267.50,-1719652.50,-0.815309184,-0.579025850,120.000,0.978425950,2017-01,annual,2213.069763,178.000000,2213.634033,38
greenland,greenland-outlets-v1,gate-06,155,-328267.50,-1719772.50,-0.815309184,-0.579025850,120.000,0.978431092,2017-01,annual,3057.213449,134.000000,3066.590576,43
greenland,greenland-outlets-v1,gate-06,156,-328147.50,-1719892.50,-0.815309184,-0.579025850,120.000,0.978435253,2017-01,annual,3763.256154,132.000000,3767.723389,48
greenland,greenland-outlets-v1,gate-06,157,-328147.50,-1719892.50,-0.815309184,-0.579025850,120.000,0.978435253,2017-01,annual,3763.256154,132.000000,3767.723389,48
greenland,greenland-outlets-v1,gate-06,158,-328027.50,-1720012.50,-0.815309184,-0.579025850,120.000,0.978439414,2017-01,annual,3295.785984,155.000000,3537.401123,16
greenland,greenland-outlets-v1,gate-06,159,-327907.50,-1720132.50,-0.815309184,-0.579025850,120.000,0.978443576,2017-01,annual,5572.925757,148.000000,5623.370605,16
greenland,greenland-outlets-v1,gate-06,160,-327907.50,-1720252.50,-0.815309184,-0.579025850,120.000,0.978448720,2017-01,annual,4938.292999,149.000000,5009.857910,16
greenland,greenland-outlets-v1,gate-06,161,-327787.50,-1720372.50,-0.815309184,-0.579025850,120.000,0.978452883,2017-01,annual,5007.609251,233.000000,5217.615723,12
greenland,greenland-outlets-v1,gate-06,162,-327787.50,-1720492.50,-0.815309184,-0.579025850,120.000,0.978458027,2017-01,annual,6096.690904,233.000000,6348.224609,12
greenland,greenland-outlets-v1,gate-06,163,-327667.50,-1720492.50,-0.815309184,-0.579025850,120.000,0.978457047,2017-01,annual,6306.004581,227.000000,6404.208008,12
greenland,greenland-outlets-v1,gate-06,164,-327667.50,-1720612.50,-0.815309184,-0.579025850,120.000,0.978462192,2017-01,annual,3991.313354,187.000000,3996.220215,42
greenland,greenland-outlets-v1,gate-06,165,-327547.50,-1720732.50,-0.815309184,-0.579025850,120.000,0.978466357,2017-01,annual,7442.024370,254.000000,7449.300293,10
greenland,greenland-outlets-v1,gate-07,166,314812.50,-2575852.50,0.995898935,-0.090472708,120.000,1.024683918,2017-01,annual,8921.172441,89.000000,8923.687500,152
greenland,greenland-outlets-v1,gate-07,167,314812.50,-2575732.50,0.995898935,-0.090472708,120.000,1.024676032,2017-01,annual,8942.343610,101.000000,8944.784180,139
greenland,greenland-outlets-v1,gate-07,168,314812.50,-2575612.50,0.995898935,-0.090472708,120.000,1.024668146,2017-01,annual,9326.200572,598.000000,9326.556641,25
greenland,greenland-outlets-v1,gate-07,169,314812.50,-2575492.50,0.995898935,-0.090472708,120.000,1.024660261,2017-01,annual,-1042.128102,16.000000,1068.226685,41
greenland,greenland-outlets-v1,gate-08,170,-62947.50,-3181372.50,0.915217150,-0.402961001,120.000,1.068408715,2017-01,annual,1.775671,0.000000,1.803083,1582
greenland,greenland-outlets-v1,gate-08,171,-62947.50,-3181252.50,0.915217150,-0.402961001,120.000,1.068398764,2017-01,annual,2.296507,0.000000,2.356996,1587
greenland,greenland-outlets-v1,gate-08,172,-62827.50,-3181132.50,0.915217150,-0.402961001,120.000,1.068388618,2017-01,annual,0.886966,0.000000,1.024300,1749
greenland,greenland-outlets-v1,gate-08,173,-62827.50,-3181012.50,0.915217150,-0.402961001,120.000,1.068378668,2017-01,annual,0.657815,0.000000,0.914715,1750
greenland,greenland-outlets-v1,gate-08,174,-62707.50,-3180892.50,0.915217150,-0.402961001,120.000,1.068368523,2017-01,annual,0.523408,0.000000,0.546535,1781
greenland,greenland-outlets-v1,gate-08,175,-62707.50,-3180772.50,0.915217150,-0.402961001,120.000,1.068358574,2017-01,annual,0.722299,0.000000,0.853830,1790
greenland,greenland-outlets-v1,gate-08,176,-62707.50,-3180652.50,0.915217150,-0.402961001,120.000,1.068348625,2017-01,annual,0.482749,0.000000,0.482950,1793
greenland,greenland-outlets-v1,gate-08,177,-62107.50,-3179452.50,0.915217150,-0.402961001,120.000,1.068248190,2017-01,annual,31.946698,1.000000,41.018280,535
greenland,greenland-outlets-v1,gate-08,178,-62107.50,-3179332.50,0.915217150,-0.402961001,120.000,1.068238246,2017-01,annual,35.345727,1.000000,46.326302,479
greenland,greenland-outlets-v1,gate-08,179,-61987.50,-3179212.50,0.915217150,-0.402961001,120.000,1.068228109,2017-01,annual,38.616947,1.000000,48.398914,478
greenland,greenland-outlets-v1,gate-08,180,-61987.50,-3179212.50,0.915217150,-0.402961001,120.000,1.068228109,2017-01,annual,38.616947,1.000000,48.398914,478
greenland,greenland-outlets-v1,gate-08,181,-61987.50,-3179092.50,0.915217150,-0.402961001,120.000,1.068218166,2017-01,annual,10172.114563,194.000000,10180.625000,12
greenland,greenland-outlets-v1,gate-08,182,-61867.50,-3178972.50,0.915217150,-0.402961001,120.000,1.068208030,2017-01,annual,10170.786338,181.000000,10182.033203,13
greenland,greenland-outlets-v1,gate-08,183,-61867.50,-3178852.50,0.915217150,-0.402961001,120.000,1.068198088,2017-01,annual,9889.287856,187.000000,9901.472656,12
greenland,greenland-outlets-v1,gate-08,184,-61747.50,-3178732.50,0.915217150,-0.402961001,120.000,1.068187953,2017-01,annual,9605.636128,172.000000,9609.541016,14
greenland,greenland-outlets-v1,gate-08,185,-61747.50,-3178612.50,0.915217150,-0.402961001,120.000,1.068178012,2017-01,annual,9949.077597,203.000000,9956.120117,9
greenland,greenland-outlets-v1,gate-08,186,-61747.50,-3178492.50,0.915217150,-0.402961001,120.000,1.068168071,2017-01,annual,1861.029212,76.000000,1862.965942,14
greenland,greenland-outlets-v1,gate-08,187,-61627.50,-3178372.50,0.915217150,-0.402961001,120.000,1.068157938,2017-01,annual,0.530656,0.000000,1.101782,643
greenland,greenland-outlets-v1,gate-09,188,191212.50,-2757412.50,0.391380699,0.920228856,120.000,1.036271676,2017-01,annual,2709.769048,180.000000,2719.292969,22
greenland,greenland-outlets-v1,gate-09,189,191092.50,-2757412.50,0.391380699,0.920228856,120.000,1.036271088,2017-01,annual,3280.202592,183.000000,3280.304199,24
greenland,greenland-outlets-v1,gate-09,190,190972.50,-2757412.50,0.391380699,0.920228856,120.000,1.036270500,2017-01,annual,3353.942580,164.000000,3355.716553,29
greenland,greenland-outlets-v1,gate-09,191,190852.50,-2757292.50,0.391380699,0.920228856,120.000,1.036261421,2017-01,annual,5238.908436,303.000000,5295.619629,5
greenland,greenland-outlets-v1,gate-09,192,190732.50,-2757292.50,0.391380699,0.920228856,120.000,1.036260834,2017-01,annual,5182.493034,304.000000,5297.763184,5
greenland,greenland-outlets-v1,gate-09,193,190732.50,-2757172.50,0.391380699,0.920228856,120.000,1.036252344,2017-01,annual,3605.994352,236.000000,3681.034668,7
greenland,greenland-outlets-v1,gate-09,194,190612.50,-2757172.50,0.391380699,0.920228856,120.000,1.036251756,2017-01,annual,3771.355476,236.000000,3912.327637,7
greenland,greenland-outlets-v1,gate-09,195,190492.50,-2757172.50,0.391380699,0.920228856,120.000,1.036251170,2017-01,annual,3980.231676,231.000000,4143.894531,8
greenland,greenland-outlets-v1,gate-09,196,190372.50,-2757052.50,0.391380699,0.920228856,120.000,1.036242094,2017-01,annual,4976.556255,161.000000,5164.985840,9
greenland,greenland-outlets-v1,gate-09,197,190252.50,-2757052.50,0.391380699,0.920228856,120.000,1.036241507,2017-01,annual,5029.239231,161.000000,5227.304199,9
greenland,greenland-outlets-v1,gate-09,198,190132.50,-2756932.50,0.391380699,0.920228856,120.000,1.036232433,2017-01,annual,5211.545759,161.000000,5481.846191,9
greenland,greenland-outlets-v1,gate-09,199,190012.50,-2756932.50,0.391380699,0.920228856,120.000,1.036231847,2017-01,annual,5506.037375,127.000000,5961.925293,11
greenland,greenland-outlets-v1,gate-09,200,189892.50,-2756932.50,0.391380699,0.920228856,120.000,1.036231262,2017-01,annual,6472.674291,115.000000,6716.348633,12
greenland,greenland-outlets-v1,gate-10,201,-244747.50,-2776372.50,-0.883452245,0.468521218,120.000,1.037917946,2017-01,annual,-0.095511,1.000000,0.610003,449
greenland,greenland-outlets-v1,gate-10,202,-244747.50,-2776492.50,-0.883452245,0.468521218,120.000,1.037926502,2017-01,annual,-0.090447,1.000000,1.178652,555
greenland,greenland-outlets-v1,gate-10,203,-244747.50,-2776612.50,-0.883452245,0.468521218,120.000,1.037935059,2017-01,annual,-0.419522,0.000000,1.540933,951
greenland,greenland-outlets-v1,gate-10,204,-244867.50,-2776732.50,-0.883452245,0.468521218,120.000,1.037944370,2017-01,annual,8096.920799,96.000000,8175.397949,71
greenland,greenland-outlets-v1,gate-10,205,-244867.50,-2776732.50,-0.883452245,0.468521218,120.000,1.037944370,2017-01,annual,8096.920799,96.000000,8175.397949,71
greenland,greenland-outlets-v1,gate-10,206,-244987.50,-2776852.50,-0.883452245,0.468521218,120.000,1.037953683,2017-01,annual,7918.381094,579.000000,7944.479492,1
greenland,greenland-outlets-v1,gate-10,207,-244987.50,-2776972.50,-0.883452245,0.468521218,120.000,1.037962240,2017-01,annual,8667.605542,94.000000,8753.037109,76
greenland,greenland-outlets-v1,gate-10,208,-245107.50,-2777092.50,-0.883452245,0.468521218,120.000,1.037971554,2017-01,annual,8410.099744,93.000000,8514.840820,79
greenland,greenland-outlets-v1,gate-10,209,-245107.50,-2777212.50,-0.883452245,0.468521218,120.000,1.037980113,2017-01,annual,8523.629724,90.000000,8624.243164,85
greenland,greenland-outlets-v1,gate-10,210,-245227.50,-2777332.50,-0.883452245,0.468521218,120.000,1.037989427,2017-01,annual,7953.540759,91.000000,8022.616699,83
greenland,greenland-outlets-v1,gate-10,211,-245227.50,-2777452.50,-0.883452245,0.468521218,120.000,1.037997987,2017-01,annual,7819.747056,93.000000,7888.565918,80
greenland,greenland-outlets-v1,gate-10,212,-245347.50,-2777572.50,-0.883452245,0.468521218,120.000,1.038007303,2017-01,annual,7863.023476,91.000000,7917.940918,84
greenland,greenland-outlets-v1,gate-10,213,-245347.50,-2777572.50,-0.883452245,0.468521218,120.000,1.038007303,2017-01,annual,7863.023476,91.000000,7917.940918,84
greenland,greenland-outlets-v1,gate-10,214,-245467.50,-2777692.50,-0.883452245,0.468521218,120.000,1.038016620,2017-01,annual,7912.470412,93.000000,7972.971191,80
greenland,greenland-outlets-v1,gate-10,215,-245467.50,-2777812.50,-0.883452245,0.468521218,120.000,1.038025180,2017-01,annual,7819.934222,92.000000,7874.536621,80
greenland,greenland-outlets-v1,gate-10,216,-245587.50,-2778052.50,-0.883452245,0.468521218,120.000,1.038043060,2017-01,annual,8313.890533,87.000000,8378.269531,81
greenland,greenland-outlets-v1,gate-10,217,-245587.50,-2778172.50,-0.883452245,0.468521218,120.000,1.038051622,2017-01,annual,8276.018813,88.000000,8343.889648,81
greenland,greenland-outlets-v1,gate-10,218,-245707.50,-2778292.50,-0.883452245,0.468521218,120.000,1.038060942,2017-01,annual,8479.044964,84.000000,8535.176758,87
greenland,greenland-outlets-v1,gate-10,219,-245707.50,-2778412.50,-0.883452245,0.468521218,120.000,1.038069504,2017-01,annual,8902.045664,81.000000,8942.297852,90
greenland,greenland-outlets-v1,gate-10,220,-245827.50,-2778532.50,-0.883452245,0.468521218,120.000,1.038078825,2017-01,annual,8812.241075,78.000000,8847.059570,93
greenland,greenland-outlets-v1,gate-10,221,-245827.50,-2778532.50,-0.883452245,0.468521218,120.000,1.038078825,2017-01,annual,8812.241075,78.000000,8847.059570,93
greenland,greenland-outlets-v1,gate-10,222,-245947.50,-2778652.50,-0.883452245,0.468521218,120.000,1.038088147,2017-01,annual,8951.274170,78.000000,8986.969727,95
greenland,greenland-outlets-v1,gate-10,223,-245947.50,-2778772.50,-0.883452245,0.468521218,120.000,1.038096711,2017-01,annual,8853.251053,78.000000,8891.837891,96
greenland,greenland-outlets-v1,gate-10,224,-246067.50,-2778892.50,-0.883452245,0.468521218,120.000,1.038106033,2017-01,annual,8559.985247,80.000000,8601.413086,94
greenland,greenland-outlets-v1,gate-10,225,-246067.50,-2779012.50,-0.883452245,0.468521218,120.000,1.038114598,2017-01,annual,8540.205686,80.000000,8586.666016,94
greenland,greenland-outlets-v1,gate-10,226,-246187.50,-2779132.50,-0.883452245,0.468521218,120.000,1.038123922,2017-01,annual,8353.004103,81.000000,8394.021484,93
greenland,greenland-outlets-v1,gate-10,227,-246187.50,-2779252.50,-0.883452245,0.468521218,120.000,1.038132488,2017-01,annual,8333.288401,82.000000,8375.129883,90
greenland,greenland-outlets-v1,gate-10,228,-246307.50,-2779372.50,-0.883452245,0.468521218,120.000,1.038141813,2017-01,annual,8097.535055,85.000000,8132.375977,86
greenland,greenland-outlets-v1,gate-10,229,-246307.50,-2779372.50,-0.883452245,0.468521218,120.000,1.038141813,2017-01,annual,8097.535055,85.000000,8132.375977,86
greenland,greenland-outlets-v1,gate-10,230,-246427.50,-2779492.50,-0.883452245,0.468521218,120.000,1.038151139,2017-01,annual,7825.996106,87.000000,7866.190430,81
greenland,greenland-outlets-v1,gate-10,231,-246427.50,-2779612.50,-0.883452245,0.468521218,120.000,1.038159705,2017-01,annual,8180.750793,89.000000,8218.516602,78
greenland,greenland-outlets-v1,gate-10,232,-246427.50,-2779732.50,-0.883452245,0.468521218,120.000,1.038168273,2017-01,annual,8286.017491,104.000000,8334.927734,68
greenland,greenland-outlets-v1,gate-10,233,-246547.50,-2779852.50,-0.883452245,0.468521218,120.000,1.038177600,2017-01,annual,7163.768748,140.000000,7226.287598,36
greenland,greenland-outlets-v1,gate-10,234,-246547.50,-2779972.50,-0.883452245,0.468521218,120.000,1.038186168,2017-01,annual,5593.689344,180.000000,5646.197266,23
greenland,greenland-outlets-v1,gate-10,235,-246667.50,-2780092.50,-0.883452245,0.468521218,120.000,1.038195497,2017-01,annual,98.498590,31.000000,104.835045,43
greenland,greenland-outlets-v1,gate-10,236,-246667.50,-2780212.50,-0.883452245,0.468521218,120.000,1.038204066,2017-01,annual,0.024506,3.000000,5.240808,135
greenland,greenland-outlets-v1,gate-10,237,-246787.50,-2780332.50,-0.883452245,0.468521218,120.000,1.038213396,2017-01,annual,1.591364,1.000000,1.614966,373
greenland,greenland-outlets-v1,gate-10,238,-246787.50,-2780332.50,-0.883452245,0.468521218,120.000,1.038213396,2017-01,annual,1.591364,1.000000,1.614966,373
greenland,greenland-outlets-v1,gate-11,239,664252.50,-2270332.50,0.832079762,-0.554655993,120.000,1.010213585,2017-01,annual,-0.740370,0.000000,0.768957,1669
greenland,greenland-outlets-v1,gate-11,240,664372.50,-2270212.50,0.832079762,-0.554655993,120.000,1.010208704,2017-01,annual,-0.292756,0.000000,0.336142,2170
greenland,greenland-outlets-v1,gate-11,241,664372.50,-2270092.50,0.832079762,-0.554655993,120.000,1.010201804,2017-01,annual,-0.825613,0.000000,1.037665,2266
greenland,greenland-outlets-v1,gate-11,242,664492.50,-2269972.50,0.832079762,-0.554655993,120.000,1.010196924,2017-01,annual,-0.360242,0.000000,1.752823,2509
greenland,greenland-outlets-v1,gate-11,243,664852.50,-2269372.50,0.832079762,-0.554655993,120.000,1.010168494,2017-01,annual,-1.672978,0.000000,1.765661,1216
greenland,greenland-outlets-v1,gate-11,244,664972.50,-2269252.50,0.832079762,-0.554655993,120.000,1.010163618,2017-01,annual,-0.870775,0.000000,0.910532,598
greenland,greenland-outlets-v1,gate-11,245,664972.50,-2269252.50,0.832079762,-0.554655993,120.000,1.010163618,2017-01,annual,-0.870775,0.000000,0.910532,598
greenland,greenland-outlets-v1,gate-11,246,665092.50,-2269132.50,0.832079762,-0.554655993,120.000,1.010158742,2017-01,annual,-0.992221,0.000000,1.059514,636
greenland,greenland-outlets-v1,gate-11,247,665092.50,-2269012.50,0.832079762,-0.554655993,120.000,1.010151846,2017-01,annual,-0.678301,0.000000,0.786912,1393
greenland,greenland-outlets-v1,gate-11,248,665212.50,-2268892.50,0.832079762,-0.554655993,120.000,1.010146972,2017-01,annual,4620.293381,231.000000,4629.002441,14
greenland,greenland-outlets-v1,gate-11,249,665212.50,-2268772.50,0.832079762,-0.554655993,120.000,1.010140076,2017-01,annual,7047.174822,298.000000,7088.859375,12
greenland,greenland-outlets-v1,gate-11,250,665332.50,-2268652.50,0.832079762,-0.554655993,120.000,1.010135203,2017-01,annual,4844.287591,428.000000,4846.117676,7
greenland,greenland-outlets-v1,gate-11,251,665452.50,-2268652.50,0.832079762,-0.554655993,120.000,1.010137225,2017-01,annual,5677.105208,160.000000,5691.322266,26
greenland,greenland-outlets-v1,gate-11,252,665452.50,-2268532.50,0.832079762,-0.554655993,120.000,1.010130331,2017-01,annual,6176.863274,154.000000,6234.119629,27
greenland,greenland-outlets-v1,gate-11,253,665572.50,-2268412.50,0.832079762,-0.554655993,120.000,1.010125459,2017-01,annual,6906.674482,113.000000,7092.893066,36
greenland,greenland-outlets-v1,gate-11,254,665572.50,-2268292.50,0.832079762,-0.554655993,120.000,1.010118565,2017-01,annual,6546.463811,132.000000,6698.598633,30
greenland,greenland-outlets-v1,gate-11,255,665692.50,-2268172.50,0.832079762,-0.554655993,120.000,1.010113694,2017-01,annual,6311.663970,111.000000,6374.256836,34
greenland,greenland-outlets-v1,gate-11,256,665692.50,-2268052.50,0.832079762,-0.554655993,120.000,1.010106801,2017-01,annual,7265.243832,117.000000,7323.842285,30
greenland,greenland-outlets-v1,gate-11,257,665812.50,-2268052.50,0.832079762,-0.554655993,120.000,1.010108825,2017-01,annual,6831.432454,108.000000,6892.876953,33
greenland,greenland-outlets-v1,gate-11,258,665812.50,-2267932.50,0.832079762,-0.554655993,120.000,1.010101932,2017-01,annual,6845.111934,119.000000,6911.766113,26
greenland,greenland-outlets-v1,gate-11,259,665932.50,-2267812.50,0.832079762,-0.554655993,120.000,1.010097063,2017-01,annual,5645.000724,167.000000,5671.949707,12
greenland,greenland-outlets-v1,gate-11,260,666172.50,-2267452.50,0.832079762,-0.554655993,120.000,1.010080436,2017-01,annual,2841.222896,141.000000,2843.003418,10
greenland,greenland-outlets-v1,gate-12,261,-260587.50,-1980172.50,-0.687258612,-0.726412830,120.000,0.989972154,2017-01,annual,-1.123880,0.000000,2.668419,1727
greenland,greenland-outlets-v1,gate-12,262,-260467.50,-1980292.50,-0.687258612,-0.726412830,120.000,0.989977327,2017-01,annual,9221.360373,46.000000,9246.938477,19
greenland,greenland-outlets-v1,gate-12,263,-260347.50,-1980292.50,-0.687258612,-0.726412830,120.000,0.989976544,2017-01,annual,9408.985624,45.000000,9431.859375,23
greenland,greenland-outlets-v1,gate-12,264,-260347.50,-1980412.50,-0.687258612,-0.726412830,120.000,0.989982500,2017-01,annual,9395.080613,45.000000,9418.528320,22
greenland,greenland-outlets-v1,gate-12,265,-260227.50,-1980532.50,-0.687258612,-0.726412830,120.000,0.989987675,2017-01,annual,7973.334989,44.000000,8004.002441,30
greenland,greenland-outlets-v1,gate-12,266,-260107.50,-1980532.50,-0.687258612,-0.726412830,120.000,0.989986892,2017-01,annual,8907.553576,46.000000,8937.711914,32
greenland,greenland-outlets-v1,gate-12,267,-259987.50,-1980652.50,-0.687258612,-0.726412830,120.000,0.989992067,2017-01,annual,9199.524225,46.000000,9220.978516,35
greenland,greenland-outlets-v1,gate-12,268,-259987.50,-1980772.50,-0.687258612,-0.726412830,120.000,0.989998025,2017-01,annual,9148.347411,46.000000,9169.003906,35
greenland,greenland-outlets-v1,gate-12,269,-259867.50,-1980772.50,-0.687258612,-0.726412830,120.000,0.989997244,2017-01,annual,9048.406255,45.000000,9069.941406,38
greenland,greenland-outlets-v1,gate-12,270,-259747.50,-1980892.50,-0.687258612,-0.726412830,120.000,0.990002420,2017-01,annual,9302.826448,43.000000,9319.403320,41
greenland,greenland-outlets-v1,gate-12,271,-259747.50,-1981012.50,-0.687258612,-0.726412830,120.000,0.990008379,2017-01,annual,9149.728158,45.000000,9159.358398,39
greenland,greenland-outlets-v1,gate-12,272,-259627.50,-1981132.50,-0.687258612,-0.726412830,120.000,0.990013557,2017-01,annual,9014.407164,47.000000,9024.616211,36
greenland,greenland-outlets-v1,gate-12,273,-259507.50,-1981132.50,-0.687258612,-0.726412830,120.000,0.990012776,2017-01,annual,8815.015678,48.000000,8822.103516,35
greenland,greenland-outlets-v1,gate-12,274,-259387.50,-1981252.50,-0.687258612,-0.726412830,120.000,0.990017955,2017-01,annual,8857.962350,48.000000,8862.093750,34
greenland,greenland-outlets-v1,gate-12,275,-259387.50,-1981372.50,-0.687258612,-0.726412830,120.000,0.990023915,2017-01,annual,8819.526571,56.000000,8821.886719,30
greenland,greenland-outlets-v1,gate-12,276,-259267.50,-1981372.50,-0.687258612,-0.726412830,120.000,0.990023135,2017-01,annual,8690.559628,69.000000,8690.748047,28
greenland,greenland-outlets-v1,gate-12,277,-259147.50,-1981492.50,-0.687258612,-0.726412830,120.000,0.990028316,2017-01,annual,8251.784184,80.000000,8251.833008,26
greenland,greenland-outlets-v1,gate-12,278,-259027.50,-1981612.50,-0.687258612,-0.726412830,120.000,0.990033497,2017-01,annual,8060.904738,84.000000,8061.507324,23
greenland,greenland-outlets-v1,gate-12,279,-259027.50,-1981612.50,-0.687258612,-0.726412830,120.000,0.990033497,2017-01,annual,8060.904738,84.000000,8061.507324,23
greenland,greenland-outlets-v1,gate-12,280,-258907.50,-1981732.50,-0.687258612,-0.726412830,120.000,0.990038679,2017-01,annual,8050.573903,105.000000,8050.926270,19
greenland,greenland-outlets-v1,gate-12,281,-258787.50,-1981852.50,-0.687258612,-0.726412830,120.000,0.990043862,2017-01,annual,2631.667300,68.000000,2667.108887,22
greenland,greenland-outlets-v1,gate-12,282,-258787.50,-1981852.50,-0.687258612,-0.726412830,120.000,0.990043862,2017-01,annual,2631.667300,68.000000,2667.108887,22
greenland,greenland-outlets-v1,gate-12,283,-258667.50,-1981972.50,-0.687258612,-0.726412830,120.000,0.990049045,2017-01,annual,887.753129,71.000000,892.152832,12
greenland,greenland-outlets-v1,gate-12,284,-258547.50,-1982092.50,-0.687258612,-0.726412830,120.000,0.990054229,2017-01,annual,-2.539310,0.000000,3.069702,2059
greenland,greenland-outlets-v1,gate-12,285,-258427.50,-1982092.50,-0.687258612,-0.726412830,120.000,0.990053452,2017-01,annual,-2.318804,0.000000,3.164054,2084
greenland,greenland-outlets-v1,gate-01,0,-167827.50,-3142852.50,-0.139044586,0.990286122,120.000,1.065551284,2018-01,annual,39.242499,0.000000,97.621712,2783
greenland,greenland-outlets-v1,gate-01,1,-167947.50,-3142852.50,-0.139044586,0.990286122,120.000,1.065551809,2018-01,annual,38.932174,0.000000,94.829109,2693
greenland,greenland-outlets-v1,gate-01,2,-168067.50,-3142852.50,-0.139044586,0.990286122,120.000,1.065552334,2018-01,annual,37.713061,0.000000,96.003021,2776
greenland,greenland-outlets-v1,gate-01,3,-168187.50,-3142852.50,-0.139044586,0.990286122,120.000,1.065552859,2018-01,annual,36.562770,0.000000,97.101677,2795
greenland,greenland-outlets-v1,gate-01,4,-168307.50,-3142852.50,-0.139044586,0.990286122,120.000,1.065553384,2018-01,annual,34.424904,0.000000,96.413033,2780
greenland,greenland-outlets-v1,gate-01,5,-168427.50,-3142852.50,-0.139044586,0.990286122,120.000,1.065553910,2018-01,annual,29.151615,0.000000,90.991013,2784
greenland,greenland-outlets-v1,gate-01,6,-168547.50,-3142852.50,-0.139044586,0.990286122,120.000,1.065554436,2018-01,annual,25.111387,0.000000,87.858444,2753
greenland,greenland-outlets-v1,gate-01,7,-168667.50,-3142852.50,-0.139044586,0.990286122,120.000,1.065554963,2018-01,annual,21.592531,0.000000,84.692154,2755
greenland,greenland-outlets-v1,gate-01,8,-168787.50,-3142972.50,-0.139044586,0.990286122,120.000,1.065565307,2018-01,annual,17.891808,0.000000,81.274574,2623
greenland,greenland-outlets-v1,gate-01,9,-168907.50,-3142972.50,-0.139044586,0.990286122,120.000,1.065565834,2018-01,annual,15.713337,0.000000,76.602150,2570
greenland,greenland-outlets-v1,gate-01,10,-169027.50,-3142972.50,-0.139044586,0.990286122,120.000,1.065566362,2018-01,annual,13.604346,0.000000,70.379166,2546
greenland,greenland-outlets-v1,gate-01,11,-169147.50,-3142972.50,-0.139044586,0.990286122,120.000,1.065566890,2018-01,annual,12.971659,0.000000,66.728577,2556
greenland,greenland-outlets-v1,gate-01,12,-169267.50,-3142972.50,-0.139044586,0.990286122,120.000,1.065567419,2018-01,annual,12.579848,0.000000,62.986965,2580
greenland,greenland-outlets-v1,gate-01,13,-169387.50,-3142972.50,-0.139044586,0.990286122,120.000,1.065567948,2018-01,annual,12.999706,0.000000,60.953480,2592
greenland,greenland-outlets-v1,gate-01,14,-169507.50,-3142972.50,-0.139044586,0.990286122,120.000,1.065568477,2018-01,annual,13.537298,0.000000,61.371040,2589
greenland,greenland-outlets-v1,gate-01,15,-169627.50,-3143092.50,-0.139044586,0.990286122,120.000,1.065578824,2018-01,annual,11.081225,0.000000,49.858311,2570
greenland,greenland-outlets-v1,gate-01,16,-169747.50,-3143092.50,-0.139044586,0.990286122,120.000,1.065579354,2018-01,annual,11.675169,0.000000,47.634068,2557
greenland,greenland-outlets-v1,gate-01,17,-169867.50,-3143092.50,-0.139044586,0.990286122,120.000,1.065579884,2018-01,annual,12.966400,0.000000,48.573174,2565
greenland,greenland-outlets-v1,gate-01,18,-169987.50,-3143092.50,-0.139044586,0.990286122,120.000,1.065580415,2018-01,annual,12.561103,0.000000,51.344948,2587
greenland,greenland-outlets-v1,gate-01,19,-170107.50,-3143092.50,-0.139044586,0.990286122,120.000,1.065580946,2018-01,annual,12.603305,0.000000,47.925148,2474
greenland,greenland-outlets-v1,gate-01,20,-170227.50,-3143092.50,-0.139044586,0.990286122,120.000,1.065581478,2018-01,annual,12.369489,0.000000,45.676865,2444
greenland,greenland-outlets-v1,gate-01,21,-170347.50,-3143092.50,-0.139044586,0.990286122,120.000,1.065582010,2018-01,annual,10.667727,0.000000,44.312206,2380
greenland,greenland-outlets-v1,gate-01,22,-170467.50,-3143212.50,-0.139044586,0.990286122,120.000,1.065592360,2018-01,annual,7.160012,0.000000,29.768970,1626
greenland,greenland-outlets-v1,gate-01,23,-170587.50,-3143212.50,-0.139044586,0.990286122,120.000,1.065592893,2018-01,annual,4.641116,0.000000,29.747698,1581
greenland,greenland-outlets-v1,gate-01,24,-170707.50,-3143212.50,-0.139044586,0.990286122,120.000,1.065593426,2018-01,annual,4.355085,0.000000,27.223642,1556
greenland,greenland-outlets-v1,gate-01,25,-170827.50,-3143212.50,-0.139044586,0.990286122,120.000,1.065593959,2018-01,annual,3.472658,0.000000,26.032606,1520
greenland,greenland-outlets-v1,gate-01,26,-170947.50,-3143212.50,-0.139044586,0.990286122,120.000,1.065594493,2018-01,annual,2.328976,0.000000,23.481506,1757
greenland,greenland-outlets-v1,gate-01,27,-171067.50,-3143212.50,-0.139044586,0.990286122,120.000,1.065595027,2018-01,annual,2.217635,0.000000,25.926649,1772
greenland,greenland-outlets-v1,gate-01,28,-171187.50,-3143212.50,-0.139044586,0.990286122,120.000,1.065595561,2018-01,annual,1.367093,0.000000,30.285566,1837
greenland,greenland-outlets-v1,gate-01,29,-172387.50,-3143452.50,-0.139044586,0.990286122,120.000,1.065620564,2018-01,annual,-0.946509,0.000000,14.906140,2195
greenland,greenland-outlets-v1,gate-01,30,-172507.50,-3143452.50,-0.139044586,0.990286122,120.000,1.065621103,2018-01,annual,-1.306832,0.000000,11.610908,2143
greenland,greenland-outlets-v1,gate-01,31,-172627.50,-3143452.50,-0.139044586,0.990286122,120.000,1.065621642,2018-01,annual,-0.519370,0.000000,7.431357,2318
greenland,greenland-outlets-v1,gate-01,32,-172747.50,-3143452.50,-0.139044586,0.990286122,120.000,1.065622181,2018-01,annual,-0.931798,0.000000,4.542290,2416
greenland,greenland-outlets-v1,gate-01,33,-172867.50,-3143452.50,-0.139044586,0.990286122,120.000,1.065622721,2018-01,annual,-1.879967,0.000000,2.084996,2562
greenland,greenland-outlets-v1,gate-02,34,-196387.50,-2272852.50,-0.999160466,0.040967840,120.000,1.005265518,2018-01,annual,10105.345626,156.000000,10145.695312,265
greenland,greenland-outlets-v1,gate-02,35,-196387.50,-2272972.50,-0.999160466,0.040967840,120.000,1.005272409,2018-01,annual,10123.369923,149.000000,10163.128906,280
greenland,greenland-outlets-v1,gate-02,36,-196387.50,-2273092.50,-0.999160466,0.040967840,120.000,1.005279300,2018-01,annual,10088.160075,155.000000,10127.182617,264
greenland,greenland-outlets-v1,gate-02,37,-196387.50,-2273212.50,-0.999160466,0.040967840,120.000,1.005286191,2018-01,annual,10013.556829,156.000000,10050.724609,262
greenland,greenland-outlets-v1,gate-02,38,-196387.50,-2273332.50,-0.999160466,0.040967840,120.000,1.005293083,2018-01,annual,9933.751498,158.000000,9976.226562,257
greenland,greenland-outlets-v1,gate-02,39,-196387.50,-2273452.50,-0.999160466,0.040967840,120.000,1.005299976,2018-01,annual,9969.599422,161.000000,10011.534180,251
greenland,greenland-outlets-v1,gate-02,40,-196387.50,-2273572.50,-0.999160466,0.040967840,120.000,1.005306868,2018-01,annual,9766.289571,162.000000,9806.457031,247
greenland,greenland-outlets-v1,gate-02,41,-196387.50,-2273692.50,-0.999160466,0.040967840,120.000,1.005313762,2018-01,annual,8547.327026,171.000000,8594.541992,231
greenland,greenland-outlets-v1,gate-02,42,-196387.50,-2273812.50,-0.999160466,0.040967840,120.000,1.005320655,2018-01,annual,8369.715669,176.000000,8428.104492,211
greenland,greenland-outlets-v1,gate-02,43,-196387.50,-2273932.50,-0.999160466,0.040967840,120.000,1.005327549,2018-01,annual,7825.606166,183.000000,7889.645996,198
greenland,greenland-outlets-v1,gate-02,44,-196387.50,-2274052.50,-0.999160466,0.040967840,120.000,1.005334443,2018-01,annual,7528.633733,186.000000,7596.015137,179
greenland,greenland-outlets-v1,gate-02,45,-196387.50,-2274172.50,-0.999160466,0.040967840,120.000,1.005341338,2018-01,annual,7249.629529,198.000000,7312.514160,161
greenland,greenland-outlets-v1,gate-02,46,-196387.50,-2274292.50,-0.999160466,0.040967840,120.000,1.005348233,2018-01,annual,5077.404561,190.000000,5125.300293,128
greenland,greenland-outlets-v1,gate-02,47,-196507.50,-2274412.50,-0.999160466,0.040967840,120.000,1.005355724,2018-01,annual,1163.274441,25.000000,1259.864868,134
greenland,greenland-outlets-v1,gate-02,48,-196507.50,-2274532.50,-0.999160466,0.040967840,120.000,1.005362620,2018-01,annual,563.332474,21.000000,564.984680,139
greenland,greenland-outlets-v1,gate-02,49,-196507.50,-2274652.50,-0.999160466,0.040967840,120.000,1.005369516,2018-01,annual,482.014758,13.000000,519.174622,168
greenland,greenland-outlets-v1,gate-02,50,-196507.50,-2274772.50,-0.999160466,0.040967840,120.000,1.005376413,2018-01,annual,511.590495,13.000000,565.764160,193
greenland,greenland-outlets-v1,gate-02,51,-196507.50,-2274892.50,-0.999160466,0.040967840,120.000,1.005383310,2018-01,annual,435.113851,12.000000,620.005798,247
greenland,greenland-outlets-v1,gate-02,52,-196507.50,-2275012.50,-0.999160466,0.040967840,120.000,1.005390207,2018-01,annual,531.184950,10.000000,716.007080,285
greenland,greenland-outlets-v1,gate-02,53,-196507.50,-2275132.50,-0.999160466,0.040967840,120.000,1.005397105,2018-01,annual,665.226336,9.000000,885.056335,310
greenland,greenland-outlets-v1,gate-02,54,-196507.50,-2275252.50,-0.999160466,0.040967840,120.000,1.005404003,2018-01,annual,991.425140,9.000000,1246.120972,322
greenland,greenland-outlets-v1,gate-02,55,-196507.50,-2275372.50,-0.999160466,0.040967840,120.000,1.005410901,2018-01,annual,1173.763542,4.000000,1500.707153,350
greenland,greenland-outlets-v1,gate-02,56,-196507.50,-2275492.50,-0.999160466,0.040967840,120.000,1.005417800,2018-01,annual,1265.645636,3.000000,1592.723633,391
greenland,greenland-outlets-v1,gate-02,57,-196507.50,-2275612.50,-0.999160466,0.040967840,120.000,1.005424700,2018-01,annual,1261.374250,3.000000,1581.721924,412
greenland,greenland-outlets-v1,gate-02,58,-196507.50,-2275732.50,-0.999160466,0.040967840,120.000,1.005431599,2018-01,annual,1340.767129,3.000000,1641.034912,436
greenland,greenland-outlets-v1,gate-02,59,-196507.50,-2275852.50,-0.999160466,0.040967840,120.000,1.005438500,2018-01,annual,1204.898931,3.000000,1482.318359,440
greenland,greenland-outlets-v1,gate-03,60,-324907.50,-1773052.50,-0.960147262,-0.279494607,120.000,0.980723532,2018-01,annual,2455.608191,18.000000,3287.518311,196
greenland,greenland-outlets-v1,gate-03,61,-324907.50,-1773172.50,-0.960147262,-0.279494607,120.000,0.980728839,2018-01,annual,2335.500568,18.000000,3173.746826,197
greenland,greenland-outlets-v1,gate-03,62,-324787.50,-1773292.50,-0.960147262,-0.279494607,120.000,0.980733175,2018-01,annual,2365.011470,19.000000,3186.944336,191
greenland,greenland-outlets-v1,gate-03,63,-324787.50,-1773412.50,-0.960147262,-0.279494607,120.000,0.980738484,2018-01,annual,2277.870313,20.000000,3087.081787,188
greenland,greenland-outlets-v1,gate-03,64,-324787.50,-1773532.50,-0.960147262,-0.279494607,120.000,0.980743793,2018-01,annual,2156.554775,23.000000,2887.585205,177
greenland,greenland-outlets-v1,gate-03,65,-324787.50,-1773652.50,-0.960147262,-0.279494607,120.000,0.980749102,2018-01,annual,1911.342499,27.000000,2579.336670,165
greenland,greenland-outlets-v1,gate-03,66,-324667.50,-1773772.50,-0.960147262,-0.279494607,120.000,0.980753440,2018-01,annual,1292.710266,31.000000,1821.011230,166
greenland,greenland-outlets-v1,gate-03,67,-324667.50,-1773892.50,-0.960147262,-0.279494607,120.000,0.980758750,2018-01,annual,976.214970,31.000000,1428.858154,168
greenland,greenland-outlets-v1,gate-03,68,-324667.50,-1774012.50,-0.960147262,-0.279494607,120.000,0.980764060,2018-01,annual,799.738255,27.000000,1138.650879,194
greenland,greenland-outlets-v1,gate-03,69,-324547.50,-1774132.50,-0.960147262,-0.279494607,120.000,0.980768399,2018-01,annual,698.512200,22.000000,930.516968,219
greenland,greenland-outlets-v1,gate-03,70,-324547.50,-1774252.50,-0.960147262,-0.279494607,120.000,0.980773711,2018-01,annual,468.861754,19.000000,564.774353,239
greenland,greenland-outlets-v1,gate-03,71,-324547.50,-1774372.50,-0.960147262,-0.279494607,120.000,0.980779022,2018-01,annual,374.279704,18.000000,404.818298,243
greenland,greenland-outlets-v1,gate-03,72,-324547.50,-1774492.50,-0.960147262,-0.279494607,120.000,0.980784334,2018-01,annual,311.176368,18.000000,313.970520,242
greenland,greenland-outlets-v1,gate-03,73,-324427.50,-1774492.50,-0.960147262,-0.279494607,120.000,0.980783363,2018-01,annual,350.821216,18.000000,356.407166,239
greenland,greenland-outlets-v1,gate-03,74,-324427.50,-1774612.50,-0.960147262,-0.279494607,120.000,0.980788675,2018-01,annual,309.770804,19.000000,310.539124,232
greenland,greenland-outlets-v1,gate-03,75,-324427.50,-1774732.50,-0.960147262,-0.279494607,120.000,0.980793988,2018-01,annual,266.874740,21.000000,287.439636,206
greenland,greenland-outlets-v1,gate-03,76,-324427.50,-1774852.50,-0.960147262,-0.279494607,120.000,0.980799301,2018-01,annual,327.276192,33.000000,344.163818,155
greenland,greenland-outlets-v1,gate-03,77,-324307.50,-1774972.50,-0.960147262,-0.279494607,120.000,0.980803643,2018-01,annual,567.853534,65.000000,669.520813,77
greenland,greenland-outlets-v1,gate-03,78,-324307.50,-1775092.50,-0.960147262,-0.279494607,120.000,0.980808957,2018-01,annual,867.156263,67.000000,1038.819336,72
greenland,greenland-outlets-v1,gate-03,79,-324307.50,-1775212.50,-0.960147262,-0.279494607,120.000,0.980814271,2018-01,annual,3859.469004,74.000000,4073.015381,84
greenland,greenland-outlets-v1,gate-03,80,-324187.50,-1775332.50,-0.960147262,-0.279494607,120.000,0.980818615,2018-01,annual,4342.681774,43.000000,4570.938965,105
greenland,greenland-outlets-v1,gate-03,81,-324187.50,-1775452.50,-0.960147262,-0.279494607,120.000,0.980823930,2018-01,annual,4777.499199,44.000000,5017.957520,88
greenland,greenland-outlets-v1,gate-03,82,-324187.50,-1775572.50,-0.960147262,-0.279494607,120.000,0.980829245,2018-01,annual,4777.230707,43.000000,5001.704590,114
greenland,greenland-outlets-v1,gate-03,83,-324187.50,-1775692.50,-0.960147262,-0.279494607,120.000,0.980834561,2018-01,annual,4790.666035,43.000000,5019.400391,120
greenland,greenland-outlets-v1,gate-03,84,-324067.50,-1775812.50,-0.960147262,-0.279494607,120.000,0.980838907,2018-01,annual,4793.882169,42.000000,5078.077148,119
greenland,greenland-outlets-v1,gate-03,85,-324067.50,-1775932.50,-0.960147262,-0.279494607,120.000,0.980844223,2018-01,annual,4678.720983,42.000000,5034.185059,123
greenland,greenland-outlets-v1,gate-04,86,183652.50,-2727652.50,0.502097806,-0.864810843,120.000,1.034142090,2018-01,annual,-3.025018,1.000000,3.046030,395
greenland,greenland-outlets-v1,gate-04,87,183772.50,-2727532.50,0.502097806,-0.864810843,120.000,1.034134265,2018-01,annual,13954.290053,824.000000,13967.956055,4
greenland,greenland-outlets-v1,gate-04,88,183892.50,-2727532.50,0.502097806,-0.864810843,120.000,1.034134831,2018-01,annual,15558.233157,823.000000,15594.167969,4
greenland,greenland-outlets-v1,gate-04,89,183892.50,-2727412.50,0.502097806,-0.864810843,120.000,1.034126441,2018-01,annual,723.265798,77.000000,771.005615,35
greenland,greenland-outlets-v1,gate-04,90,184012.50,-2727412.50,0.502097806,-0.864810843,120.000,1.034127007,2018-01,annual,8492.664500,237.000000,8806.117188,23
greenland,greenland-outlets-v1,gate-04,91,185812.50,-2726332.50,0.502097806,-0.864810843,120.000,1.034060049,2018-01,annual,12682.588510,382.000000,12724.499023,11
greenland,greenland-outlets-v1,gate-04,92,185932.50,-2726212.50,0.502097806,-0.864810843,120.000,1.034052235,2018-01,annual,10655.546031,424.000000,10670.808594,8
greenland,greenland-outlets-v1,gate-04,93,186052.50,-2726212.50,0.502097806,-0.864810843,120.000,1.034052807,2018-01,annual,5431.787711,346.000000,5449.031738,11
greenland,greenland-outlets-v1,gate-04,94,186172.50,-2726092.50,0.502097806,-0.864810843,120.000,1.034044995,2018-01,annual,458.398752,137.000000,466.425964,36
greenland,greenland-outlets-v1,gate-04,95,186172.50,-2726092.50,0.502097806,-0.864810843,120.000,1.034044995,2018-01,annual,458.398752,137.000000,466.425964,36
greenland,greenland-outlets-v1,gate-04,96,186292.50,-2725972.50,0.502097806,-0.864810843,120.000,1.034037183,2018-01,annual,-129.734542,44.000000,520.703369,121
greenland,greenland-outlets-v1,gate-04,97,186412.50,-2725972.50,0.502097806,-0.864810843,120.000,1.034037756,2018-01,annual,-73.122873,13.000000,541.222412,291
greenland,greenland-outlets-v1,gate-04,98,186532.50,-2725852.50,0.502097806,-0.864810843,120.000,1.034029945,2018-01,annual,-65.852607,12.000000,617.743164,344
greenland,greenland-outlets-v1,gate-04,99,186652.50,-2725852.50,0.502097806,-0.864810843,120.000,1.034030519,2018-01,annual,-69.074843,10.000000,555.670105,415
greenland,greenland-outlets-v1,gate-04,100,186772.50,-2725732.50,0.502097806,-0.864810843,120.000,1.034022709,2018-01,annual,-104.976916,9.000000,577.799072,440
greenland,greenland-outlets-v1,gate-04,101,186892.50,-2725732.50,0.502097806,-0.864810843,120.000,1.034023284,2018-01,annual,-89.477642,7.000000,466.500031,472
greenland,greenland-outlets-v1,gate-04,102,187012.50,-2725612.50,0.502097806,-0.864810843,120.000,1.034015475,2018-01,annual,-128.576371,7.000000,514.071716,481
greenland,greenland-outlets-v1,gate-04,103,187012.50,-2725612.50,0.502097806,-0.864810843,120.000,1.034015475,2018-01,annual,-128.576371,7.000000,514.071716,481
greenland,greenland-outlets-v1,gate-04,104,187132.50,-2725492.50,0.502097806,-0.864810843,120.000,1.034007667,2018-01,annual,-183.812384,7.000000,554.092590,501
greenland,greenland-outlets-v1,gate-04,105,187252.50,-2725492.50,0.502097806,-0.864810843,120.000,1.034008243,2018-01,annual,-182.920420,6.000000,519.527039,513
greenland,greenland-outlets-v1,gate-04,106,187372.50,-2725372.50,0.502097806,-0.864810843,120.000,1.034000436,2018-01,annual,-180.282934,6.000000,531.842468,513
greenland,greenland-outlets-v1,gate-04,107,187492.50,-2725372.50,0.502097806,-0.864810843,120.000,1.034001013,2018-01,annual,-161.322364,6.000000,495.277527,529
greenland,greenland-outlets-v1,gate-04,108,187612.50,-2725252.50,0.502097806,-0.864810843,120.000,1.033993207,2018-01,annual,-164.771967,6.000000,518.240051,529
greenland,greenland-outlets-v1,gate-04,109,187732.50,-2725252.50,0.502097806,-0.864810843,120.000,1.033993784,2018-01,annual,-162.626385,5.000000,488.345245,529
greenland,greenland-outlets-v1,gate-04,110,187732.50,-2725132.50,0.502097806,-0.864810843,120.000,1.033985402,2018-01,annual,-179.953506,6.000000,534.512024,521
greenland,greenland-outlets-v1,gate-04,111,187852.50,-2725132.50,0.502097806,-0.864810843,120.000,1.033985980,2018-01,annual,-167.637438,5.000000,474.653351,518
greenland,greenland-outlets-v1,gate-04,112,187972.50,-2725012.50,0.502097806,-0.864810843,120.000,1.033978176,2018-01,annual,-162.649581,5.000000,451.712219,450
greenland,greenland-outlets-v1,gate-04,113,188092.50,-2725012.50,0.502097806,-0.864810843,120.000,1.033978754,2018-01,annual,-169.954048,5.000000,402.005280,399
greenland,greenland-outlets-v1,gate-04,114,188212.50,-2724892.50,0.502097806,-0.864810843,120.000,1.033970952,2018-01,annual,-174.834463,5.000000,402.930054,351
greenland,greenland-outlets-v1,gate-04,115,188332.50,-2724892.50,0.502097806,-0.864810843,120.000,1.033971531,2018-01,annual,-169.515171,5.000000,386.360901,310
greenland,greenland-outlets-v1,gate-04,116,188452.50,-2724772.50,0.502097806,-0.864810843,120.000,1.033963730,2018-01,annual,-179.425421,5.000000,393.839752,296
greenland,greenland-outlets-v1,gate-05,117,494332.50,-2296372.50,0.931437169,-0.363902185,120.000,1.009226686,2018-01,annual,5166.618531,41.000000,5167.586426,113
greenland,greenland-outlets-v1,gate-05,118,495412.50,-2293612.50,0.931437169,-0.363902185,120.000,1.009079871,2018-01,annual,7546.534196,35.000000,7546.560059,162
greenland,greenland-outlets-v1,gate-05,119,495412.50,-2293492.50,0.931437169,-0.363902185,120.000,1.009072904,2018-01,annual,7579.219711,35.000000,7579.520508,167
greenland,greenland-outlets-v1,gate-05,120,495532.50,-2293372.50,0.931437169,-0.363902185,120.000,1.009067443,2018-01,annual,7521.159468,35.000000,7521.409180,162
greenland,greenland-outlets-v1,gate-05,121,495532.50,-2293252.50,0.931437169,-0.363902185,120.000,1.009060477,2018-01,annual,7522.384353,35.000000,7522.835449,165
greenland,greenland-outlets-v1,gate-05,122,495532.50,-2293132.50,0.931437169,-0.363902185,120.000,1.009053511,2018-01,annual,7384.016559,35.000000,7384.678711,162
greenland,greenland-outlets-v1,gate-05,123,495652.50,-2293012.50,0.931437169,-0.363902185,120.000,1.009048051,2018-01,annual,7010.305530,37.000000,7013.745117,148
greenland,greenland-outlets-v1,gate-05,124,495652.50,-2292892.50,0.931437169,-0.363902185,120.000,1.009041086,2018-01,annual,6629.671869,38.000000,6638.571777,133
greenland,greenland-outlets-v1,gate-05,125,495772.50,-2292772.50,0.931437169,-0.363902185,120.000,1.009035627,2018-01,annual,6192.976511,40.000000,6216.423828,114
greenland,greenland-outlets-v1,gate-05,126,495772.50,-2292772.50,0.931437169,-0.363902185,120.000,1.009035627,2018-01,annual,6192.976511,40.000000,6216.423828,114
greenland,greenland-outlets-v1,gate-05,127,495772.50,-2292652.50,0.931437169,-0.363902185,120.000,1.009028663,2018-01,annual,5498.198586,42.000000,5532.637207,97
greenland,greenland-outlets-v1,gate-05,128,495892.50,-2292532.50,0.931437169,-0.363902185,120.000,1.009023206,2018-01,annual,3740.088370,66.000000,3824.262939,82
greenland,greenland-outlets-v1,gate-05,129,495892.50,-2292412.50,0.931437169,-0.363902185,120.000,1.009016242,2018-01,annual,2411.814727,63.000000,2517.525391,87
greenland,greenland-outlets-v1,gate-05,130,495892.50,-2292292.50,0.931437169,-0.363902185,120.000,1.009009279,2018-01,annual,2086.136498,106.000000,2279.664795,71
greenland,greenland-outlets-v1,gate-05,131,496012.50,-2292172.50,0.931437169,-0.363902185,120.000,1.009003823,2018-01,annual,800.351137,19.000000,859.091736,197
greenland,greenland-outlets-v1,gate-05,132,496012.50,-2292052.50,0.931437169,-0.363902185,120.000,1.008996861,2018-01,annual,700.233374,12.000000,757.805359,253
greenland,greenland-outlets-v1,gate-05,133,496012.50,-2291932.50,0.931437169,-0.363902185,120.000,1.008989899,2018-01,annual,463.582737,9.000000,506.178223,277
greenland,greenland-outlets-v1,gate-05,134,496132.50,-2291812.50,0.931437169,-0.363902185,120.000,1.008984444,2018-01,annual,484.702607,10.000000,527.803467,279
greenland,greenland-outlets-v1,gate-05,135,496132.50,-2291692.50,0.931437169,-0.363902185,120.000,1.008977483,2018-01,annual,398.315231,8.000000,440.393494,297
greenland,greenland-outlets-v1,gate-05,136,496252.50,-2291572.50,0.931437169,-0.363902185,120.000,1.008972030,2018-01,annual,316.076891,8.000000,348.607422,281
greenland,greenland-outlets-v1,gate-05,137,496252.50,-2291452.50,0.931437169,-0.363902185,120.000,1.008965070,2018-01,annual,219.899145,8.000000,239.935989,270
greenland,greenland-outlets-v1,gate-05,138,496252.50,-2291332.50,0.931437169,-0.363902185,120.000,1.008958110,2018-01,annual,145.873201,8.000000,153.884644,263
greenland,greenland-outlets-v1,gate-05,139,496372.50,-2291212.50,0.931437169,-0.363902185,120.000,1.008952658,2018-01,annual,53.183572,7.000000,55.551338,268
greenland,greenland-outlets-v1,gate-05,140,496372.50,-2291212.50,0.931437169,-0.363902185,120.000,1.008952658,2018-01,annual,53.183572,7.000000,55.551338,268
greenland,greenland-outlets-v1,gate-05,141,496372.50,-2291092.50,0.931437169,-0.363902185,120.000,1.008945699,2018-01,annual,21.248404,2.000000,22.386038,317
greenland,greenland-outlets-v1,gate-05,142,496492.50,-2290972.50,0.931437169,-0.363902185,120.000,1.008940248,2018-01,annual,1.511238,1.000000,7.231817,642
greenland,greenland-outlets-v1,gate-05,143,496492.50,-2290852.50,0.931437169,-0.363902185,120.000,1.008933289,2018-01,annual,0.829895,1.000000,6.318448,1158
greenland,greenland-outlets-v1,gate-06,144,-328987.50,-1718692.50,-0.815309184,-0.579025850,120.000,0.978390724,2018-01,annual,1.925235,0.000000,2.116115,1138
greenland,greenland-outlets-v1,gate-06,145,-328987.50,-1718812.50,-0.815309184,-0.579025850,120.000,0.978395863,2018-01,annual,0.860246,2.000000,1.148449,177
greenland,greenland-outlets-v1,gate-06,146,-328867.50,-1718932.50,-0.815309184,-0.579025850,120.000,0.978400019,2018-01,annual,229.650216,74.000000,238.857086,101
greenland,greenland-outlets-v1,gate-06,147,-328747.50,-1718932.50,-0.815309184,-0.579025850,120.000,0.978399036,2018-01,annual,340.918367,99.000000,354.411896,101
greenland,greenland-outlets-v1,gate-06,148,-328747.50,-1719052.50,-0.815309184,-0.579025850,120.000,0.978404175,2018-01,annual,995.045509,107.000000,1062.991211,107
greenland,greenland-outlets-v1,gate-06,149,-328627.50,-1719172.50,-0.815309184,-0.579025850,120.000,0.978408333,2018-01,annual,1665.082587,87.000000,1709.979248,73
greenland,greenland-outlets-v1,gate-06,150,-328627.50,-1719292.50,-0.815309184,-0.579025850,120.000,0.978413473,2018-01,annual,1354.693422,118.000000,1444.310547,100
greenland,greenland-outlets-v1,gate-06,151,-328507.50,-1719412.50,-0.815309184,-0.579025850,120.000,0.978417631,2018-01,annual,878.975195,90.000000,889.089722,97
greenland,greenland-outlets-v1,gate-06,152,-328507.50,-1719412.50,-0.815309184,-0.579025850,120.000,0.978417631,2018-01,annual,878.975195,90.000000,889.089722,97
greenland,greenland-outlets-v1,gate-06,153,-328387.50,-1719532.50,-0.815309184,-0.579025850,120.000,0.978421790,2018-01,annual,1162.412236,122.000000,1167.086792,94
greenland,greenland-outlets-v1,gate-06,154,-328267.50,-1719652.50,-0.815309184,-0.579025850,120.000,0.978425950,2018-01,annual,1354.388497,132.000000,1356.160522,87
greenland,greenland-outlets-v1,gate-06,155,-328267.50,-1719772.50,-0.815309184,-0.579025850,120.000,0.978431092,2018-01,annual,1695.106713,147.000000,1696.875122,80
greenland,greenland-outlets-v1,gate-06,156,-328147.50,-1719892.50,-0.815309184,-0.579025850,120.000,0.978435253,2018-01,annual,2614.966727,139.000000,2619.509766,79
greenland,greenland-outlets-v1,gate-06,157,-328147.50,-1719892.50,-0.815309184,-0.579025850,120.000,0.978435253,2018-01,annual,2614.966727,139.000000,2619.509766,79
greenland,greenland-outlets-v1,gate-06,158,-328027.50,-1720012.50,-0.815309184,-0.579025850,120.000,0.978439414,2018-01,annual,514.209185,201.000000,1694.934814,34
greenland,greenland-outlets-v1,gate-06,159,-327907.50,-1720132.50,-0.815309184,-0.579025850,120.000,0.978443576,2018-01,annual,3169.839063,231.000000,3303.282715,33
greenland,greenland-outlets-v1,gate-06,160,-327907.50,-1720252.50,-0.815309184,-0.579025850,120.000,0.978448720,2018-01,annual,2666.220700,239.000000,2859.690186,32
greenland,greenland-outlets-v1,gate-06,161,-327787.50,-1720372.50,-0.815309184,-0.579025850,120.000,0.978452883,2018-01,annual,3052.111964,238.000000,3259.197510,32
greenland,greenland-outlets-v1,gate-06,162,-327787.50,-1720492.50,-0.815309184,-0.579025850,120.000,0.978458027,2018-01,annual,3934.548300,266.000000,4231.384277,28
greenland,greenland-outlets-v1,gate-06,163,-327667.50,-1720492.50,-0.815309184,-0.579025850,120.000,0.978457047,2018-01,annual,4158.129788,250.000000,4283.586426,30
greenland,greenland-outlets-v1,gate-06,164,-327667.50,-1720612.50,-0.815309184,-0.579025850,120.000,0.978462192,2018-01,annual,3086.380702,147.000000,3094.152100,70
greenland,greenland-outlets-v1,gate-06,165,-327547.50,-1720732.50,-0.815309184,-0.579025850,120.000,0.978466357,2018-01,annual,7135.013786,268.000000,7141.584961,24
greenland,greenland-outlets-v1,gate-07,166,314812.50,-2575852.50,0.995898935,-0.090472708,120.000,1.024683918,2018-01,annual,7643.095480,49.000000,7665.922363,150
greenland,greenland-outlets-v1,gate-07,167,314812.50,-2575732.50,0.995898935,-0.090472708,120.000,1.024676032,2018-01,annual,6886.835641,52.000000,6910.524414,129
greenland,greenland-outlets-v1,gate-07,168,314812.50,-2575612.50,0.995898935,-0.090472708,120.000,1.024668146,2018-01,annual,8390.230809,78.000000,8428.393555,9
greenland,greenland-outlets-v1,gate-07,169,314812.50,-2575492.50,0.995898935,-0.090472708,120.000,1.024660261,2018-01,annual,1669.910457,17.000000,1671.417725,17
greenland,greenland-outlets-v1,gate-08,170,-62947.50,-3181372.50,0.915217150,-0.402961001,120.000,1.068408715,2018-01,annual,-0.633799,0.000000,0.719309,2065
greenland,greenland-outlets-v1,gate-08,171,-62947.50,-3181252.50,0.915217150,-0.402961001,120.000,1.068398764,2018-01,annual,-0.729448,0.000000,1.043018,1994
greenland,greenland-outlets-v1,gate-08,172,-62827.50,-3181132.50,0.915217150,-0.402961001,120.000,1.068388618,2018-01,annual,-0.803531,0.000000,0.960471,2303
greenland,greenland-outlets-v1,gate-08,173,-62827.50,-3181012.50,0.915217150,-0.402961001,120.000,1.068378668,2018-01,annual,-0.624178,0.000000,0.626982,2231
greenland,greenland-outlets-v1,gate-08,174,-62707.50,-3180892.50,0.915217150,-0.402961001,120.000,1.068368523,2018-01,annual,-0.210220,0.000000,0.473958,2294
greenland,greenland-outlets-v1,gate-08,175,-62707.50,-3180772.50,0.915217150,-0.402961001,120.000,1.068358574,2018-01,annual,0.348533,0.000000,0.581245,2275
greenland,greenland-outlets-v1,gate-08,176,-62707.50,-3180652.50,0.915217150,-0.402961001,120.000,1.068348625,2018-01,annual,0.190162,0.000000,0.258605,2277
greenland,greenland-outlets-v1,gate-08,177,-62107.50,-3179452.50,0.915217150,-0.402961001,120.000,1.068248190,2018-01,annual,35.849859,1.000000,43.399269,594
greenland,greenland-outlets-v1,gate-08,178,-62107.50,-3179332.50,0.915217150,-0.402961001,120.000,1.068238246,2018-01,annual,41.058515,1.000000,47.283970,544
greenland,greenland-outlets-v1,gate-08,179,-61987.50,-3179212.50,0.915217150,-0.402961001,120.000,1.068228109,2018-01,annual,45.631242,1.000000,49.227356,533
greenland,greenland-outlets-v1,gate-08,180,-61987.50,-3179212.50,0.915217150,-0.402961001,120.000,1.068228109,2018-01,annual,45.631242,1.000000,49.227356,533
greenland,greenland-outlets-v1,gate-08,181,-61987.50,-3179092.50,0.915217150,-0.402961001,120.000,1.068218166,2018-01,annual,9066.450819,151.000000,9068.165039,28
greenland,greenland-outlets-v1,gate-08,182,-61867.50,-3178972.50,0.915217150,-0.402961001,120.000,1.068208030,2018-01,annual,9376.938684,117.000000,9380.380859,46
greenland,greenland-outlets-v1,gate-08,183,-61867.50,-3178852.50,0.915217150,-0.402961001,120.000,1.068198088,2018-01,annual,9232.204130,105.000000,9238.168945,51
greenland,greenland-outlets-v1,gate-08,184,-61747.50,-3178732.50,0.915217150,-0.402961001,120.000,1.068187953,2018-01,annual,9120.286484,86.000000,9120.690430,56
greenland,greenland-outlets-v1,gate-08,185,-61747.50,-3178612.50,0.915217150,-0.402961001,120.000,1.068178012,2018-01,annual,9433.137926,90.000000,9433.379883,48
greenland,greenland-outlets-v1,gate-08,186,-61747.50,-3178492.50,0.915217150,-0.402961001,120.000,1.068168071,2018-01,annual,4147.451940,60.000000,4162.166016,36
greenland,greenland-outlets-v1,gate-08,187,-61627.50,-3178372.50,0.915217150,-0.402961001,120.000,1.068157938,2018-01,annual,1.242967,0.000000,1.249594,824
greenland,greenland-outlets-v1,gate-09,188,191212.50,-2757412.50,0.391380699,0.920228856,120.000,1.036271676,2018-01,annual,3186.283544,62.000000,3186.457764,72
greenland,greenland-outlets-v1,gate-09,189,191092.50,-2757412.50,0.391380699,0.920228856,120.000,1.036271088,2018-01,annual,3948.983653,59.000000,3949.989990,79
greenland,greenland-outlets-v1,gate-09,190,190972.50,-2757412.50,0.391380699,0.920228856,120.000,1.036270500,2018-01,annual,3696.822062,95.000000,3696.825684,70
greenland,greenland-outlets-v1,gate-09,191,190852.50,-2757292.50,0.391380699,0.920228856,120.000,1.036261421,2018-01,annual,5978.544761,112.000000,5978.637695,28
greenland,greenland-outlets-v1,gate-09,192,190732.50,-2757292.50,0.391380699,0.920228856,120.000,1.036260834,2018-01,annual,6302.961925,112.000000,6303.077637,28
greenland,greenland-outlets-v1,gate-09,193,190732.50,-2757172.50,0.391380699,0.920228856,120.000,1.036252344,2018-01,annual,6052.730877,33.000000,6052.949219,55
greenland,greenland-outlets-v1,gate-09,194,190612.50,-2757172.50,0.391380699,0.920228856,120.000,1.036251756,2018-01,annual,6300.812756,32.000000,6309.544922,58
greenland,greenland-outlets-v1,gate-09,195,190492.50,-2757172.50,0.391380699,0.920228856,120.000,1.036251170,2018-01,annual,7054.621508,22.000000,7091.369629,66
greenland,greenland-outlets-v1,gate-09,196,190372.50,-2757052.50,0.391380699,0.920228856,120.000,1.036242094,2018-01,annual,7252.310187,19.000000,7303.633789,73
greenland,greenland-outlets-v1,gate-09,197,190252.50,-2757052.50,0.391380699,0.920228856,120.000,1.036241507,2018-01,annual,7494.100505,15.000000,7545.580078,84
greenland,greenland-outlets-v1,gate-09,198,190132.50,-2756932.50,0.391380699,0.920228856,120.000,1.036232433,2018-01,annual,7734.068447,14.000000,7798.088867,97
greenland,greenland-outlets-v1,gate-09,199,190012.50,-2756932.50,0.391380699,0.920228856,120.000,1.036231847,2018-01,annual,7608.241644,13.000000,7684.711914,102
greenland,greenland-outlets-v1,gate-09,200,189892.50,-2756932.50,0.391380699,0.920228856,120.000,1.036231262,2018-01,annual,7454.516168,13.000000,7648.901367,97
greenland,greenland-outlets-v1,gate-10,201,-244747.50,-2776372.50,-0.883452245,0.468521218,120.000,1.037917946,2018-01,annual,2.859226,1.000000,3.264933,535
greenland,greenland-outlets-v1,gate-10,202,-244747.50,-2776492.50,-0.883452245,0.468521218,120.000,1.037926502,2018-01,annual,1.571550,0.000000,1.589840,684
greenland,greenland-outlets-v1,gate-10,203,-244747.50,-2776612.50,-0.883452245,0.468521218,120.000,1.037935059,2018-01,annual,0.590707,0.000000,0.659431,1310
greenland,greenland-outlets-v1,gate-10,204,-244867.50,-2776732.50,-0.883452245,0.468521218,120.000,1.037944370,2018-01,annual,6202.171621,45.000000,6222.907715,195
greenland,greenland-outlets-v1,gate-10,205,-244867.50,-2776732.50,-0.883452245,0.468521218,120.000,1.037944370,2018-01,annual,6202.171621,45.000000,6222.907715,195
greenland,greenland-outlets-v1,gate-10,206,-244987.50,-2776852.50,-0.883452245,0.468521218,120.000,1.037953683,2018-01,annual,8476.965273,98.000000,8624.499023,27
greenland,greenland-outlets-v1,gate-10,207,-244987.50,-2776972.50,-0.883452245,0.468521218,120.000,1.037962240,2018-01,annual,6836.413292,44.000000,6855.591309,193
greenland,greenland-outlets-v1,gate-10,208,-245107.50,-2777092.50,-0.883452245,0.468521218,120.000,1.037971554,2018-01,annual,6685.308490,43.000000,6720.413574,196
greenland,greenland-outlets-v1,gate-10,209,-245107.50,-2777212.50,-0.883452245,0.468521218,120.000,1.037980113,2018-01,annual,6777.796922,43.000000,6806.689453,201
greenland,greenland-outlets-v1,gate-10,210,-245227.50,-2777332.50,-0.883452245,0.468521218,120.000,1.037989427,2018-01,annual,5694.132120,52.000000,5707.006836,162
greenland,greenland-outlets-v1,gate-10,211,-245227.50,-2777452.50,-0.883452245,0.468521218,120.000,1.037997987,2018-01,annual,5713.482084,52.000000,5729.461914,162
greenland,greenland-outlets-v1,gate-10,212,-245347.50,-2777572.50,-0.883452245,0.468521218,120.000,1.038007303,2018-01,annual,5383.028907,54.000000,5392.892090,148
greenland,greenland-outlets-v1,gate-10,213,-245347.50,-2777572.50,-0.883452245,0.468521218,120.000,1.038007303,2018-01,annual,5383.028907,54.000000,5392.892090,148
greenland,greenland-outlets-v1,gate-10,214,-245467.50,-2777692.50,-0.883452245,0.468521218,120.000,1.038016620,2018-01,annual,5337.550368,56.000000,5344.003418,142
greenland,greenland-outlets-v1,gate-10,215,-245467.50,-2777812.50,-0.883452245,0.468521218,120.000,1.038025180,2018-01,annual,5510.057409,46.000000,5513.075195,155
greenland,greenland-outlets-v1,gate-10,216,-245587.50,-2778052.50,-0.883452245,0.468521218,120.000,1.038043060,2018-01,annual,5986.263762,43.000000,5998.811523,181
greenland,greenland-outlets-v1,gate-10,217,-245587.50,-2778172.50,-0.883452245,0.468521218,120.000,1.038051622,2018-01,annual,5994.301628,42.000000,6012.468750,181
greenland,greenland-outlets-v1,gate-10,218,-245707.50,-2778292.50,-0.883452245,0.468521218,120.000,1.038060942,2018-01,annual,6038.452625,42.000000,6050.924316,190
greenland,greenland-outlets-v1,gate-10,219,-245707.50,-2778412.50,-0.883452245,0.468521218,120.000,1.038069504,2018-01,annual,6073.846588,42.000000,6085.143066,189
greenland,greenland-outlets-v1,gate-10,220,-245827.50,-2778532.50,-0.883452245,0.468521218,120.000,1.038078825,2018-01,annual,5952.659578,45.000000,5957.922852,168
greenland,greenland-outlets-v1,gate-10,221,-245827.50,-2778532.50,-0.883452245,0.468521218,120.000,1.038078825,2018-01,annual,5952.659578,45.000000,5957.922852,168
greenland,greenland-outlets-v1,gate-10,222,-245947.50,-2778652.50,-0.883452245,0.468521218,120.000,1.038088147,2018-01,annual,6176.229882,43.000000,6182.433105,189
greenland,greenland-outlets-v1,gate-10,223,-245947.50,-2778772.50,-0.883452245,0.468521218,120.000,1.038096711,2018-01,annual,6072.586494,43.000000,6081.500977,190
greenland,greenland-outlets-v1,gate-10,224,-246067.50,-2778892.50,-0.883452245,0.468521218,120.000,1.038106033,2018-01,annual,6116.187724,42.000000,6121.643555,191
greenland,greenland-outlets-v1,gate-10,225,-246067.50,-2779012.50,-0.883452245,0.468521218,120.000,1.038114598,2018-01,annual,6013.148841,43.000000,6020.876465,182
greenland,greenland-outlets-v1,gate-10,226,-246187.50,-2779132.50,-0.883452245,0.468521218,120.000,1.038123922,2018-01,annual,5985.974188,42.000000,5992.573730,187
greenland,greenland-outlets-v1,gate-10,227,-246187.50,-2779252.50,-0.883452245,0.468521218,120.000,1.038132488,2018-01,annual,6016.992650,43.000000,6022.832031,185
greenland,greenland-outlets-v1,gate-10,228,-246307.50,-2779372.50,-0.883452245,0.468521218,120.000,1.038141813,2018-01,annual,6020.906715,43.000000,6023.423340,181
greenland,greenland-outlets-v1,gate-10,229,-246307.50,-2779372.50,-0.883452245,0.468521218,120.000,1.038141813,2018-01,annual,6020.906715,43.000000,6023.423340,181
greenland,greenland-outlets-v1,gate-10,230,-246427.50,-2779492.50,-0.883452245,0.468521218,120.000,1.038151139,2018-01,annual,5866.314772,43.000000,5869.911133,176
greenland,greenland-outlets-v1,gate-10,231,-246427.50,-2779612.50,-0.883452245,0.468521218,120.000,1.038159705,2018-01,annual,6001.427156,48.000000,6003.392578,162
greenland,greenland-outlets-v1,gate-10,232,-246427.50,-2779732.50,-0.883452245,0.468521218,120.000,1.038168273,2018-01,annual,5779.299609,50.000000,5781.489258,140
greenland,greenland-outlets-v1,gate-10,233,-246547.50,-2779852.50,-0.883452245,0.468521218,120.000,1.038177600,2018-01,annual,4065.118897,66.000000,4068.369385,116
greenland,greenland-outlets-v1,gate-10,234,-246547.50,-2779972.50,-0.883452245,0.468521218,120.000,1.038186168,2018-01,annual,2047.678594,69.000000,2063.236572,106
greenland,greenland-outlets-v1,gate-10,235,-246667.50,-2780092.50,-0.883452245,0.468521218,120.000,1.038195497,2018-01,annual,136.183337,31.000000,155.122955,158
greenland,greenland-outlets-v1,gate-10,236,-246667.50,-2780212.50,-0.883452245,0.468521218,120.000,1.038204066,2018-01,annual,3.840300,3.000000,5.036294,224
greenland,greenland-outlets-v1,gate-10,237,-246787.50,-2780332.50,-0.883452245,0.468521218,120.000,1.038213396,2018-01,annual,1.044969,1.000000,1.151764,499
greenland,greenland-outlets-v1,gate-10,238,-246787.50,-2780332.50,-0.883452245,0.468521218,120.000,1.038213396,2018-01,annual,1.044969,1.000000,1.151764,499
greenland,greenland-outlets-v1,gate-11,239,664252.50,-2270332.50,0.832079762,-0.554655993,120.000,1.010213585,2018-01,annual,0.527482,0.000000,0.580864,2218
greenland,greenland-outlets-v1,gate-11,240,664372.50,-2270212.50,0.832079762,-0.554655993,120.000,1.010208704,2018-01,annual,0.294774,0.000000,0.427271,3041
greenland,greenland-outlets-v1,gate-11,241,664372.50,-2270092.50,0.832079762,-0.554655993,120.000,1.010201804,2018-01,annual,0.412081,0.000000,0.717791,3151
greenland,greenland-outlets-v1,gate-11,242,664492.50,-2269972.50,0.832079762,-0.554655993,120.000,1.010196924,2018-01,annual,0.835338,0.000000,1.524521,3600
greenland,greenland-outlets-v1,gate-11,243,664852.50,-2269372.50,0.832079762,-0.554655993,120.000,1.010168494,2018-01,annual,0.425983,0.000000,0.448538,1662
greenland,greenland-outlets-v1,gate-11,244,664972.50,-2269252.50,0.832079762,-0.554655993,120.000,1.010163618,2018-01,annual,0.817774,0.000000,0.846626,820
greenland,greenland-outlets-v1,gate-11,245,664972.50,-2269252.50,0.832079762,-0.554655993,120.000,1.010163618,2018-01,annual,0.817774,0.000000,0.846626,820
greenland,greenland-outlets-v1,gate-11,246,665092.50,-2269132.50,0.832079762,-0.554655993,120.000,1.010158742,2018-01,annual,1.850442,0.000000,1.914845,917
greenland,greenland-outlets-v1,gate-11,247,665092.50,-2269012.50,0.832079762,-0.554655993,120.000,1.010151846,2018-01,annual,0.793836,0.000000,0.877939,2133
greenland,greenland-outlets-v1,gate-11,248,665212.50,-2268892.50,0.832079762,-0.554655993,120.000,1.010146972,2018-01,annual,4078.917306,57.000000,4079.770752,16
greenland,greenland-outlets-v1,gate-11,249,665212.50,-2268772.50,0.832079762,-0.554655993,120.000,1.010140076,2018-01,annual,6850.156907,222.000000,6871.584473,6
greenland,greenland-outlets-v1,gate-11,250,665332.50,-2268652.50,0.832079762,-0.554655993,120.000,1.010135203,2018-01,annual,5365.381078,224.000000,5370.885742,5
greenland,greenland-outlets-v1,gate-11,251,665452.50,-2268652.50,0.832079762,-0.554655993,120.000,1.010137225,2018-01,annual,5285.757790,214.000000,5285.757812,8
greenland,greenland-outlets-v1,gate-11,252,665452.50,-2268532.50,0.832079762,-0.554655993,120.000,1.010130331,2018-01,annual,5365.880555,221.000000,5370.165527,7
greenland,greenland-outlets-v1,gate-11,253,665572.50,-2268412.50,0.832079762,-0.554655993,120.000,1.010125459,2018-01,annual,6425.327839,199.000000,6559.273926,9
greenland,greenland-outlets-v1,gate-11,254,665572.50,-2268292.50,0.832079762,-0.554655993,120.000,1.010118565,2018-01,annual,6133.743423,199.000000,6253.083984,9
greenland,greenland-outlets-v1,gate-11,255,665692.50,-2268172.50,0.832079762,-0.554655993,120.000,1.010113694,2018-01,annual,5621.692376,207.000000,5734.208984,8
greenland,greenland-outlets-v1,gate-11,256,665692.50,-2268052.50,0.832079762,-0.554655993,120.000,1.010106801,2018-01,annual,6296.341089,207.000000,6410.899414,8
greenland,greenland-outlets-v1,gate-11,257,665812.50,-2268052.50,0.832079762,-0.554655993,120.000,1.010108825,2018-01,annual,6515.530260,201.000000,6563.101074,9
greenland,greenland-outlets-v1,gate-11,258,665812.50,-2267932.50,0.832079762,-0.554655993,120.000,1.010101932,2018-01,annual,6827.937439,177.000000,6889.339355,10
greenland,greenland-outlets-v1,gate-11,259,665932.50,-2267812.50,0.832079762,-0.554655993,120.000,1.010097063,2018-01,annual,6953.902018,177.000000,6997.027344,10
greenland,greenland-outlets-v1,gate-11,260,666172.50,-2267452.50,0.832079762,-0.554655993,120.000,1.010080436,2018-01,annual,1179.970528,148.000000,1310.823975,8
greenland,greenland-outlets-v1,gate-12,261,-260587.50,-1980172.50,-0.687258612,-0.726412830,120.000,0.989972154,2018-01,annual,1.292854,0.000000,1.481937,2243
greenland,greenland-outlets-v1,gate-12,262,-260467.50,-1980292.50,-0.687258612,-0.726412830,120.000,0.989977327,2018-01,annual,9766.146772,80.000000,9775.404297,22
greenland,greenland-outlets-v1,gate-12,263,-260347.50,-1980292.50,-0.687258612,-0.726412830,120.000,0.989976544,2018-01,annual,10091.801682,79.000000,10100.169922,24
greenland,greenland-outlets-v1,gate-12,264,-260347.50,-1980412.50,-0.687258612,-0.726412830,120.000,0.989982500,2018-01,annual,10042.206533,79.000000,10051.014648,24
greenland,greenland-outlets-v1,gate-12,265,-260227.50,-1980532.50,-0.687258612,-0.726412830,120.000,0.989987675,2018-01,annual,8794.504424,64.000000,8801.294922,47
greenland,greenland-outlets-v1,gate-12,266,-260107.50,-1980532.50,-0.687258612,-0.726412830,120.000,0.989986892,2018-01,annual,9769.976561,60.000000,9777.575195,53
greenland,greenland-outlets-v1,gate-12,267,-259987.50,-1980652.50,-0.687258612,-0.726412830,120.000,0.989992067,2018-01,annual,10151.681793,56.000000,10160.199219,62
greenland,greenland-outlets-v1,gate-12,268,-259987.50,-1980772.50,-0.687258612,-0.726412830,120.000,0.989998025,2018-01,annual,10137.640627,56.000000,10142.270508,63
greenland,greenland-outlets-v1,gate-12,269,-259867.50,-1980772.50,-0.687258612,-0.726412830,120.000,0.989997244,2018-01,annual,10381.856617,52.000000,10395.894531,70
greenland,greenland-outlets-v1,gate-12,270,-259747.50,-1980892.50,-0.687258612,-0.726412830,120.000,0.990002420,2018-01,annual,10423.552499,51.000000,10435.761719,75
greenland,greenland-outlets-v1,gate-12,271,-259747.50,-1981012.50,-0.687258612,-0.726412830,120.000,0.990008379,2018-01,annual,10310.616918,52.000000,10319.087891,73
greenland,greenland-outlets-v1,gate-12,272,-259627.50,-1981132.50,-0.687258612,-0.726412830,120.000,0.990013557,2018-01,annual,10074.237787,53.000000,10076.345703,73
greenland,greenland-outlets-v1,gate-12,273,-259507.50,-1981132.50,-0.687258612,-0.726412830,120.000,0.990012776,2018-01,annual,10540.588841,49.000000,10546.073242,80
greenland,greenland-outlets-v1,gate-12,274,-259387.50,-1981252.50,-0.687258612,-0.726412830,120.000,0.990017955,2018-01,annual,10116.761491,55.000000,10118.298828,71
greenland,greenland-outlets-v1,gate-12,275,-259387.50,-1981372.50,-0.687258612,-0.726412830,120.000,0.990023915,2018-01,annual,9772.202290,62.000000,9775.274414,68
greenland,greenland-outlets-v1,gate-12,276,-259267.50,-1981372.50,-0.687258612,-0.726412830,120.000,0.990023135,2018-01,annual,10078.980305,58.000000,10080.419922,70
greenland,greenland-outlets-v1,gate-12,277,-259147.50,-1981492.50,-0.687258612,-0.726412830,120.000,0.990028316,2018-01,annual,9727.106181,69.000000,9729.953125,67
greenland,greenland-outlets-v1,gate-12,278,-259027.50,-1981612.50,-0.687258612,-0.726412830,120.000,0.990033497,2018-01,annual,9347.591663,62.000000,9347.815430,59
greenland,greenland-outlets-v1,gate-12,279,-259027.50,-1981612.50,-0.687258612,-0.726412830,120.000,0.990033497,2018-01,annual,9347.591663,62.000000,9347.815430,59
greenland,greenland-outlets-v1,gate-12,280,-258907.50,-1981732.50,-0.687258612,-0.726412830,120.000,0.990038679,2018-01,annual,9358.651449,73.000000,9361.206055,54
greenland,greenland-outlets-v1,gate-12,281,-258787.50,-1981852.50,-0.687258612,-0.726412830,120.000,0.990043862,2018-01,annual,5011.924842,79.000000,5037.491211,47
greenland,greenland-outlets-v1,gate-12,282,-258787.50,-1981852.50,-0.687258612,-0.726412830,120.000,0.990043862,2018-01,annual,5011.924842,79.000000,5037.491211,47
greenland,greenland-outlets-v1,gate-12,283,-258667.50,-1981972.50,-0.687258612,-0.726412830,120.000,0.990049045,2018-01,annual,1109.298835,107.000000,1125.681885,19
greenland,greenland-outlets-v1,gate-12,284,-258547.50,-1982092.50,-0.687258612,-0.726412830,120.000,0.990054229,2018-01,annual,1.157356,0.000000,2.125686,2793
greenland,greenland-outlets-v1,gate-12,285,-258427.50,-1982092.50,-0.687258612,-0.726412830,120.000,0.990053452,2018-01,annual,1.126274,0.000000,2.289783,2840
greenland,greenland-outlets-v1,gate-01,0,-167827.50,-3142852.50,-0.139044586,0.990286122,120.000,1.065551284,2019-01,annual,34.852781,0.000000,93.450836,3527
greenland,greenland-outlets-v1,gate-01,1,-167947.50,-3142852.50,-0.139044586,0.990286122,120.000,1.065551809,2019-01,annual,32.825875,0.000000,91.260956,3463
greenland,greenland-outlets-v1,gate-01,2,-168067.50,-3142852.50,-0.139044586,0.990286122,120.000,1.065552334,2019-01,annual,31.724584,0.000000,89.530113,3519
greenland,greenland-outlets-v1,gate-01,3,-168187.50,-3142852.50,-0.139044586,0.990286122,120.000,1.065552859,2019-01,annual,29.564743,0.000000,87.205681,3554
greenland,greenland-outlets-v1,gate-01,4,-168307.50,-3142852.50,-0.139044586,0.990286122,120.000,1.065553384,2019-01,annual,27.502869,0.000000,84.494400,3587
greenland,greenland-outlets-v1,gate-01,5,-168427.50,-3142852.50,-0.139044586,0.990286122,120.000,1.065553910,2019-01,annual,23.485319,0.000000,83.709999,3626
greenland,greenland-outlets-v1,gate-01,6,-168547.50,-3142852.50,-0.139044586,0.990286122,120.000,1.065554436,2019-01,annual,19.405179,0.000000,82.302895,3623
greenland,greenland-outlets-v1,gate-01,7,-168667.50,-3142852.50,-0.139044586,0.990286122,120.000,1.065554963,2019-01,annual,17.586011,0.000000,78.083748,3633
greenland,greenland-outlets-v1,gate-01,8,-168787.50,-3142972.50,-0.139044586,0.990286122,120.000,1.065565307,2019-01,annual,14.663465,0.000000,71.935143,3507
greenland,greenland-outlets-v1,gate-01,9,-168907.50,-3142972.50,-0.139044586,0.990286122,120.000,1.065565834,2019-01,annual,14.196090,0.000000,71.175537,3486
greenland,greenland-outlets-v1,gate-01,10,-169027.50,-3142972.50,-0.139044586,0.990286122,120.000,1.065566362,2019-01,annual,12.898824,0.000000,69.161232,3484
greenland,greenland-outlets-v1,gate-01,11,-169147.50,-3142972.50,-0.139044586,0.990286122,120.000,1.065566890,2019-01,annual,11.520926,0.000000,67.543106,3499
greenland,greenland-outlets-v1,gate-01,12,-169267.50,-3142972.50,-0.139044586,0.990286122,120.000,1.065567419,2019-01,annual,10.063528,0.000000,63.100090,3501
greenland,greenland-outlets-v1,gate-01,13,-169387.50,-3142972.50,-0.139044586,0.990286122,120.000,1.065567948,2019-01,annual,10.871348,0.000000,61.140919,3496
greenland,greenland-outlets-v1,gate-01,14,-169507.50,-3142972.50,-0.139044586,0.990286122,120.000,1.065568477,2019-01,annual,12.525736,0.000000,59.519451,3508
greenland,greenland-outlets-v1,gate-01,15,-169627.50,-3143092.50,-0.139044586,0.990286122,120.000,1.065578824,2019-01,annual,9.839281,0.000000,48.201385,3494
greenland,greenland-outlets-v1,gate-01,16,-169747.50,-3143092.50,-0.139044586,0.990286122,120.000,1.065579354,2019-01,annual,8.982729,0.000000,44.798229,3474
greenland,greenland-outlets-v1,gate-01,17,-169867.50,-3143092.50,-0.139044586,0.990286122,120.000,1.065579884,2019-01,annual,9.166530,0.000000,40.713203,3463
greenland,greenland-outlets-v1,gate-01,18,-169987.50,-3143092.50,-0.139044586,0.990286122,120.000,1.065580415,2019-01,annual,8.783429,0.000000,40.828381,3465
greenland,greenland-outlets-v1,gate-01,19,-170107.50,-3143092.50,-0.139044586,0.990286122,120.000,1.065580946,2019-01,annual,8.095744,0.000000,39.901276,3404
greenland,greenland-outlets-v1,gate-01,20,-170227.50,-3143092.50,-0.139044586,0.990286122,120.000,1.065581478,2019-01,annual,8.556554,0.000000,38.155487,3387
greenland,greenland-outlets-v1,gate-01,21,-170347.50,-3143092.50,-0.139044586,0.990286122,120.000,1.065582010,2019-01,annual,7.972167,0.000000,38.971535,3352
greenland,greenland-outlets-v1,gate-01,22,-170467.50,-3143212.50,-0.139044586,0.990286122,120.000,1.065592360,2019-01,annual,3.348693,0.000000,29.218388,2498
greenland,greenland-outlets-v1,gate-01,23,-170587.50,-3143212.50,-0.139044586,0.990286122,120.000,1.065592893,2019-01,annual,2.027927,0.000000,27.525459,2450
greenland,greenland-outlets-v1,gate-01,24,-170707.50,-3143212.50,-0.139044586,0.990286122,120.000,1.065593426,2019-01,annual,1.672271,0.000000,26.948675,2443
greenland,greenland-outlets-v1,gate-01,25,-170827.50,-3143212.50,-0.139044586,0.990286122,120.000,1.065593959,2019-01,annual,1.424065,0.000000,26.319265,2428
greenland,greenland-outlets-v1,gate-01,26,-170947.50,-3143212.50,-0.139044586,0.990286122,120.000,1.065594493,2019-01,annual,1.890677,0.000000,20.795767,2746
greenland,greenland-outlets-v1,gate-01,27,-171067.50,-3143212.50,-0.139044586,0.990286122,120.000,1.065595027,2019-01,annual,2.356868,0.000000,17.906019,2820
greenland,greenland-outlets-v1,gate-01,28,-171187.50,-3143212.50,-0.139044586,0.990286122,120.000,1.065595561,2019-01,annual,1.552432,0.000000,18.475296,2901
greenland,greenland-outlets-v1,gate-01,29,-172387.50,-3143452.50,-0.139044586,0.990286122,120.000,1.065620564,2019-01,annual,-0.395044,0.000000,10.361831,3187
greenland,greenland-outlets-v1,gate-01,30,-172507.50,-3143452.50,-0.139044586,0.990286122,120.000,1.065621103,2019-01,annual,0.392945,0.000000,8.058166,3094
greenland,greenland-outlets-v1,gate-01,31,-172627.50,-3143452.50,-0.139044586,0.990286122,120.000,1.065621642,2019-01,annual,1.930958,0.000000,7.089794,3284
greenland,greenland-outlets-v1,gate-01,32,-172747.50,-3143452.50,-0.139044586,0.990286122,120.000,1.065622181,2019-01,annual,2.887465,0.000000,6.313577,3331
greenland,greenland-outlets-v1,gate-01,33,-172867.50,-3143452.50,-0.139044586,0.990286122,120.000,1.065622721,2019-01,annual,4.673137,0.000000,5.952234,3480
greenland,greenland-outlets-v1,gate-02,34,-196387.50,-2272852.50,-0.999160466,0.040967840,120.000,1.005265518,2019-01,annual,11090.365208,226.000000,11133.732422,213
greenland,greenland-outlets-v1,gate-02,35,-196387.50,-2272972.50,-0.999160466,0.040967840,120.000,1.005272409,2019-01,annual,11167.456837,216.000000,11210.627930,224
greenland,greenland-outlets-v1,gate-02,36,-196387.50,-2273092.50,-0.999160466,0.040967840,120.000,1.005279300,2019-01,annual,10997.941469,218.000000,11035.794922,217
greenland,greenland-outlets-v1,gate-02,37,-196387.50,-2273212.50,-0.999160466,0.040967840,120.000,1.005286191,2019-01,annual,10928.713437,220.000000,10968.732422,216
greenland,greenland-outlets-v1,gate-02,38,-196387.50,-2273332.50,-0.999160466,0.040967840,120.000,1.005293083,2019-01,annual,10860.720982,219.000000,10900.847656,216
greenland,greenland-outlets-v1,gate-02,39,-196387.50,-2273452.50,-0.999160466,0.040967840,120.000,1.005299976,2019-01,annual,11025.590082,218.000000,11065.333008,216
greenland,greenland-outlets-v1,gate-02,40,-196387.50,-2273572.50,-0.999160466,0.040967840,120.000,1.005306868,2019-01,annual,10907.290672,222.000000,10945.543945,213
greenland,greenland-outlets-v1,gate-02,41,-196387.50,-2273692.50,-0.999160466,0.040967840,120.000,1.005313762,2019-01,annual,9796.826590,228.000000,9840.800781,204
greenland,greenland-outlets-v1,gate-02,42,-196387.50,-2273812.50,-0.999160466,0.040967840,120.000,1.005320655,2019-01,annual,9709.778706,244.000000,9751.488281,189
greenland,greenland-outlets-v1,gate-02,43,-196387.50,-2273932.50,-0.999160466,0.040967840,120.000,1.005327549,2019-01,annual,9442.258278,258.000000,9480.580078,178
greenland,greenland-outlets-v1,gate-02,44,-196387.50,-2274052.50,-0.999160466,0.040967840,120.000,1.005334443,2019-01,annual,8569.864457,299.000000,8608.669922,123
greenland,greenland-outlets-v1,gate-02,45,-196387.50,-2274172.50,-0.999160466,0.040967840,120.000,1.005341338,2019-01,annual,8583.689397,349.000000,8609.808594,96
greenland,greenland-outlets-v1,gate-02,46,-196387.50,-2274292.50,-0.999160466,0.040967840,120.000,1.005348233,2019-01,annual,-605.589830,134.000000,797.359497,68
greenland,greenland-outlets-v1,gate-02,47,-196507.50,-2274412.50,-0.999160466,0.040967840,120.000,1.005355724,2019-01,annual,1001.418725,18.000000,1128.515869,101
greenland,greenland-outlets-v1,gate-02,48,-196507.50,-2274532.50,-0.999160466,0.040967840,120.000,1.005362620,2019-01,annual,1259.597739,16.000000,1432.171021,127
greenland,greenland-outlets-v1,gate-02,49,-196507.50,-2274652.50,-0.999160466,0.040967840,120.000,1.005369516,2019-01,annual,1290.666720,8.000000,1377.612305,143
greenland,greenland-outlets-v1,gate-02,50,-196507.50,-2274772.50,-0.999160466,0.040967840,120.000,1.005376413,2019-01,annual,1324.953157,7.000000,1418.037109,190
greenland,greenland-outlets-v1,gate-02,51,-196507.50,-2274892.50,-0.999160466,0.040967840,120.000,1.005383310,2019-01,annual,1688.184526,7.000000,2001.390503,261
greenland,greenland-outlets-v1,gate-02,52,-196507.50,-2275012.50,-0.999160466,0.040967840,120.000,1.005390207,2019-01,annual,1550.389356,6.000000,1927.709961,302
greenland,greenland-outlets-v1,gate-02,53,-196507.50,-2275132.50,-0.999160466,0.040967840,120.000,1.005397105,2019-01,annual,2083.448845,6.000000,2450.532959,328
greenland,greenland-outlets-v1,gate-02,54,-196507.50,-2275252.50,-0.999160466,0.040967840,120.000,1.005404003,2019-01,annual,2157.982740,5.000000,2549.456787,344
greenland,greenland-outlets-v1,gate-02,55,-196507.50,-2275372.50,-0.999160466,0.040967840,120.000,1.005410901,2019-01,annual,2083.804497,4.000000,2443.995361,370
greenland,greenland-outlets-v1,gate-02,56,-196507.50,-2275492.50,-0.999160466,0.040967840,120.000,1.005417800,2019-01,annual,2138.356576,4.000000,2500.382568,380
greenland,greenland-outlets-v1,gate-02,57,-196507.50,-2275612.50,-0.999160466,0.040967840,120.000,1.005424700,2019-01,annual,2183.539605,3.000000,2557.390381,401
greenland,greenland-outlets-v1,gate-02,58,-196507.50,-2275732.50,-0.999160466,0.040967840,120.000,1.005431599,2019-01,annual,2180.831488,3.000000,2551.737549,417
greenland,greenland-outlets-v1,gate-02,59,-196507.50,-2275852.50,-0.999160466,0.040967840,120.000,1.005438500,2019-01,annual,2177.362298,3.000000,2585.127441,436
greenland,greenland-outlets-v1,gate-03,60,-324907.50,-1773052.50,-0.960147262,-0.279494607,120.000,0.980723532,2019-01,annual,2773.422161,26.000000,3589.781738,125
greenland,greenland-outlets-v1,gate-03,61,-324907.50,-1773172.50,-0.960147262,-0.279494607,120.000,0.980728839,2019-01,annual,2696.953713,26.000000,3517.500488,124
greenland,greenland-outlets-v1,gate-03,62,-324787.50,-1773292.50,-0.960147262,-0.279494607,120.000,0.980733175,2019-01,annual,2719.679820,27.000000,3490.210449,122
greenland,greenland-outlets-v1,gate-03,63,-324787.50,-1773412.50,-0.960147262,-0.279494607,120.000,0.980738484,2019-01,annual,2625.517148,27.000000,3393.782959,122
greenland,greenland-outlets-v1,gate-03,64,-324787.50,-1773532.50,-0.960147262,-0.279494607,120.000,0.980743793,2019-01,annual,2564.343678,28.000000,3275.509277,124
greenland,greenland-outlets-v1,gate-03,65,-324787.50,-1773652.50,-0.960147262,-0.279494607,120.000,0.980749102,2019-01,annual,2343.435006,32.000000,2960.787354,117
greenland,greenland-outlets-v1,gate-03,66,-324667.50,-1773772.50,-0.960147262,-0.279494607,120.000,0.980753440,2019-01,annual,873.757017,14.000000,1343.632935,213
greenland,greenland-outlets-v1,gate-03,67,-324667.50,-1773892.50,-0.960147262,-0.279494607,120.000,0.980758750,2019-01,annual,705.893500,13.000000,1171.482788,231
greenland,greenland-outlets-v1,gate-03,68,-324667.50,-1774012.50,-0.960147262,-0.279494607,120.000,0.980764060,2019-01,annual,682.202608,11.000000,1086.617432,265
greenland,greenland-outlets-v1,gate-03,69,-324547.50,-1774132.50,-0.960147262,-0.279494607,120.000,0.980768399,2019-01,annual,683.713467,9.000000,988.309509,315
greenland,greenland-outlets-v1,gate-03,70,-324547.50,-1774252.50,-0.960147262,-0.279494607,120.000,0.980773711,2019-01,annual,530.953931,8.000000,717.619629,332
greenland,greenland-outlets-v1,gate-03,71,-324547.50,-1774372.50,-0.960147262,-0.279494607,120.000,0.980779022,2019-01,annual,350.630608,8.000000,420.118500,335
greenland,greenland-outlets-v1,gate-03,72,-324547.50,-1774492.50,-0.960147262,-0.279494607,120.000,0.980784334,2019-01,annual,264.686992,8.000000,273.563171,332
greenland,greenland-outlets-v1,gate-03,73,-324427.50,-1774492.50,-0.960147262,-0.279494607,120.000,0.980783363,2019-01,annual,328.341976,8.000000,343.666016,335
greenland,greenland-outlets-v1,gate-03,74,-324427.50,-1774612.50,-0.960147262,-0.279494607,120.000,0.980788675,2019-01,annual,278.736640,8.000000,281.100555,330
greenland,greenland-outlets-v1,gate-03,75,-324427.50,-1774732.50,-0.960147262,-0.279494607,120.000,0.980793988,2019-01,annual,268.260883,11.000000,286.466156,274
greenland,greenland-outlets-v1,gate-03,76,-324427.50,-1774852.50,-0.960147262,-0.279494607,120.000,0.980799301,2019-01,annual,270.821421,12.000000,284.980927,225
greenland,greenland-outlets-v1,gate-03,77,-324307.50,-1774972.50,-0.960147262,-0.279494607,120.000,0.980803643,2019-01,annual,289.256114,18.000000,357.748779,134
greenland,greenland-outlets-v1,gate-03,78,-324307.50,-1775092.50,-0.960147262,-0.279494607,120.000,0.980808957,2019-01,annual,495.463151,18.000000,614.111328,110
greenland,greenland-outlets-v1,gate-03,79,-324307.50,-1775212.50,-0.960147262,-0.279494607,120.000,0.980814271,2019-01,annual,1602.583124,270.000000,1857.346436,29
greenland,greenland-outlets-v1,gate-03,80,-324187.50,-1775332.50,-0.960147262,-0.279494607,120.000,0.980818615,2019-01,annual,2146.946382,309.000000,2639.648682,24
greenland,greenland-outlets-v1,gate-03,81,-324187.50,-1775452.50,-0.960147262,-0.279494607,120.000,0.980823930,2019-01,annual,3728.497275,470.000000,4200.062012,17
greenland,greenland-outlets-v1,gate-03,82,-324187.50,-1775572.50,-0.960147262,-0.279494607,120.000,0.980829245,2019-01,annual,4329.972106,257.000000,4687.640137,36
greenland,greenland-outlets-v1,gate-03,83,-324187.50,-1775692.50,-0.960147262,-0.279494607,120.000,0.980834561,2019-01,annual,5182.447505,214.000000,5497.003906,45
greenland,greenland-outlets-v1,gate-03,84,-324067.50,-1775812.50,-0.960147262,-0.279494607,120.000,0.980838907,2019-01,annual,5021.284511,197.000000,5426.458496,49
greenland,greenland-outlets-v1,gate-03,85,-324067.50,-1775932.50,-0.960147262,-0.279494607,120.000,0.980844223,2019-01,annual,5003.775531,183.000000,5419.850586,56
greenland,greenland-outlets-v1,gate-04,86,183652.50,-2727652.50,0.502097806,-0.864810843,120.000,1.034142090,2019-01,annual,1.112574,1.000000,1.249900,442
greenland,greenland-outlets-v1,gate-04,87,183772.50,-2727532.50,0.502097806,-0.864810843,120.000,1.034134265,2019-01,annual,11824.972525,650.000000,11829.525391,8
greenland,greenland-outlets-v1,gate-04,88,183892.50,-2727532.50,0.502097806,-0.864810843,120.000,1.034134831,2019-01,annual,13969.861393,622.000000,13976.029297,8
greenland,greenland-outlets-v1,gate-04,89,183892.50,-2727412.50,0.502097806,-0.864810843,120.000,1.034126441,2019-01,annual,3225.463552,117.000000,3238.287109,53
greenland,greenland-outlets-v1,gate-04,90,184012.50,-2727412.50,0.502097806,-0.864810843,120.000,1.034127007,2019-01,annual,9215.985803,180.000000,9219.224609,46
greenland,greenland-outlets-v1,gate-04,91,185812.50,-2726332.50,0.502097806,-0.864810843,120.000,1.034060049,2019-01,annual,10271.686909,146.000000,10277.747070,59
greenland,greenland-outlets-v1,gate-04,92,185932.50,-2726212.50,0.502097806,-0.864810843,120.000,1.034052235,2019-01,annual,10630.025624,203.000000,10638.312500,42
greenland,greenland-outlets-v1,gate-04,93,186052.50,-2726212.50,0.502097806,-0.864810843,120.000,1.034052807,2019-01,annual,6924.733071,213.000000,6949.083496,40
greenland,greenland-outlets-v1,gate-04,94,186172.50,-2726092.50,0.502097806,-0.864810843,120.000,1.034044995,2019-01,annual,605.506617,47.000000,623.312439,57
greenland,greenland-outlets-v1,gate-04,95,186172.50,-2726092.50,0.502097806,-0.864810843,120.000,1.034044995,2019-01,annual,605.506617,47.000000,623.312439,57
greenland,greenland-outlets-v1,gate-04,96,186292.50,-2725972.50,0.502097806,-0.864810843,120.000,1.034037183,2019-01,annual,18.862301,31.000000,659.924438,153
greenland,greenland-outlets-v1,gate-04,97,186412.50,-2725972.50,0.502097806,-0.864810843,120.000,1.034037756,2019-01,annual,-11.513254,8.000000,556.093018,389
greenland,greenland-outlets-v1,gate-04,98,186532.50,-2725852.50,0.502097806,-0.864810843,120.000,1.034029945,2019-01,annual,-23.338324,7.000000,653.582336,443
greenland,greenland-outlets-v1,gate-04,99,186652.50,-2725852.50,0.502097806,-0.864810843,120.000,1.034030519,2019-01,annual,-41.159852,6.000000,556.714600,522
greenland,greenland-outlets-v1,gate-04,100,186772.50,-2725732.50,0.502097806,-0.864810843,120.000,1.034022709,2019-01,annual,-72.343407,5.000000,562.696716,537
greenland,greenland-outlets-v1,gate-04,101,186892.50,-2725732.50,0.502097806,-0.864810843,120.000,1.034023284,2019-01,annual,-59.545854,4.000000,457.604004,622
greenland,greenland-outlets-v1,gate-04,102,187012.50,-2725612.50,0.502097806,-0.864810843,120.000,1.034015475,2019-01,annual,-105.190992,4.000000,504.156647,629
greenland,greenland-outlets-v1,gate-04,103,187012.50,-2725612.50,0.502097806,-0.864810843,120.000,1.034015475,2019-01,annual,-105.190992,4.000000,504.156647,629
greenland,greenland-outlets-v1,gate-04,104,187132.50,-2725492.50,0.502097806,-0.864810843,120.000,1.034007667,2019-01,annual,-150.330184,4.000000,525.739929,648
greenland,greenland-outlets-v1,gate-04,105,187252.50,-2725492.50,0.502097806,-0.864810843,120.000,1.034008243,2019-01,annual,-151.635997,3.000000,490.940033,661
greenland,greenland-outlets-v1,gate-04,106,187372.50,-2725372.50,0.502097806,-0.864810843,120.000,1.034000436,2019-01,annual,-153.315961,3.000000,507.376068,665
greenland,greenland-outlets-v1,gate-04,107,187492.50,-2725372.50,0.502097806,-0.864810843,120.000,1.034001013,2019-01,annual,-142.824800,3.000000,477.702881,678
greenland,greenland-outlets-v1,gate-04,108,187612.50,-2725252.50,0.502097806,-0.864810843,120.000,1.033993207,2019-01,annual,-148.632558,3.000000,493.954956,699
greenland,greenland-outlets-v1,gate-04,109,187732.50,-2725252.50,0.502097806,-0.864810843,120.000,1.033993784,2019-01,annual,-148.430961,3.000000,462.331451,691
greenland,greenland-outlets-v1,gate-04,110,187732.50,-2725132.50,0.502097806,-0.864810843,120.000,1.033985402,2019-01,annual,-157.317785,3.000000,500.932404,673
greenland,greenland-outlets-v1,gate-04,111,187852.50,-2725132.50,0.502097806,-0.864810843,120.000,1.033985980,2019-01,annual,-152.394906,3.000000,439.983490,709
greenland,greenland-outlets-v1,gate-04,112,187972.50,-2725012.50,0.502097806,-0.864810843,120.000,1.033978176,2019-01,annual,-154.762319,3.000000,413.230682,670
greenland,greenland-outlets-v1,gate-04,113,188092.50,-2725012.50,0.502097806,-0.864810843,120.000,1.033978754,2019-01,annual,-155.757414,2.000000,380.487976,672
greenland,greenland-outlets-v1,gate-04,114,188212.50,-2724892.50,0.502097806,-0.864810843,120.000,1.033970952,2019-01,annual,-158.729344,2.000000,376.524170,632
greenland,greenland-outlets-v1,gate-04,115,188332.50,-2724892.50,0.502097806,-0.864810843,120.000,1.033971531,2019-01,annual,-163.081436,3.000000,352.423981,587
greenland,greenland-outlets-v1,gate-04,116,188452.50,-2724772.50,0.502097806,-0.864810843,120.000,1.033963730,2019-01,annual,-172.368593,3.000000,363.254120,577
greenland,greenland-outlets-v1,gate-05,117,494332.50,-2296372.50,0.931437169,-0.363902185,120.000,1.009226686,2019-01,annual,7661.456324,55.000000,7661.544434,154
greenland,greenland-outlets-v1,gate-05,118,495412.50,-2293612.50,0.931437169,-0.363902185,120.000,1.009079871,2019-01,annual,9109.781876,10.000000,9113.871094,301
greenland,greenland-outlets-v1,gate-05,119,495412.50,-2293492.50,0.931437169,-0.363902185,120.000,1.009072904,2019-01,annual,9051.096114,10.000000,9055.043945,303
greenland,greenland-outlets-v1,gate-05,120,495532.50,-2293372.50,0.931437169,-0.363902185,120.000,1.009067443,2019-01,annual,8972.930666,10.000000,8978.457031,291
greenland,greenland-outlets-v1,gate-05,121,495532.50,-2293252.50,0.931437169,-0.363902185,120.000,1.009060477,2019-01,annual,8940.509707,10.000000,8944.867188,285
greenland,greenland-outlets-v1,gate-05,122,495532.50,-2293132.50,0.931437169,-0.363902185,120.000,1.009053511,2019-01,annual,8798.698122,10.000000,8802.800781,277
greenland,greenland-outlets-v1,gate-05,123,495652.50,-2293012.50,0.931437169,-0.363902185,120.000,1.009048051,2019-01,annual,8508.183957,11.000000,8517.308594,224
greenland,greenland-outlets-v1,gate-05,124,495652.50,-2292892.50,0.931437169,-0.363902185,120.000,1.009041086,2019-01,annual,8187.171553,12.000000,8200.008789,187
greenland,greenland-outlets-v1,gate-05,125,495772.50,-2292772.50,0.931437169,-0.363902185,120.000,1.009035627,2019-01,annual,4591.967858,44.000000,4615.797363,161
greenland,greenland-outlets-v1,gate-05,126,495772.50,-2292772.50,0.931437169,-0.363902185,120.000,1.009035627,2019-01,annual,4591.967858,44.000000,4615.797363,161
greenland,greenland-outlets-v1,gate-05,127,495772.50,-2292652.50,0.931437169,-0.363902185,120.000,1.009028663,2019-01,annual,3469.181990,38.000000,3533.134033,171
greenland,greenland-outlets-v1,gate-05,128,495892.50,-2292532.50,0.931437169,-0.363902185,120.000,1.009023206,2019-01,annual,2604.413112,30.000000,2714.651611,192
greenland,greenland-outlets-v1,gate-05,129,495892.50,-2292412.50,0.931437169,-0.363902185,120.000,1.009016242,2019-01,annual,2592.140886,29.000000,2724.638672,207
greenland,greenland-outlets-v1,gate-05,130,495892.50,-2292292.50,0.931437169,-0.363902185,120.000,1.009009279,2019-01,annual,1650.070959,80.000000,1748.181274,132
greenland,greenland-outlets-v1,gate-05,131,496012.50,-2292172.50,0.931437169,-0.363902185,120.000,1.009003823,2019-01,annual,1564.330567,24.000000,1676.972900,245
greenland,greenland-outlets-v1,gate-05,132,496012.50,-2292052.50,0.931437169,-0.363902185,120.000,1.008996861,2019-01,annual,1299.982774,22.000000,1419.586060,276
greenland,greenland-outlets-v1,gate-05,133,496012.50,-2291932.50,0.931437169,-0.363902185,120.000,1.008989899,2019-01,annual,854.064459,20.000000,980.577087,280
greenland,greenland-outlets-v1,gate-05,134,496132.50,-2291812.50,0.931437169,-0.363902185,120.000,1.008984444,2019-01,annual,751.025911,20.000000,879.404480,292
greenland,greenland-outlets-v1,gate-05,135,496132.50,-2291692.50,0.931437169,-0.363902185,120.000,1.008977483,2019-01,annual,439.183804,18.000000,538.967346,311
greenland,greenland-outlets-v1,gate-05,136,496252.50,-2291572.50,0.931437169,-0.363902185,120.000,1.008972030,2019-01,annual,82.851968,5.000000,83.736450,468
greenland,greenland-outlets-v1,gate-05,137,496252.50,-2291452.50,0.931437169,-0.363902185,120.000,1.008965070,2019-01,annual,54.869087,3.000000,59.614548,623
greenland,greenland-outlets-v1,gate-05,138,496252.50,-2291332.50,0.931437169,-0.363902185,120.000,1.008958110,2019-01,annual,49.450235,1.000000,57.720673,1158
greenland,greenland-outlets-v1,gate-05,139,496372.50,-2291212.50,0.931437169,-0.363902185,120.000,1.008952658,2019-01,annual,23.382142,1.000000,23.434887,1227
greenland,greenland-outlets-v1,gate-05,140,496372.50,-2291212.50,0.931437169,-0.363902185,120.000,1.008952658,2019-01,annual,23.382142,1.000000,23.434887,1227
greenland,greenland-outlets-v1,gate-05,141,496372.50,-2291092.50,0.931437169,-0.363902185,120.000,1.008945699,2019-01,annual,21.795832,1.000000,23.199245,1298
greenland,greenland-outlets-v1,gate-05,142,496492.50,-2290972.50,0.931437169,-0.363902185,120.000,1.008940248,2019-01,annual,7.076652,1.000000,8.640010,1571
greenland,greenland-outlets-v1,gate-05,143,496492.50,-2290852.50,0.931437169,-0.363902185,120.000,1.008933289,2019-01,annual,2.406297,0.000000,6.890043,2017
greenland,greenland-outlets-v1,gate-06,144,-328987.50,-1718692.50,-0.815309184,-0.579025850,120.000,0.978390724,2019-01,annual,-3.574930,0.000000,3.931984,1880
greenland,greenland-outlets-v1,gate-06,145,-328987.50,-1718812.50,-0.815309184,-0.579025850,120.000,0.978395863,2019-01,annual,-2.333630,1.000000,3.113470,278
greenland,greenland-outlets-v1,gate-06,146,-328867.50,-1718932.50,-0.815309184,-0.579025850,120.000,0.978400019,2019-01,annual,263.003729,24.000000,272.423309,137
greenland,greenland-outlets-v1,gate-06,147,-328747.50,-1718932.50,-0.815309184,-0.579025850,120.000,0.978399036,2019-01,annual,317.462442,34.000000,319.497559,121
greenland,greenland-outlets-v1,gate-06,148,-328747.50,-1719052.50,-0.815309184,-0.579025850,120.000,0.978404175,2019-01,annual,814.691238,68.000000,857.667053,108
greenland,greenland-outlets-v1,gate-06,149,-328627.50,-1719172.50,-0.815309184,-0.579025850,120.000,0.978408333,2019-01,annual,1203.824120,66.000000,1209.668457,73
greenland,greenland-outlets-v1,gate-06,150,-328627.50,-1719292.50,-0.815309184,-0.579025850,120.000,0.978413473,2019-01,annual,1122.956550,56.000000,1152.248535,125
greenland,greenland-outlets-v1,gate-06,151,-328507.50,-1719412.50,-0.815309184,-0.579025850,120.000,0.978417631,2019-01,annual,1110.122564,63.000000,1129.811890,117
greenland,greenland-outlets-v1,gate-06,152,-328507.50,-1719412.50,-0.815309184,-0.579025850,120.000,0.978417631,2019-01,annual,1110.122564,63.000000,1129.811890,117
greenland,greenland-outlets-v1,gate-06,153,-328387.50,-1719532.50,-0.815309184,-0.579025850,120.000,0.978421790,2019-01,annual,952.117891,63.000000,962.749573,114
greenland,greenland-outlets-v1,gate-06,154,-328267.50,-1719652.50,-0.815309184,-0.579025850,120.000,0.978425950,2019-01,annual,1168.687253,63.000000,1180.021362,112
greenland,greenland-outlets-v1,gate-06,155,-328267.50,-1719772.50,-0.815309184,-0.579025850,120.000,0.978431092,2019-01,annual,1569.705074,55.000000,1572.372803,112
greenland,greenland-outlets-v1,gate-06,156,-328147.50,-1719892.50,-0.815309184,-0.579025850,120.000,0.978435253,2019-01,annual,1938.102604,53.000000,1938.126953,120
greenland,greenland-outlets-v1,gate-06,157,-328147.50,-1719892.50,-0.815309184,-0.579025850,120.000,0.978435253,2019-01,annual,1938.102604,53.000000,1938.126953,120
greenland,greenland-outlets-v1,gate-06,158,-328027.50,-1720012.50,-0.815309184,-0.579025850,120.000,0.978439414,2019-01,annual,-722.092909,37.000000,2151.503418,90
greenland,greenland-outlets-v1,gate-06,159,-327907.50,-1720132.50,-0.815309184,-0.579025850,120.000,0.978443576,2019-01,annual,1780.170433,82.000000,2158.688721,73
greenland,greenland-outlets-v1,gate-06,160,-327907.50,-1720252.50,-0.815309184,-0.579025850,120.000,0.978448720,2019-01,annual,1201.056343,81.000000,1819.317505,71
greenland,greenland-outlets-v1,gate-06,161,-327787.50,-1720372.50,-0.815309184,-0.579025850,120.000,0.978452883,2019-01,annual,1627.183516,84.000000,2200.867188,62
greenland,greenland-outlets-v1,gate-06,162,-327787.50,-1720492.50,-0.815309184,-0.579025850,120.000,0.978458027,2019-01,annual,2569.509118,86.000000,3054.311523,57
greenland,greenland-outlets-v1,gate-06,163,-327667.50,-1720492.50,-0.815309184,-0.579025850,120.000,0.978457047,2019-01,annual,2524.711269,86.000000,2859.260986,58
greenland,greenland-outlets-v1,gate-06,164,-327667.50,-1720612.50,-0.815309184,-0.579025850,120.000,0.978462192,2019-01,annual,2109.016938,71.000000,2119.301270,81
greenland,greenland-outlets-v1,gate-06,165,-327547.50,-1720732.50,-0.815309184,-0.579025850,120.000,0.978466357,2019-01,annual,5919.991709,218.000000,5952.051758,30
greenland,greenland-outlets-v1,gate-07,166,314812.50,-2575852.50,0.995898935,-0.090472708,120.000,1.024683918,2019-01,annual,9259.189646,42.000000,9260.258789,111
greenland,greenland-outlets-v1,gate-07,167,314812.50,-2575732.50,0.995898935,-0.090472708,120.000,1.024676032,2019-01,annual,9446.718868,44.000000,9447.444336,91
greenland,greenland-outlets-v1,gate-07,168,314812.50,-2575612.50,0.995898935,-0.090472708,120.000,1.024668146,2019-01,annual,9329.550365,57.000000,9329.570312,35
greenland,greenland-outlets-v1,gate-07,169,314812.50,-2575492.50,0.995898935,-0.090472708,120.000,1.024660261,2019-01,annual,-739.209939,7.000000,741.396606,65
greenland,greenland-outlets-v1,gate-08,170,-62947.50,-3181372.50,0.915217150,-0.402961001,120.000,1.068408715,2019-01,annual,1.215989,0.000000,1.418244,2287
greenland,greenland-outlets-v1,gate-08,171,-62947.50,-3181252.50,0.915217150,-0.402961001,120.000,1.068398764,2019-01,annual,1.771529,0.000000,2.221093,2140
greenland,greenland-outlets-v1,gate-08,172,-62827.50,-3181132.50,0.915217150,-0.402961001,120.000,1.068388618,2019-01,annual,-0.038021,0.000000,0.578067,2441
greenland,greenland-outlets-v1,gate-08,173,-62827.50,-3181012.50,0.915217150,-0.402961001,120.000,1.068378668,2019-01,annual,0.067900,0.000000,0.585467,2317
greenland,greenland-outlets-v1,gate-08,174,-62707.50,-3180892.50,0.915217150,-0.402961001,120.000,1.068368523,2019-01,annual,0.266059,0.000000,0.516719,2386
greenland,greenland-outlets-v1,gate-08,175,-62707.50,-3180772.50,0.915217150,-0.402961001,120.000,1.068358574,2019-01,annual,0.384580,0.000000,0.990225,2347
greenland,greenland-outlets-v1,gate-08,176,-62707.50,-3180652.50,0.915217150,-0.402961001,120.000,1.068348625,2019-01,annual,0.186855,0.000000,0.647610,2340
greenland,greenland-outlets-v1,gate-08,177,-62107.50,-3179452.50,0.915217150,-0.402961001,120.000,1.068248190,2019-01,annual,31.366844,1.000000,37.216675,555
greenland,greenland-outlets-v1,gate-08,178,-62107.50,-3179332.50,0.915217150,-0.402961001,120.000,1.068238246,2019-01,annual,34.444145,1.000000,40.230938,506
greenland,greenland-outlets-v1,gate-08,179,-61987.50,-3179212.50,0.915217150,-0.402961001,120.000,1.068228109,2019-01,annual,36.603974,1.000000,41.099236,495
greenland,greenland-outlets-v1,gate-08,180,-61987.50,-3179212.50,0.915217150,-0.402961001,120.000,1.068228109,2019-01,annual,36.603974,1.000000,41.099236,495
greenland,greenland-outlets-v1,gate-08,181,-61987.50,-3179092.50,0.915217150,-0.402961001,120.000,1.068218166,2019-01,annual,,,,0
greenland,greenland-outlets-v1,gate-08,182,-61867.50,-3178972.50,0.915217150,-0.402961001,120.000,1.068208030,2019-01,annual,10538.324030,1497.000000,10540.293945,1
greenland,greenland-outlets-v1,gate-08,183,-61867.50,-3178852.50,0.915217150,-0.402961001,120.000,1.068198088,2019-01,annual,10535.766232,1494.000000,10543.678711,1
greenland,greenland-outlets-v1,gate-08,184,-61747.50,-3178732.50,0.915217150,-0.402961001,120.000,1.068187953,2019-01,annual,10556.369157,1495.000000,10562.071289,1
greenland,greenland-outlets-v1,gate-08,185,-61747.50,-3178612.50,0.915217150,-0.402961001,120.000,1.068178012,2019-01,annual,,,,0
greenland,greenland-outlets-v1,gate-08,186,-61747.50,-3178492.50,0.915217150,-0.402961001,120.000,1.068168071,2019-01,annual,1626.080073,80.000000,1631.086914,13
greenland,greenland-outlets-v1,gate-08,187,-61627.50,-3178372.50,0.915217150,-0.402961001,120.000,1.068157938,2019-01,annual,0.488498,0.000000,1.246795,1200
greenland,greenland-outlets-v1,gate-09,188,191212.50,-2757412.50,0.391380699,0.920228856,120.000,1.036271676,2019-01,annual,2251.139827,154.000000,2269.925537,50
greenland,greenland-outlets-v1,gate-09,189,191092.50,-2757412.50,0.391380699,0.920228856,120.000,1.036271088,2019-01,annual,3353.817282,121.000000,3386.050293,62
greenland,greenland-outlets-v1,gate-09,190,190972.50,-2757412.50,0.391380699,0.920228856,120.000,1.036270500,2019-01,annual,2843.617921,165.000000,2864.755127,63
greenland,greenland-outlets-v1,gate-09,191,190852.50,-2757292.50,0.391380699,0.920228856,120.000,1.036261421,2019-01,annual,4789.160749,267.000000,4794.565918,22
greenland,greenland-outlets-v1,gate-09,192,190732.50,-2757292.50,0.391380699,0.920228856,120.000,1.036260834,2019-01,annual,4870.104346,266.000000,4870.596680,22
greenland,greenland-outlets-v1,gate-09,193,190732.50,-2757172.50,0.391380699,0.920228856,120.000,1.036252344,2019-01,annual,5792.775215,111.000000,5797.381836,35
greenland,greenland-outlets-v1,gate-09,194,190612.50,-2757172.50,0.391380699,0.920228856,120.000,1.036251756,2019-01,annual,5911.703789,111.000000,5915.921875,35
greenland,greenland-outlets-v1,gate-09,195,190492.50,-2757172.50,0.391380699,0.920228856,120.000,1.036251170,2019-01,annual,5940.982692,110.000000,5941.749512,34
greenland,greenland-outlets-v1,gate-09,196,190372.50,-2757052.50,0.391380699,0.920228856,120.000,1.036242094,2019-01,annual,5979.434998,117.000000,5980.881348,33
greenland,greenland-outlets-v1,gate-09,197,190252.50,-2757052.50,0.391380699,0.920228856,120.000,1.036241507,2019-01,annual,6138.608619,115.000000,6148.742188,31
greenland,greenland-outlets-v1,gate-09,198,190132.50,-2756932.50,0.391380699,0.920228856,120.000,1.036232433,2019-01,annual,6633.041806,113.000000,6665.262695,30
greenland,greenland-outlets-v1,gate-09,199,190012.50,-2756932.50,0.391380699,0.920228856,120.000,1.036231847,2019-01,annual,7553.196487,105.000000,7710.412109,30
greenland,greenland-outlets-v1,gate-09,200,189892.50,-2756932.50,0.391380699,0.920228856,120.000,1.036231262,2019-01,annual,8072.371042,105.000000,8245.338867,30
greenland,greenland-outlets-v1,gate-10,201,-244747.50,-2776372.50,-0.883452245,0.468521218,120.000,1.037917946,2019-01,annual,-1.186220,0.000000,1.573915,941
greenland,greenland-outlets-v1,gate-10,202,-244747.50,-2776492.50,-0.883452245,0.468521218,120.000,1.037926502,2019-01,annual,-0.733640,0.000000,0.733686,1152
greenland,greenland-outlets-v1,gate-10,203,-244747.50,-2776612.50,-0.883452245,0.468521218,120.000,1.037935059,2019-01,annual,-0.470420,0.000000,0.488556,1844
greenland,greenland-outlets-v1,gate-10,204,-244867.50,-2776732.50,-0.883452245,0.468521218,120.000,1.037944370,2019-01,annual,6454.874335,64.000000,6499.294922,109
greenland,greenland-outlets-v1,gate-10,205,-244867.50,-2776732.50,-0.883452245,0.468521218,120.000,1.037944370,2019-01,annual,6454.874335,64.000000,6499.294922,109
greenland,greenland-outlets-v1,gate-10,206,-244987.50,-2776852.50,-0.883452245,0.468521218,120.000,1.037953683,2019-01,annual,8098.221009,108.000000,8277.026367,13
greenland,greenland-outlets-v1,gate-10,207,-244987.50,-2776972.50,-0.883452245,0.468521218,120.000,1.037962240,2019-01,annual,7797.956038,60.000000,7848.833984,104
greenland,greenland-outlets-v1,gate-10,208,-245107.50,-2777092.50,-0.883452245,0.468521218,120.000,1.037971554,2019-01,annual,7897.389161,57.000000,7962.386719,109
greenland,greenland-outlets-v1,gate-10,209,-245107.50,-2777212.50,-0.883452245,0.468521218,120.000,1.037980113,2019-01,annual,7987.166383,56.000000,8045.849609,115
greenland,greenland-outlets-v1,gate-10,210,-245227.50,-2777332.50,-0.883452245,0.468521218,120.000,1.037989427,2019-01,annual,7591.579114,77.000000,7630.546875,98
greenland,greenland-outlets-v1,gate-10,211,-245227.50,-2777452.50,-0.883452245,0.468521218,120.000,1.037997987,2019-01,annual,7635.936141,79.000000,7674.885742,96
greenland,greenland-outlets-v1,gate-10,212,-245347.50,-2777572.50,-0.883452245,0.468521218,120.000,1.038007303,2019-01,annual,7503.756469,75.000000,7534.833496,103
greenland,greenland-outlets-v1,gate-10,213,-245347.50,-2777572.50,-0.883452245,0.468521218,120.000,1.038007303,2019-01,annual,7503.756469,75.000000,7534.833496,103
greenland,greenland-outlets-v1,gate-10,214,-245467.50,-2777692.50,-0.883452245,0.468521218,120.000,1.038016620,2019-01,annual,7274.729698,74.000000,7313.336426,104
greenland,greenland-outlets-v1,gate-10,215,-245467.50,-2777812.50,-0.883452245,0.468521218,120.000,1.038025180,2019-01,annual,6945.328203,69.000000,6978.134766,104
greenland,greenland-outlets-v1,gate-10,216,-245587.50,-2778052.50,-0.883452245,0.468521218,120.000,1.038043060,2019-01,annual,7417.579535,55.000000,7471.593262,124
greenland,greenland-outlets-v1,gate-10,217,-245587.50,-2778172.50,-0.883452245,0.468521218,120.000,1.038051622,2019-01,annual,7285.757373,55.000000,7345.192871,123
greenland,greenland-outlets-v1,gate-10,218,-245707.50,-2778292.50,-0.883452245,0.468521218,120.000,1.038060942,2019-01,annual,7174.363666,54.000000,7229.635254,128
greenland,greenland-outlets-v1,gate-10,219,-245707.50,-2778412.50,-0.883452245,0.468521218,120.000,1.038069504,2019-01,annual,7268.790620,54.000000,7321.661621,130
greenland,greenland-outlets-v1,gate-10,220,-245827.50,-2778532.50,-0.883452245,0.468521218,120.000,1.038078825,2019-01,annual,7189.038316,65.000000,7233.748535,118
greenland,greenland-outlets-v1,gate-10,221,-245827.50,-2778532.50,-0.883452245,0.468521218,120.000,1.038078825,2019-01,annual,7189.038316,65.000000,7233.748535,118
greenland,greenland-outlets-v1,gate-10,222,-245947.50,-2778652.50,-0.883452245,0.468521218,120.000,1.038088147,2019-01,annual,7390.021635,54.000000,7434.035645,134
greenland,greenland-outlets-v1,gate-10,223,-245947.50,-2778772.50,-0.883452245,0.468521218,120.000,1.038096711,2019-01,annual,7409.754797,53.000000,7460.017578,136
greenland,greenland-outlets-v1,gate-10,224,-246067.50,-2778892.50,-0.883452245,0.468521218,120.000,1.038106033,2019-01,annual,7550.079422,53.000000,7590.243164,136
greenland,greenland-outlets-v1,gate-10,225,-246067.50,-2779012.50,-0.883452245,0.468521218,120.000,1.038114598,2019-01,annual,7443.569294,54.000000,7488.881836,135
greenland,greenland-outlets-v1,gate-10,226,-246187.50,-2779132.50,-0.883452245,0.468521218,120.000,1.038123922,2019-01,annual,7388.875811,55.000000,7429.750488,131
greenland,greenland-outlets-v1,gate-10,227,-246187.50,-2779252.50,-0.883452245,0.468521218,120.000,1.038132488,2019-01,annual,7470.970520,55.000000,7510.354980,128
greenland,greenland-outlets-v1,gate-10,228,-246307.50,-2779372.50,-0.883452245,0.468521218,120.000,1.038141813,2019-01,annual,7478.772653,55.000000,7508.563965,121
greenland,greenland-outlets-v1,gate-10,229,-246307.50,-2779372.50,-0.883452245,0.468521218,120.000,1.038141813,2019-01,annual,7478.772653,55.000000,7508.563965,121
greenland,greenland-outlets-v1,gate-10,230,-246427.50,-2779492.50,-0.883452245,0.468521218,120.000,1.038151139,2019-01,annual,7221.841108,62.000000,7253.651855,110
greenland,greenland-outlets-v1,gate-10,231,-246427.50,-2779612.50,-0.883452245,0.468521218,120.000,1.038159705,2019-01,annual,7643.230581,63.000000,7672.201660,101
greenland,greenland-outlets-v1,gate-10,232,-246427.50,-2779732.50,-0.883452245,0.468521218,120.000,1.038168273,2019-01,annual,7829.989111,66.000000,7862.114746,89
greenland,greenland-outlets-v1,gate-10,233,-246547.50,-2779852.50,-0.883452245,0.468521218,120.000,1.038177600,2019-01,annual,6273.144891,91.000000,6291.799805,64
greenland,greenland-outlets-v1,gate-10,234,-246547.50,-2779972.50,-0.883452245,0.468521218,120.000,1.038186168,2019-01,annual,3119.262681,97.000000,3173.130615,51
greenland,greenland-outlets-v1,gate-10,235,-246667.50,-2780092.50,-0.883452245,0.468521218,120.000,1.038195497,2019-01,annual,86.672521,33.000000,91.255356,105
greenland,greenland-outlets-v1,gate-10,236,-246667.50,-2780212.50,-0.883452245,0.468521218,120.000,1.038204066,2019-01,annual,1.594013,3.000000,2.855504,195
greenland,greenland-outlets-v1,gate-10,237,-246787.50,-2780332.50,-0.883452245,0.468521218,120.000,1.038213396,2019-01,annual,0.593406,2.000000,1.366480,467
greenland,greenland-outlets-v1,gate-10,238,-246787.50,-2780332.50,-0.883452245,0.468521218,120.000,1.038213396,2019-01,annual,0.593406,2.000000,1.366480,467
greenland,greenland-outlets-v1,gate-11,239,664252.50,-2270332.50,0.832079762,-0.554655993,120.000,1.010213585,2019-01,annual,-0.807051,0.000000,1.113509,2688
greenland,greenland-outlets-v1,gate-11,240,664372.50,-2270212.50,0.832079762,-0.554655993,120.000,1.010208704,2019-01,annual,-0.704440,0.000000,1.050439,3961
greenland,greenland-outlets-v1,gate-11,241,664372.50,-2270092.50,0.832079762,-0.554655993,120.000,1.010201804,2019-01,annual,-0.850873,0.000000,1.304620,4233
greenland,greenland-outlets-v1,gate-11,242,664492.50,-2269972.50,0.832079762,-0.554655993,120.000,1.010196924,2019-01,annual,-0.891638,0.000000,1.527240,4829
greenland,greenland-outlets-v1,gate-11,243,664852.50,-2269372.50,0.832079762,-0.554655993,120.000,1.010168494,2019-01,annual,-1.070228,0.000000,1.085623,2122
greenland,greenland-outlets-v1,gate-11,244,664972.50,-2269252.50,0.832079762,-0.554655993,120.000,1.010163618,2019-01,annual,-0.995536,0.000000,1.031382,947
greenland,greenland-outlets-v1,gate-11,245,664972.50,-2269252.50,0.832079762,-0.554655993,120.000,1.010163618,2019-01,annual,-0.995536,0.000000,1.031382,947
greenland,greenland-outlets-v1,gate-11,246,665092.50,-2269132.50,0.832079762,-0.554655993,120.000,1.010158742,2019-01,annual,-1.345301,0.000000,1.515558,1029
greenland,greenland-outlets-v1,gate-11,247,665092.50,-2269012.50,0.832079762,-0.554655993,120.000,1.010151846,2019-01,annual,-0.671099,0.000000,0.909397,2626
greenland,greenland-outlets-v1,gate-11,248,665212.50,-2268892.50,0.832079762,-0.554655993,120.000,1.010146972,2019-01,annual,5519.439383,266.000000,5526.326660,9
greenland,greenland-outlets-v1,gate-11,249,665212.50,-2268772.50,0.832079762,-0.554655993,120.000,1.010140076,2019-01,annual,6146.578519,257.000000,6153.756836,10
greenland,greenland-outlets-v1,gate-11,250,665332.50,-2268652.50,0.832079762,-0.554655993,120.000,1.010135203,2019-01,annual,4617.500291,246.000000,4617.502930,11
greenland,greenland-outlets-v1,gate-11,251,665452.50,-2268652.50,0.832079762,-0.554655993,120.000,1.010137225,2019-01,annual,6304.624261,162.000000,6308.887207,19
greenland,greenland-outlets-v1,gate-11,252,665452.50,-2268532.50,0.832079762,-0.554655993,120.000,1.010130331,2019-01,annual,9193.774587,177.000000,9230.047852,14
greenland,greenland-outlets-v1,gate-11,253,665572.50,-2268412.50,0.832079762,-0.554655993,120.000,1.010125459,2019-01,annual,8180.573069,138.000000,8391.217773,23
greenland,greenland-outlets-v1,gate-11,254,665572.50,-2268292.50,0.832079762,-0.554655993,120.000,1.010118565,2019-01,annual,7484.805692,157.000000,7656.676270,21
greenland,greenland-outlets-v1,gate-11,255,665692.50,-2268172.50,0.832079762,-0.554655993,120.000,1.010113694,2019-01,annual,7159.533696,139.000000,7247.736816,21
greenland,greenland-outlets-v1,gate-11,256,665692.50,-2268052.50,0.832079762,-0.554655993,120.000,1.010106801,2019-01,annual,9857.492786,76.000000,9891.892578,25
greenland,greenland-outlets-v1,gate-11,257,665812.50,-2268052.50,0.832079762,-0.554655993,120.000,1.010108825,2019-01,annual,9411.312253,69.000000,9470.242188,28
greenland,greenland-outlets-v1,gate-11,258,665812.50,-2267932.50,0.832079762,-0.554655993,120.000,1.010101932,2019-01,annual,9683.079224,69.000000,9745.659180,29
greenland,greenland-outlets-v1,gate-11,259,665932.50,-2267812.50,0.832079762,-0.554655993,120.000,1.010097063,2019-01,annual,8856.706055,85.000000,8896.492188,22
greenland,greenland-outlets-v1,gate-11,260,666172.50,-2267452.50,0.832079762,-0.554655993,120.000,1.010080436,2019-01,annual,1847.564543,194.000000,1853.454834,15
greenland,greenland-outlets-v1,gate-12,261,-260587.50,-1980172.50,-0.687258612,-0.726412830,120.000,0.989972154,2019-01,annual,-0.019157,0.000000,0.332880,3219
greenland,greenland-outlets-v1,gate-12,262,-260467.50,-1980292.50,-0.687258612,-0.726412830,120.000,0.989977327,2019-01,annual,8265.483418,55.000000,8354.411133,63
greenland,greenland-outlets-v1,gate-12,263,-260347.50,-1980292.50,-0.687258612,-0.726412830,120.000,0.989976544,2019-01,annual,9066.097449,34.000000,9205.019531,71
greenland,greenland-outlets-v1,gate-12,264,-260347.50,-1980412.50,-0.687258612,-0.726412830,120.000,0.989982500,2019-01,annual,8827.927280,38.000000,8965.723633,71
greenland,greenland-outlets-v1,gate-12,265,-260227.50,-1980532.50,-0.687258612,-0.726412830,120.000,0.989987675,2019-01,annual,6356.917004,28.000000,6651.126465,106
greenland,greenland-outlets-v1,gate-12,266,-260107.50,-1980532.50,-0.687258612,-0.726412830,120.000,0.989986892,2019-01,annual,7836.930021,25.000000,8047.260742,109
greenland,greenland-outlets-v1,gate-12,267,-259987.50,-1980652.50,-0.687258612,-0.726412830,120.000,0.989992067,2019-01,annual,8548.434602,27.000000,8673.936523,114
greenland,greenland-outlets-v1,gate-12,268,-259987.50,-1980772.50,-0.687258612,-0.726412830,120.000,0.989998025,2019-01,annual,8632.639353,27.000000,8746.452148,120
greenland,greenland-outlets-v1,gate-12,269,-259867.50,-1980772.50,-0.687258612,-0.726412830,120.000,0.989997244,2019-01,annual,8673.557542,26.000000,8789.820312,122
greenland,greenland-outlets-v1,gate-12,270,-259747.50,-1980892.50,-0.687258612,-0.726412830,120.000,0.990002420,2019-01,annual,8704.094002,26.000000,8812.186523,128
greenland,greenland-outlets-v1,gate-12,271,-259747.50,-1981012.50,-0.687258612,-0.726412830,120.000,0.990008379,2019-01,annual,8665.774844,30.000000,8772.082031,127
greenland,greenland-outlets-v1,gate-12,272,-259627.50,-1981132.50,-0.687258612,-0.726412830,120.000,0.990013557,2019-01,annual,8323.695041,36.000000,8398.598633,127
greenland,greenland-outlets-v1,gate-12,273,-259507.50,-1981132.50,-0.687258612,-0.726412830,120.000,0.990012776,2019-01,annual,8262.815382,37.000000,8331.466797,125
greenland,greenland-outlets-v1,gate-12,274,-259387.50,-1981252.50,-0.687258612,-0.726412830,120.000,0.990017955,2019-01,annual,7828.930930,57.000000,7857.239258,114
greenland,greenland-outlets-v1,gate-12,275,-259387.50,-1981372.50,-0.687258612,-0.726412830,120.000,0.990023915,2019-01,annual,7766.692562,60.000000,7792.233398,108
greenland,greenland-outlets-v1,gate-12,276,-259267.50,-1981372.50,-0.687258612,-0.726412830,120.000,0.990023135,2019-01,annual,7786.061190,63.000000,7807.192383,101
greenland,greenland-outlets-v1,gate-12,277,-259147.50,-1981492.50,-0.687258612,-0.726412830,120.000,0.990028316,2019-01,annual,7629.437123,72.000000,7640.602539,89
greenland,greenland-outlets-v1,gate-12,278,-259027.50,-1981612.50,-0.687258612,-0.726412830,120.000,0.990033497,2019-01,annual,7128.867732,91.000000,7129.091797,78
greenland,greenland-outlets-v1,gate-12,279,-259027.50,-1981612.50,-0.687258612,-0.726412830,120.000,0.990033497,2019-01,annual,7128.867732,91.000000,7129.091797,78
greenland,greenland-outlets-v1,gate-12,280,-258907.50,-1981732.50,-0.687258612,-0.726412830,120.000,0.990038679,2019-01,annual,7037.084559,96.000000,7040.934082,73
greenland,greenland-outlets-v1,gate-12,281,-258787.50,-1981852.50,-0.687258612,-0.726412830,120.000,0.990043862,2019-01,annual,2531.053833,35.000000,2552.196045,75
greenland,greenland-outlets-v1,gate-12,282,-258787.50,-1981852.50,-0.687258612,-0.726412830,120.000,0.990043862,2019-01,annual,2531.053833,35.000000,2552.196045,75
greenland,greenland-outlets-v1,gate-12,283,-258667.50,-1981972.50,-0.687258612,-0.726412830,120.000,0.990049045,2019-01,annual,1093.140361,22.000000,1097.422241,63
greenland,greenland-outlets-v1,gate-12,284,-258547.50,-1982092.50,-0.687258612,-0.726412830,120.000,0.990054229,2019-01,annual,-0.144045,0.000000,0.905344,4074
greenland,greenland-outlets-v1,gate-12,285,-258427.50,-1982092.50,-0.687258612,-0.726412830,120.000,0.990053452,2019-01,annual,0.188118,0.000000,0.653726,4181
greenland,greenland-outlets-v1,gate-01,0,-167827.50,-3142852.50,-0.139044586,0.990286122,120.000,1.065551284,2020-01,annual,38.978269,0.000000,99.554886,4140
greenland,greenland-outlets-v1,gate-01,1,-167947.50,-3142852.50,-0.139044586,0.990286122,120.000,1.065551809,2020-01,annual,37.822963,0.000000,98.057556,4079
greenland,greenland-outlets-v1,gate-01,2,-168067.50,-3142852.50,-0.139044586,0.990286122,120.000,1.065552334,2020-01,annual,35.866084,0.000000,96.318771,4152
greenland,greenland-outlets-v1,gate-01,3,-168187.50,-3142852.50,-0.139044586,0.990286122,120.000,1.065552859,2020-01,annual,34.475579,0.000000,94.975761,4133
greenland,greenland-outlets-v1,gate-01,4,-168307.50,-3142852.50,-0.139044586,0.990286122,120.000,1.065553384,2020-01,annual,31.997034,0.000000,95.145210,4144
greenland,greenland-outlets-v1,gate-01,5,-168427.50,-3142852.50,-0.139044586,0.990286122,120.000,1.065553910,2020-01,annual,28.906627,0.000000,94.978767,4161
greenland,greenland-outlets-v1,gate-01,6,-168547.50,-3142852.50,-0.139044586,0.990286122,120.000,1.065554436,2020-01,annual,24.306610,0.000000,92.913429,4156
greenland,greenland-outlets-v1,gate-01,7,-168667.50,-3142852.50,-0.139044586,0.990286122,120.000,1.065554963,2020-01,annual,22.485626,0.000000,91.437523,4174
greenland,greenland-outlets-v1,gate-01,8,-168787.50,-3142972.50,-0.139044586,0.990286122,120.000,1.065565307,2020-01,annual,17.749096,0.000000,80.377052,3952
greenland,greenland-outlets-v1,gate-01,9,-168907.50,-3142972.50,-0.139044586,0.990286122,120.000,1.065565834,2020-01,annual,16.372116,0.000000,78.102837,3941
greenland,greenland-outlets-v1,gate-01,10,-169027.50,-3142972.50,-0.139044586,0.990286122,120.000,1.065566362,2020-01,annual,13.535921,0.000000,73.039207,3955
greenland,greenland-outlets-v1,gate-01,11,-169147.50,-3142972.50,-0.139044586,0.990286122,120.000,1.065566890,2020-01,annual,11.803819,0.000000,70.956535,3996
greenland,greenland-outlets-v1,gate-01,12,-169267.50,-3142972.50,-0.139044586,0.990286122,120.000,1.065567419,2020-01,annual,11.830167,0.000000,70.498154,4018
greenland,greenland-outlets-v1,gate-01,13,-169387.50,-3142972.50,-0.139044586,0.990286122,120.000,1.065567948,2020-01,annual,12.513379,0.000000,68.187607,4004
greenland,greenland-outlets-v1,gate-01,14,-169507.50,-3142972.50,-0.139044586,0.990286122,120.000,1.065568477,2020-01,annual,15.118230,0.000000,66.322495,4013
greenland,greenland-outlets-v1,gate-01,15,-169627.50,-3143092.50,-0.139044586,0.990286122,120.000,1.065578824,2020-01,annual,14.167487,0.000000,55.953121,3991
greenland,greenland-outlets-v1,gate-01,16,-169747.50,-3143092.50,-0.139044586,0.990286122,120.000,1.065579354,2020-01,annual,13.418895,0.000000,51.874134,3948
greenland,greenland-outlets-v1,gate-01,17,-169867.50,-3143092.50,-0.139044586,0.990286122,120.000,1.065579884,2020-01,annual,12.107575,0.000000,48.397881,3931
greenland,greenland-outlets-v1,gate-01,18,-169987.50,-3143092.50,-0.139044586,0.990286122,120.000,1.065580415,2020-01,annual,12.278666,0.000000,49.458321,3941
greenland,greenland-outlets-v1,gate-01,19,-170107.50,-3143092.50,-0.139044586,0.990286122,120.000,1.065580946,2020-01,annual,11.667068,0.000000,48.550137,3844
greenland,greenland-outlets-v1,gate-01,20,-170227.50,-3143092.50,-0.139044586,0.990286122,120.000,1.065581478,2020-01,annual,11.307949,0.000000,43.566715,3816
greenland,greenland-outlets-v1,gate-01,21,-170347.50,-3143092.50,-0.139044586,0.990286122,120.000,1.065582010,2020-01,annual,10.491374,0.000000,41.655518,3751
greenland,greenland-outlets-v1,gate-01,22,-170467.50,-3143212.50,-0.139044586,0.990286122,120.000,1.065592360,2020-01,annual,6.264864,0.000000,30.687929,2885
greenland,greenland-outlets-v1,gate-01,23,-170587.50,-3143212.50,-0.139044586,0.990286122,120.000,1.065592893,2020-01,annual,3.001600,0.000000,31.202827,2837
greenland,greenland-outlets-v1,gate-01,24,-170707.50,-3143212.50,-0.139044586,0.990286122,120.000,1.065593426,2020-01,annual,2.182460,0.000000,31.643354,2844
greenland,greenland-outlets-v1,gate-01,25,-170827.50,-3143212.50,-0.139044586,0.990286122,120.000,1.065593959,2020-01,annual,0.964158,0.000000,29.981592,2801
greenland,greenland-outlets-v1,gate-01,26,-170947.50,-3143212.50,-0.139044586,0.990286122,120.000,1.065594493,2020-01,annual,1.303817,0.000000,26.292360,3063
greenland,greenland-outlets-v1,gate-01,27,-171067.50,-3143212.50,-0.139044586,0.990286122,120.000,1.065595027,2020-01,annual,1.986681,0.000000,23.564466,3071
greenland,greenland-outlets-v1,gate-01,28,-171187.50,-3143212.50,-0.139044586,0.990286122,120.000,1.065595561,2020-01,annual,-1.144041,0.000000,27.865927,3096
greenland,greenland-outlets-v1,gate-01,29,-172387.50,-3143452.50,-0.139044586,0.990286122,120.000,1.065620564,2020-01,annual,-4.629368,0.000000,12.637260,3436
greenland,greenland-outlets-v1,gate-01,30,-172507.50,-3143452.50,-0.139044586,0.990286122,120.000,1.065621103,2020-01,annual,-2.730365,0.000000,9.493057,3411
greenland,greenland-outlets-v1,gate-01,31,-172627.50,-3143452.50,-0.139044586,0.990286122,120.000,1.065621642,2020-01,annual,-1.503789,0.000000,6.435367,3712
greenland,greenland-outlets-v1,gate-01,32,-172747.50,-3143452.50,-0.139044586,0.990286122,120.000,1.065622181,2020-01,annual,-1.139281,0.000000,3.563846,3792
greenland,greenland-outlets-v1,gate-01,33,-172867.50,-3143452.50,-0.139044586,0.990286122,120.000,1.065622721,2020-01,annual,-1.894885,0.000000,1.983352,3864
greenland,greenland-outlets-v1,gate-02,34,-196387.50,-2272852.50,-0.999160466,0.040967840,120.000,1.005265518,2020-01,annual,10256.662278,332.000000,10271.254883,76
greenland,greenland-outlets-v1,gate-02,35,-196387.50,-2272972.50,-0.999160466,0.040967840,120.000,1.005272409,2020-01,annual,10222.427628,321.000000,10237.994141,79
greenland,greenland-outlets-v1,gate-02,36,-196387.50,-2273092.50,-0.999160466,0.040967840,120.000,1.005279300,2020-01,annual,10257.426701,331.000000,10271.448242,78
greenland,greenland-outlets-v1,gate-02,37,-196387.50,-2273212.50,-0.999160466,0.040967840,120.000,1.005286191,2020-01,annual,9627.531539,306.000000,9642.004883,82
greenland,greenland-outlets-v1,gate-02,38,-196387.50,-2273332.50,-0.999160466,0.040967840,120.000,1.005293083,2020-01,annual,9427.563532,298.000000,9443.382812,83
greenland,greenland-outlets-v1,gate-02,39,-196387.50,-2273452.50,-0.999160466,0.040967840,120.000,1.005299976,2020-01,annual,9549.345940,301.000000,9563.261719,81
greenland,greenland-outlets-v1,gate-02,40,-196387.50,-2273572.50,-0.999160466,0.040967840,120.000,1.005306868,2020-01,annual,8597.525339,286.000000,8610.775391,80
greenland,greenland-outlets-v1,gate-02,41,-196387.50,-2273692.50,-0.999160466,0.040967840,120.000,1.005313762,2020-01,annual,7271.203563,304.000000,7284.658203,78
greenland,greenland-outlets-v1,gate-02,42,-196387.50,-2273812.50,-0.999160466,0.040967840,120.000,1.005320655,2020-01,annual,7036.749555,322.000000,7052.065430,72
greenland,greenland-outlets-v1,gate-02,43,-196387.50,-2273932.50,-0.999160466,0.040967840,120.000,1.005327549,2020-01,annual,5678.214458,316.000000,5695.633301,69
greenland,greenland-outlets-v1,gate-02,44,-196387.50,-2274052.50,-0.999160466,0.040967840,120.000,1.005334443,2020-01,annual,6430.316980,385.000000,6443.671387,58
greenland,greenland-outlets-v1,gate-02,45,-196387.50,-2274172.50,-0.999160466,0.040967840,120.000,1.005341338,2020-01,annual,5725.527696,339.000000,5745.912109,54
greenland,greenland-outlets-v1,gate-02,46,-196387.50,-2274292.50,-0.999160466,0.040967840,120.000,1.005348233,2020-01,annual,-989.342439,57.000000,1051.186279,48
greenland,greenland-outlets-v1,gate-02,47,-196507.50,-2274412.50,-0.999160466,0.040967840,120.000,1.005355724,2020-01,annual,126.060660,32.000000,186.888000,67
greenland,greenland-outlets-v1,gate-02,48,-196507.50,-2274532.50,-0.999160466,0.040967840,120.000,1.005362620,2020-01,annual,298.506035,29.000000,376.253754,85
greenland,greenland-outlets-v1,gate-02,49,-196507.50,-2274652.50,-0.999160466,0.040967840,120.000,1.005369516,2020-01,annual,330.467064,12.000000,353.960968,93
greenland,greenland-outlets-v1,gate-02,50,-196507.50,-2274772.50,-0.999160466,0.040967840,120.000,1.005376413,2020-01,annual,404.360981,8.000000,420.554596,119
greenland,greenland-outlets-v1,gate-02,51,-196507.50,-2274892.50,-0.999160466,0.040967840,120.000,1.005383310,2020-01,annual,607.013349,8.000000,757.360596,126
greenland,greenland-outlets-v1,gate-02,52,-196507.50,-2275012.50,-0.999160466,0.040967840,120.000,1.005390207,2020-01,annual,480.629572,7.000000,662.055725,132
greenland,greenland-outlets-v1,gate-02,53,-196507.50,-2275132.50,-0.999160466,0.040967840,120.000,1.005397105,2020-01,annual,1145.082872,6.000000,1300.443604,136
greenland,greenland-outlets-v1,gate-02,54,-196507.50,-2275252.50,-0.999160466,0.040967840,120.000,1.005404003,2020-01,annual,1263.530986,6.000000,1420.392456,151
greenland,greenland-outlets-v1,gate-02,55,-196507.50,-2275372.50,-0.999160466,0.040967840,120.000,1.005410901,2020-01,annual,966.375737,4.000000,1158.272583,177
greenland,greenland-outlets-v1,gate-02,56,-196507.50,-2275492.50,-0.999160466,0.040967840,120.000,1.005417800,2020-01,annual,945.401791,4.000000,1075.862671,194
greenland,greenland-outlets-v1,gate-02,57,-196507.50,-2275612.50,-0.999160466,0.040967840,120.000,1.005424700,2020-01,annual,947.653111,4.000000,1084.272339,203
greenland,greenland-outlets-v1,gate-02,58,-196507.50,-2275732.50,-0.999160466,0.040967840,120.000,1.005431599,2020-01,annual,882.508437,4.000000,1009.572693,207
greenland,greenland-outlets-v1,gate-02,59,-196507.50,-2275852.50,-0.999160466,0.040967840,120.000,1.005438500,2020-01,annual,782.180312,3.000000,895.860718,217
greenland,greenland-outlets-v1,gate-03,60,-324907.50,-1773052.50,-0.960147262,-0.279494607,120.000,0.980723532,2020-01,annual,2521.719610,49.000000,3266.215332,107
greenland,greenland-outlets-v1,gate-03,61,-324907.50,-1773172.50,-0.960147262,-0.279494607,120.000,0.980728839,2020-01,annual,2400.209801,35.000000,3085.269043,107
greenland,greenland-outlets-v1,gate-03,62,-324787.50,-1773292.50,-0.960147262,-0.279494607,120.000,0.980733175,2020-01,annual,2392.049032,35.000000,3128.188232,107
greenland,greenland-outlets-v1,gate-03,63,-324787.50,-1773412.50,-0.960147262,-0.279494607,120.000,0.980738484,2020-01,annual,2329.657832,35.000000,3082.459717,107
greenland,greenland-outlets-v1,gate-03,64,-324787.50,-1773532.50,-0.960147262,-0.279494607,120.000,0.980743793,2020-01,annual,2314.741345,35.000000,3026.865479,106
greenland,greenland-outlets-v1,gate-03,65,-324787.50,-1773652.50,-0.960147262,-0.279494607,120.000,0.980749102,2020-01,annual,2221.460313,50.000000,2820.195312,102
greenland,greenland-outlets-v1,gate-03,66,-324667.50,-1773772.50,-0.960147262,-0.279494607,120.000,0.980753440,2020-01,annual,1466.981446,36.000000,1961.187622,132
greenland,greenland-outlets-v1,gate-03,67,-324667.50,-1773892.50,-0.960147262,-0.279494607,120.000,0.980758750,2020-01,annual,1055.913459,38.000000,1506.756470,129
greenland,greenland-outlets-v1,gate-03,68,-324667.50,-1774012.50,-0.960147262,-0.279494607,120.000,0.980764060,2020-01,annual,660.293858,26.000000,1020.469666,168
greenland,greenland-outlets-v1,gate-03,69,-324547.50,-1774132.50,-0.960147262,-0.279494607,120.000,0.980768399,2020-01,annual,588.045093,22.000000,896.419128,193
greenland,greenland-outlets-v1,gate-03,70,-324547.50,-1774252.50,-0.960147262,-0.279494607,120.000,0.980773711,2020-01,annual,518.946685,20.000000,726.021912,203
greenland,greenland-outlets-v1,gate-03,71,-324547.50,-1774372.50,-0.960147262,-0.279494607,120.000,0.980779022,2020-01,annual,422.062830,19.000000,512.025818,211
greenland,greenland-outlets-v1,gate-03,72,-324547.50,-1774492.50,-0.960147262,-0.279494607,120.000,0.980784334,2020-01,annual,317.386081,19.000000,327.634003,208
greenland,greenland-outlets-v1,gate-03,73,-324427.50,-1774492.50,-0.960147262,-0.279494607,120.000,0.980783363,2020-01,annual,399.697179,18.000000,419.604736,215
greenland,greenland-outlets-v1,gate-03,74,-324427.50,-1774612.50,-0.960147262,-0.279494607,120.000,0.980788675,2020-01,annual,355.613938,19.000000,359.136047,208
greenland,greenland-outlets-v1,gate-03,75,-324427.50,-1774732.50,-0.960147262,-0.279494607,120.000,0.980793988,2020-01,annual,347.378546,21.000000,374.561157,192
greenland,greenland-outlets-v1,gate-03,76,-324427.50,-1774852.50,-0.960147262,-0.279494607,120.000,0.980799301,2020-01,annual,404.658156,27.000000,413.212219,145
greenland,greenland-outlets-v1,gate-03,77,-324307.50,-1774972.50,-0.960147262,-0.279494607,120.000,0.980803643,2020-01,annual,191.043213,57.000000,247.035233,59
greenland,greenland-outlets-v1,gate-03,78,-324307.50,-1775092.50,-0.960147262,-0.279494607,120.000,0.980808957,2020-01,annual,312.158599,61.000000,445.175079,38
greenland,greenland-outlets-v1,gate-03,79,-324307.50,-1775212.50,-0.960147262,-0.279494607,120.000,0.980814271,2020-01,annual,2390.460311,497.000000,3134.852783,6
greenland,greenland-outlets-v1,gate-03,80,-324187.50,-1775332.50,-0.960147262,-0.279494607,120.000,0.980818615,2020-01,annual,4586.528887,561.000000,5810.880859,7
greenland,greenland-outlets-v1,gate-03,81,-324187.50,-1775452.50,-0.960147262,-0.279494607,120.000,0.980823930,2020-01,annual,9056.048939,657.000000,9722.229492,6
greenland,greenland-outlets-v1,gate-03,82,-324187.50,-1775572.50,-0.960147262,-0.279494607,120.000,0.980829245,2020-01,annual,7065.755737,296.000000,7564.681152,14
greenland,greenland-outlets-v1,gate-03,83,-324187.50,-1775692.50,-0.960147262,-0.279494607,120.000,0.980834561,2020-01,annual,7359.679825,273.000000,8146.275391,17
greenland,greenland-outlets-v1,gate-03,84,-324067.50,-1775812.50,-0.960147262,-0.279494607,120.000,0.980838907,2020-01,annual,7274.993725,269.000000,8116.725586,17
greenland,greenland-outlets-v1,gate-03,85,-324067.50,-1775932.50,-0.960147262,-0.279494607,120.000,0.980844223,2020-01,annual,7285.852956,278.000000,8170.323242,18
greenland,greenland-outlets-v1,gate-04,86,183652.50,-2727652.50,0.502097806,-0.864810843,120.000,1.034142090,2020-01,annual,-3.625920,1.000000,3.703089,551
greenland,greenland-outlets-v1,gate-04,87,183772.50,-2727532.50,0.502097806,-0.864810843,120.000,1.034134265,2020-01,annual,14097.441574,1224.000000,14104.369141,4
greenland,greenland-outlets-v1,gate-04,88,183892.50,-2727532.50,0.502097806,-0.864810843,120.000,1.034134831,2020-01,annual,15547.735542,1230.000000,15595.208984,4
greenland,greenland-outlets-v1,gate-04,89,183892.50,-2727412.50,0.502097806,-0.864810843,120.000,1.034126441,2020-01,annual,1253.774886,77.000000,1328.354004,40
greenland,greenland-outlets-v1,gate-04,90,184012.50,-2727412.50,0.502097806,-0.864810843,120.000,1.034127007,2020-01,annual,9578.652564,251.000000,9707.415039,25
greenland,greenland-outlets-v1,gate-04,91,185812.50,-2726332.50,0.502097806,-0.864810843,120.000,1.034060049,2020-01,annual,11984.657469,279.000000,12000.669922,22
greenland,greenland-outlets-v1,gate-04,92,185932.50,-2726212.50,0.502097806,-0.864810843,120.000,1.034052235,2020-01,annual,11818.275289,334.000000,11821.220703,17
greenland,greenland-outlets-v1,gate-04,93,186052.50,-2726212.50,0.502097806,-0.864810843,120.000,1.034052807,2020-01,annual,11417.265713,333.000000,11418.888672,16
greenland,greenland-outlets-v1,gate-04,94,186172.50,-2726092.50,0.502097806,-0.864810843,120.000,1.034044995,2020-01,annual,63.369649,51.000000,132.342148,60
greenland,greenland-outlets-v1,gate-04,95,186172.50,-2726092.50,0.502097806,-0.864810843,120.000,1.034044995,2020-01,annual,63.369649,51.000000,132.342148,60
greenland,greenland-outlets-v1,gate-04,96,186292.50,-2725972.50,0.502097806,-0.864810843,120.000,1.034037183,2020-01,annual,-87.243685,20.000000,408.342590,153
greenland,greenland-outlets-v1,gate-04,97,186412.50,-2725972.50,0.502097806,-0.864810843,120.000,1.034037756,2020-01,annual,-92.327138,10.000000,496.835297,321
greenland,greenland-outlets-v1,gate-04,98,186532.50,-2725852.50,0.502097806,-0.864810843,120.000,1.034029945,2020-01,annual,-64.568626,9.000000,612.688904,419
greenland,greenland-outlets-v1,gate-04,99,186652.50,-2725852.50,0.502097806,-0.864810843,120.000,1.034030519,2020-01,annual,-53.986978,7.000000,516.872253,501
greenland,greenland-outlets-v1,gate-04,100,186772.50,-2725732.50,0.502097806,-0.864810843,120.000,1.034022709,2020-01,annual,-93.707809,6.000000,552.241516,512
greenland,greenland-outlets-v1,gate-04,101,186892.50,-2725732.50,0.502097806,-0.864810843,120.000,1.034023284,2020-01,annual,-82.665244,5.000000,451.482758,538
greenland,greenland-outlets-v1,gate-04,102,187012.50,-2725612.50,0.502097806,-0.864810843,120.000,1.034015475,2020-01,annual,-124.918432,5.000000,498.542908,553
greenland,greenland-outlets-v1,gate-04,103,187012.50,-2725612.50,0.502097806,-0.864810843,120.000,1.034015475,2020-01,annual,-124.918432,5.000000,498.542908,553
greenland,greenland-outlets-v1,gate-04,104,187132.50,-2725492.50,0.502097806,-0.864810843,120.000,1.034007667,2020-01,annual,-177.400060,5.000000,544.159729,547
greenland,greenland-outlets-v1,gate-04,105,187252.50,-2725492.50,0.502097806,-0.864810843,120.000,1.034008243,2020-01,annual,-187.677570,5.000000,520.212646,562
greenland,greenland-outlets-v1,gate-04,106,187372.50,-2725372.50,0.502097806,-0.864810843,120.000,1.034000436,2020-01,annual,-178.963907,5.000000,538.302612,567
greenland,greenland-outlets-v1,gate-04,107,187492.50,-2725372.50,0.502097806,-0.864810843,120.000,1.034001013,2020-01,annual,-164.265666,4.000000,498.217499,585
greenland,greenland-outlets-v1,gate-04,108,187612.50,-2725252.50,0.502097806,-0.864810843,120.000,1.033993207,2020-01,annual,-159.816395,4.000000,517.543518,583
greenland,greenland-outlets-v1,gate-04,109,187732.50,-2725252.50,0.502097806,-0.864810843,120.000,1.033993784,2020-01,annual,-157.631877,4.000000,489.130676,578
greenland,greenland-outlets-v1,gate-04,110,187732.50,-2725132.50,0.502097806,-0.864810843,120.000,1.033985402,2020-01,annual,-181.689294,4.000000,544.074951,570
greenland,greenland-outlets-v1,gate-04,111,187852.50,-2725132.50,0.502097806,-0.864810843,120.000,1.033985980,2020-01,annual,-165.130815,4.000000,479.615967,566
greenland,greenland-outlets-v1,gate-04,112,187972.50,-2725012.50,0.502097806,-0.864810843,120.000,1.033978176,2020-01,annual,-170.164873,5.000000,449.776978,513
greenland,greenland-outlets-v1,gate-04,113,188092.50,-2725012.50,0.502097806,-0.864810843,120.000,1.033978754,2020-01,annual,-170.371634,4.000000,409.644226,503
greenland,greenland-outlets-v1,gate-04,114,188212.50,-2724892.50,0.502097806,-0.864810843,120.000,1.033970952,2020-01,annual,-172.254766,4.000000,404.386200,441
greenland,greenland-outlets-v1,gate-04,115,188332.50,-2724892.50,0.502097806,-0.864810843,120.000,1.033971531,2020-01,annual,-173.222404,5.000000,385.235260,402
greenland,greenland-outlets-v1,gate-04,116,188452.50,-2724772.50,0.502097806,-0.864810843,120.000,1.033963730,2020-01,annual,-185.731741,5.000000,398.151886,356
greenland,greenland-outlets-v1,gate-05,117,494332.50,-2296372.50,0.931437169,-0.363902185,120.000,1.009226686,2020-01,annual,7047.009723,62.000000,7047.818848,151
greenland,greenland-outlets-v1,gate-05,118,495412.50,-2293612.50,0.931437169,-0.363902185,120.000,1.009079871,2020-01,annual,8854.113152,19.000000,8854.272461,231
greenland,greenland-outlets-v1,gate-05,119,495412.50,-2293492.50,0.931437169,-0.363902185,120.000,1.009072904,2020-01,annual,8870.464647,17.000000,8870.729492,240
greenland,greenland-outlets-v1,gate-05,120,495532.50,-2293372.50,0.931437169,-0.363902185,120.000,1.009067443,2020-01,annual,8815.954959,17.000000,8816.478516,237
greenland,greenland-outlets-v1,gate-05,121,495532.50,-2293252.50,0.931437169,-0.363902185,120.000,1.009060477,2020-01,annual,8872.911082,16.000000,8873.898438,242
greenland,greenland-outlets-v1,gate-05,122,495532.50,-2293132.50,0.931437169,-0.363902185,120.000,1.009053511,2020-01,annual,8764.252298,16.000000,8765.694336,239
greenland,greenland-outlets-v1,gate-05,123,495652.50,-2293012.50,0.931437169,-0.363902185,120.000,1.009048051,2020-01,annual,8345.335569,16.000000,8347.216797,234
greenland,greenland-outlets-v1,gate-05,124,495652.50,-2292892.50,0.931437169,-0.363902185,120.000,1.009041086,2020-01,annual,8282.283810,16.000000,8286.328125,231
greenland,greenland-outlets-v1,gate-05,125,495772.50,-2292772.50,0.931437169,-0.363902185,120.000,1.009035627,2020-01,annual,8213.282439,18.000000,8220.013672,220
greenland,greenland-outlets-v1,gate-05,126,495772.50,-2292772.50,0.931437169,-0.363902185,120.000,1.009035627,2020-01,annual,8213.282439,18.000000,8220.013672,220
greenland,greenland-outlets-v1,gate-05,127,495772.50,-2292652.50,0.931437169,-0.363902185,120.000,1.009028663,2020-01,annual,7285.741290,36.000000,7289.392578,194
greenland,greenland-outlets-v1,gate-05,128,495892.50,-2292532.50,0.931437169,-0.363902185,120.000,1.009023206,2020-01,annual,7727.705233,20.000000,7733.995605,192
greenland,greenland-outlets-v1,gate-05,129,495892.50,-2292412.50,0.931437169,-0.363902185,120.000,1.009016242,2020-01,annual,7716.288099,19.000000,7727.073242,177
greenland,greenland-outlets-v1,gate-05,130,495892.50,-2292292.50,0.931437169,-0.363902185,120.000,1.009009279,2020-01,annual,3634.017835,67.000000,3634.412109,106
greenland,greenland-outlets-v1,gate-05,131,496012.50,-2292172.50,0.931437169,-0.363902185,120.000,1.009003823,2020-01,annual,1158.149098,43.000000,1179.610229,155
greenland,greenland-outlets-v1,gate-05,132,496012.50,-2292052.50,0.931437169,-0.363902185,120.000,1.008996861,2020-01,annual,1014.493463,33.000000,1028.569336,176
greenland,greenland-outlets-v1,gate-05,133,496012.50,-2291932.50,0.931437169,-0.363902185,120.000,1.008989899,2020-01,annual,581.604971,35.000000,583.541443,198
greenland,greenland-outlets-v1,gate-05,134,496132.50,-2291812.50,0.931437169,-0.363902185,120.000,1.008984444,2020-01,annual,11.046160,12.000000,150.223831,260
greenland,greenland-outlets-v1,gate-05,135,496132.50,-2291692.50,0.931437169,-0.363902185,120.000,1.008977483,2020-01,annual,37.417093,11.000000,118.646568,298
greenland,greenland-outlets-v1,gate-05,136,496252.50,-2291572.50,0.931437169,-0.363902185,120.000,1.008972030,2020-01,annual,-19.534601,6.000000,132.279800,432
greenland,greenland-outlets-v1,gate-05,137,496252.50,-2291452.50,0.931437169,-0.363902185,120.000,1.008965070,2020-01,annual,0.231610,3.000000,55.538918,512
greenland,greenland-outlets-v1,gate-05,138,496252.50,-2291332.50,0.931437169,-0.363902185,120.000,1.008958110,2020-01,annual,14.468334,1.000000,23.517248,1012
greenland,greenland-outlets-v1,gate-05,139,496372.50,-2291212.50,0.931437169,-0.363902185,120.000,1.008952658,2020-01,annual,19.698006,0.000000,20.145273,1314
greenland,greenland-outlets-v1,gate-05,140,496372.50,-2291212.50,0.931437169,-0.363902185,120.000,1.008952658,2020-01,annual,19.698006,0.000000,20.145273,1314
greenland,greenland-outlets-v1,gate-05,141,496372.50,-2291092.50,0.931437169,-0.363902185,120.000,1.008945699,2020-01,annual,13.228637,0.000000,13.348980,1553
greenland,greenland-outlets-v1,gate-05,142,496492.50,-2290972.50,0.931437169,-0.363902185,120.000,1.008940248,2020-01,annual,2.943131,0.000000,4.076548,1708
greenland,greenland-outlets-v1,gate-05,143,496492.50,-2290852.50,0.931437169,-0.363902185,120.000,1.008933289,2020-01,annual,0.826010,0.000000,3.555007,2090
greenland,greenland-outlets-v1,gate-06,144,-328987.50,-1718692.50,-0.815309184,-0.579025850,120.000,0.978390724,2020-01,annual,2.232811,0.000000,2.425817,1725
greenland,greenland-outlets-v1,gate-06,145,-328987.50,-1718812.50,-0.815309184,-0.579025850,120.000,0.978395863,2020-01,annual,4.849932,1.000000,4.995683,279
greenland,greenland-outlets-v1,gate-06,146,-328867.50,-1718932.50,-0.815309184,-0.579025850,120.000,0.978400019,2020-01,annual,138.043085,24.000000,147.558044,132
greenland,greenland-outlets-v1,gate-06,147,-328747.50,-1718932.50,-0.815309184,-0.579025850,120.000,0.978399036,2020-01,annual,155.063862,49.000000,156.409637,124
greenland,greenland-outlets-v1,gate-06,148,-328747.50,-1719052.50,-0.815309184,-0.579025850,120.000,0.978404175,2020-01,annual,422.431609,93.000000,431.028717,81
greenland,greenland-outlets-v1,gate-06,149,-328627.50,-1719172.50,-0.815309184,-0.579025850,120.000,0.978408333,2020-01,annual,1027.061259,119.000000,1027.484619,53
greenland,greenland-outlets-v1,gate-06,150,-328627.50,-1719292.50,-0.815309184,-0.579025850,120.000,0.978413473,2020-01,annual,666.984827,83.000000,675.081299,90
greenland,greenland-outlets-v1,gate-06,151,-328507.50,-1719412.50,-0.815309184,-0.579025850,120.000,0.978417631,2020-01,annual,709.428454,67.000000,745.494324,118
greenland,greenland-outlets-v1,gate-06,152,-328507.50,-1719412.50,-0.815309184,-0.579025850,120.000,0.978417631,2020-01,annual,709.428454,67.000000,745.494324,118
greenland,greenland-outlets-v1,gate-06,153,-328387.50,-1719532.50,-0.815309184,-0.579025850,120.000,0.978421790,2020-01,annual,767.182742,94.000000,793.777771,94
greenland,greenland-outlets-v1,gate-06,154,-328267.50,-1719652.50,-0.815309184,-0.579025850,120.000,0.978425950,2020-01,annual,582.188562,87.000000,582.341797,96
greenland,greenland-outlets-v1,gate-06,155,-328267.50,-1719772.50,-0.815309184,-0.579025850,120.000,0.978431092,2020-01,annual,684.292020,110.000000,684.397583,77
greenland,greenland-outlets-v1,gate-06,156,-328147.50,-1719892.50,-0.815309184,-0.579025850,120.000,0.978435253,2020-01,annual,1206.973468,132.000000,1218.114136,69
greenland,greenland-outlets-v1,gate-06,157,-328147.50,-1719892.50,-0.815309184,-0.579025850,120.000,0.978435253,2020-01,annual,1206.973468,132.000000,1218.114136,69
greenland,greenland-outlets-v1,gate-06,158,-328027.50,-1720012.50,-0.815309184,-0.579025850,120.000,0.978439414,2020-01,annual,623.634746,170.000000,1527.100464,27
greenland,greenland-outlets-v1,gate-06,159,-327907.50,-1720132.50,-0.815309184,-0.579025850,120.000,0.978443576,2020-01,annual,2723.059260,219.000000,3036.017822,26
greenland,greenland-outlets-v1,gate-06,160,-327907.50,-1720252.50,-0.815309184,-0.579025850,120.000,0.978448720,2020-01,annual,2232.971721,221.000000,2671.335693,26
greenland,greenland-outlets-v1,gate-06,161,-327787.50,-1720372.50,-0.815309184,-0.579025850,120.000,0.978452883,2020-01,annual,2634.468959,262.000000,2971.375732,23
greenland,greenland-outlets-v1,gate-06,162,-327787.50,-1720492.50,-0.815309184,-0.579025850,120.000,0.978458027,2020-01,annual,3783.015206,264.000000,4158.593262,22
greenland,greenland-outlets-v1,gate-06,163,-327667.50,-1720492.50,-0.815309184,-0.579025850,120.000,0.978457047,2020-01,annual,3748.667250,261.000000,3834.645264,19
greenland,greenland-outlets-v1,gate-06,164,-327667.50,-1720612.50,-0.815309184,-0.579025850,120.000,0.978462192,2020-01,annual,2646.137186,149.000000,2666.970947,44
greenland,greenland-outlets-v1,gate-06,165,-327547.50,-1720732.50,-0.815309184,-0.579025850,120.000,0.978466357,2020-01,annual,5750.321938,375.000000,5776.475586,15
greenland,greenland-outlets-v1,gate-07,166,314812.50,-2575852.50,0.995898935,-0.090472708,120.000,1.024683918,2020-01,annual,8890.108103,30.000000,8900.712891,157
greenland,greenland-outlets-v1,gate-07,167,314812.50,-2575732.50,0.995898935,-0.090472708,120.000,1.024676032,2020-01,annual,8515.180113,32.000000,8524.659180,137
greenland,greenland-outlets-v1,gate-07,168,314812.50,-2575612.50,0.995898935,-0.090472708,120.000,1.024668146,2020-01,annual,8588.395968,37.000000,8595.895508,31
greenland,greenland-outlets-v1,gate-07,169,314812.50,-2575492.50,0.995898935,-0.090472708,120.000,1.024660261,2020-01,annual,1531.648042,14.000000,1604.438232,41
greenland,greenland-outlets-v1,gate-08,170,-62947.50,-3181372.50,0.915217150,-0.402961001,120.000,1.068408715,2020-01,annual,0.945441,0.000000,1.155991,2728
greenland,greenland-outlets-v1,gate-08,171,-62947.50,-3181252.50,0.915217150,-0.402961001,120.000,1.068398764,2020-01,annual,1.361999,0.000000,1.408764,2569
greenland,greenland-outlets-v1,gate-08,172,-62827.50,-3181132.50,0.915217150,-0.402961001,120.000,1.068388618,2020-01,annual,0.645310,0.000000,0.646892,2893
greenland,greenland-outlets-v1,gate-08,173,-62827.50,-3181012.50,0.915217150,-0.402961001,120.000,1.068378668,2020-01,annual,0.413247,0.000000,0.559930,2830
greenland,greenland-outlets-v1,gate-08,174,-62707.50,-3180892.50,0.915217150,-0.402961001,120.000,1.068368523,2020-01,annual,1.196524,0.000000,1.224941,2869
greenland,greenland-outlets-v1,gate-08,175,-62707.50,-3180772.50,0.915217150,-0.402961001,120.000,1.068358574,2020-01,annual,0.935212,0.000000,0.962978,2816
greenland,greenland-outlets-v1,gate-08,176,-62707.50,-3180652.50,0.915217150,-0.402961001,120.000,1.068348625,2020-01,annual,0.418916,0.000000,0.474028,2803
greenland,greenland-outlets-v1,gate-08,177,-62107.50,-3179452.50,0.915217150,-0.402961001,120.000,1.068248190,2020-01,annual,31.738644,1.000000,38.593975,656
greenland,greenland-outlets-v1,gate-08,178,-62107.50,-3179332.50,0.915217150,-0.402961001,120.000,1.068238246,2020-01,annual,37.436864,1.000000,44.462009,602
greenland,greenland-outlets-v1,gate-08,179,-61987.50,-3179212.50,0.915217150,-0.402961001,120.000,1.068228109,2020-01,annual,38.351978,1.000000,44.261692,592
greenland,greenland-outlets-v1,gate-08,180,-61987.50,-3179212.50,0.915217150,-0.402961001,120.000,1.068228109,2020-01,annual,38.351978,1.000000,44.261692,592
greenland,greenland-outlets-v1,gate-08,181,-61987.50,-3179092.50,0.915217150,-0.402961001,120.000,1.068218166,2020-01,annual,11766.497332,794.000000,11766.953125,4
greenland,greenland-outlets-v1,gate-08,182,-61867.50,-3178972.50,0.915217150,-0.402961001,120.000,1.068208030,2020-01,annual,11315.363004,852.000000,11334.935547,4
greenland,greenland-outlets-v1,gate-08,183,-61867.50,-3178852.50,0.915217150,-0.402961001,120.000,1.068198088,2020-01,annual,11007.785179,405.000000,11021.363281,5
greenland,greenland-outlets-v1,gate-08,184,-61747.50,-3178732.50,0.915217150,-0.402961001,120.000,1.068187953,2020-01,annual,10781.859519,353.000000,10790.305664,4
greenland,greenland-outlets-v1,gate-08,185,-61747.50,-3178612.50,0.915217150,-0.402961001,120.000,1.068178012,2020-01,annual,4257.998505,234.000000,4260.540527,5
greenland,greenland-outlets-v1,gate-08,186,-61747.50,-3178492.50,0.915217150,-0.402961001,120.000,1.068168071,2020-01,annual,2364.730714,63.000000,2367.452637,16
greenland,greenland-outlets-v1,gate-08,187,-61627.50,-3178372.50,0.915217150,-0.402961001,120.000,1.068157938,2020-01,annual,0.348802,0.000000,0.378732,1189
greenland,greenland-outlets-v1,gate-09,188,191212.50,-2757412.50,0.391380699,0.920228856,120.000,1.036271676,2020-01,annual,2031.684392,149.000000,2045.783447,44
greenland,greenland-outlets-v1,gate-09,189,191092.50,-2757412.50,0.391380699,0.920228856,120.000,1.036271088,2020-01,annual,2735.970974,139.000000,2745.902344,49
greenland,greenland-outlets-v1,gate-09,190,190972.50,-2757412.50,0.391380699,0.920228856,120.000,1.036270500,2020-01,annual,3024.539626,133.000000,3024.613281,54
greenland,greenland-outlets-v1,gate-09,191,190852.50,-2757292.50,0.391380699,0.920228856,120.000,1.036261421,2020-01,annual,3576.891344,1524.000000,3596.990967,1
greenland,greenland-outlets-v1,gate-09,192,190732.50,-2757292.50,0.391380699,0.920228856,120.000,1.036260834,2020-01,annual,3947.423479,1540.000000,3976.151367,1
greenland,greenland-outlets-v1,gate-09,193,190732.50,-2757172.50,0.391380699,0.920228856,120.000,1.036252344,2020-01,annual,9995.135362,156.000000,10018.045898,3
greenland,greenland-outlets-v1,gate-09,194,190612.50,-2757172.50,0.391380699,0.920228856,120.000,1.036251756,2020-01,annual,9986.103181,157.000000,9998.026367,2
greenland,greenland-outlets-v1,gate-09,195,190492.50,-2757172.50,0.391380699,0.920228856,120.000,1.036251170,2020-01,annual,10106.019364,156.000000,10125.556641,3
greenland,greenland-outlets-v1,gate-09,196,190372.50,-2757052.50,0.391380699,0.920228856,120.000,1.036242094,2020-01,annual,9484.858816,56.000000,9539.420898,9
greenland,greenland-outlets-v1,gate-09,197,190252.50,-2757052.50,0.391380699,0.920228856,120.000,1.036241507,2020-01,annual,9593.601536,56.000000,9665.827148,8
greenland,greenland-outlets-v1,gate-09,198,190132.50,-2756932.50,0.391380699,0.920228856,120.000,1.036232433,2020-01,annual,9803.112908,56.000000,9888.031250,9
greenland,greenland-outlets-v1,gate-09,199,190012.50,-2756932.50,0.391380699,0.920228856,120.000,1.036231847,2020-01,annual,9668.402580,55.000000,9775.250977,8
greenland,greenland-outlets-v1,gate-09,200,189892.50,-2756932.50,0.391380699,0.920228856,120.000,1.036231262,2020-01,annual,9458.035655,55.000000,9659.423828,8
greenland,greenland-outlets-v1,gate-10,201,-244747.50,-2776372.50,-0.883452245,0.468521218,120.000,1.037917946,2020-01,annual,1.425097,0.000000,1.986894,984
greenland,greenland-outlets-v1,gate-10,202,-244747.50,-2776492.50,-0.883452245,0.468521218,120.000,1.037926502,2020-01,annual,0.416265,0.000000,0.601445,1266
greenland,greenland-outlets-v1,gate-10,203,-244747.50,-2776612.50,-0.883452245,0.468521218,120.000,1.037935059,2020-01,annual,-0.124919,0.000000,0.218617,1895
greenland,greenland-outlets-v1,gate-10,204,-244867.50,-2776732.50,-0.883452245,0.468521218,120.000,1.037944370,2020-01,annual,6381.080390,86.000000,6490.687012,50
greenland,greenland-outlets-v1,gate-10,205,-244867.50,-2776732.50,-0.883452245,0.468521218,120.000,1.037944370,2020-01,annual,6381.080390,86.000000,6490.687012,50
greenland,greenland-outlets-v1,gate-10,206,-244987.50,-2776852.50,-0.883452245,0.468521218,120.000,1.037953683,2020-01,annual,7507.041793,184.000000,7644.520020,6
greenland,greenland-outlets-v1,gate-10,207,-244987.50,-2776972.50,-0.883452245,0.468521218,120.000,1.037962240,2020-01,annual,7343.187477,84.000000,7425.543457,53
greenland,greenland-outlets-v1,gate-10,208,-245107.50,-2777092.50,-0.883452245,0.468521218,120.000,1.037971554,2020-01,annual,7447.369003,81.000000,7556.230469,60
greenland,greenland-outlets-v1,gate-10,209,-245107.50,-2777212.50,-0.883452245,0.468521218,120.000,1.037980113,2020-01,annual,7659.527554,80.000000,7748.155273,62
greenland,greenland-outlets-v1,gate-10,210,-245227.50,-2777332.50,-0.883452245,0.468521218,120.000,1.037989427,2020-01,annual,6778.037740,94.000000,6818.341797,55
greenland,greenland-outlets-v1,gate-10,211,-245227.50,-2777452.50,-0.883452245,0.468521218,120.000,1.037997987,2020-01,annual,6581.204544,96.000000,6620.602539,53
greenland,greenland-outlets-v1,gate-10,212,-245347.50,-2777572.50,-0.883452245,0.468521218,120.000,1.038007303,2020-01,annual,6365.684598,100.000000,6400.917480,50
greenland,greenland-outlets-v1,gate-10,213,-245347.50,-2777572.50,-0.883452245,0.468521218,120.000,1.038007303,2020-01,annual,6365.684598,100.000000,6400.917480,50
greenland,greenland-outlets-v1,gate-10,214,-245467.50,-2777692.50,-0.883452245,0.468521218,120.000,1.038016620,2020-01,annual,6359.081188,98.000000,6403.019531,51
greenland,greenland-outlets-v1,gate-10,215,-245467.50,-2777812.50,-0.883452245,0.468521218,120.000,1.038025180,2020-01,annual,6389.084295,81.000000,6437.624512,59
greenland,greenland-outlets-v1,gate-10,216,-245587.50,-2778052.50,-0.883452245,0.468521218,120.000,1.038043060,2020-01,annual,6947.122202,82.000000,7029.305176,59
greenland,greenland-outlets-v1,gate-10,217,-245587.50,-2778172.50,-0.883452245,0.468521218,120.000,1.038051622,2020-01,annual,7668.156935,62.000000,7727.055664,60
greenland,greenland-outlets-v1,gate-10,218,-245707.50,-2778292.50,-0.883452245,0.468521218,120.000,1.038060942,2020-01,annual,6567.431576,81.000000,6643.855957,59
greenland,greenland-outlets-v1,gate-10,219,-245707.50,-2778412.50,-0.883452245,0.468521218,120.000,1.038069504,2020-01,annual,6696.626200,81.000000,6768.428223,59
greenland,greenland-outlets-v1,gate-10,220,-245827.50,-2778532.50,-0.883452245,0.468521218,120.000,1.038078825,2020-01,annual,6497.947132,83.000000,6556.562012,57
greenland,greenland-outlets-v1,gate-10,221,-245827.50,-2778532.50,-0.883452245,0.468521218,120.000,1.038078825,2020-01,annual,6497.947132,83.000000,6556.562012,57
greenland,greenland-outlets-v1,gate-10,222,-245947.50,-2778652.50,-0.883452245,0.468521218,120.000,1.038088147,2020-01,annual,6631.685987,82.000000,6683.283203,59
greenland,greenland-outlets-v1,gate-10,223,-245947.50,-2778772.50,-0.883452245,0.468521218,120.000,1.038096711,2020-01,annual,6361.444675,83.000000,6416.434570,57
greenland,greenland-outlets-v1,gate-10,224,-246067.50,-2778892.50,-0.883452245,0.468521218,120.000,1.038106033,2020-01,annual,6395.672641,84.000000,6435.797852,56
greenland,greenland-outlets-v1,gate-10,225,-246067.50,-2779012.50,-0.883452245,0.468521218,120.000,1.038114598,2020-01,annual,6304.925443,84.000000,6350.430664,56
greenland,greenland-outlets-v1,gate-10,226,-246187.50,-2779132.50,-0.883452245,0.468521218,120.000,1.038123922,2020-01,annual,6056.779384,86.000000,6083.378906,54
greenland,greenland-outlets-v1,gate-10,227,-246187.50,-2779252.50,-0.883452245,0.468521218,120.000,1.038132488,2020-01,annual,6069.474631,86.000000,6091.290527,54
greenland,greenland-outlets-v1,gate-10,228,-246307.50,-2779372.50,-0.883452245,0.468521218,120.000,1.038141813,2020-01,annual,5726.571683,87.000000,5732.513184,51
greenland,greenland-outlets-v1,gate-10,229,-246307.50,-2779372.50,-0.883452245,0.468521218,120.000,1.038141813,2020-01,annual,5726.571683,87.000000,5732.513184,51
greenland,greenland-outlets-v1,gate-10,230,-246427.50,-2779492.50,-0.883452245,0.468521218,120.000,1.038151139,2020-01,annual,4099.591456,112.000000,4101.820801,38
greenland,greenland-outlets-v1,gate-10,231,-246427.50,-2779612.50,-0.883452245,0.468521218,120.000,1.038159705,2020-01,annual,3835.247894,117.000000,3835.409180,35
greenland,greenland-outlets-v1,gate-10,232,-246427.50,-2779732.50,-0.883452245,0.468521218,120.000,1.038168273,2020-01,annual,3368.498907,121.000000,3370.027588,34
greenland,greenland-outlets-v1,gate-10,233,-246547.50,-2779852.50,-0.883452245,0.468521218,120.000,1.038177600,2020-01,annual,2510.883651,133.000000,2512.698730,30
greenland,greenland-outlets-v1,gate-10,234,-246547.50,-2779972.50,-0.883452245,0.468521218,120.000,1.038186168,2020-01,annual,1156.597884,118.000000,1160.587524,32
greenland,greenland-outlets-v1,gate-10,235,-246667.50,-2780092.50,-0.883452245,0.468521218,120.000,1.038195497,2020-01,annual,78.649027,18.000000,81.754791,85
greenland,greenland-outlets-v1,gate-10,236,-246667.50,-2780212.50,-0.883452245,0.468521218,120.000,1.038204066,2020-01,annual,4.224091,2.000000,4.254760,182
greenland,greenland-outlets-v1,gate-10,237,-246787.50,-2780332.50,-0.883452245,0.468521218,120.000,1.038213396,2020-01,annual,2.511430,1.000000,2.544333,456
greenland,greenland-outlets-v1,gate-10,238,-246787.50,-2780332.50,-0.883452245,0.468521218,120.000,1.038213396,2020-01,annual,2.511430,1.000000,2.544333,456
greenland,greenland-outlets-v1,gate-11,239,664252.50,-2270332.50,0.832079762,-0.554655993,120.000,1.010213585,2020-01,annual,1.967827,0.000000,2.199578,2791
greenland,greenland-outlets-v1,gate-11,240,664372.50,-2270212.50,0.832079762,-0.554655993,120.000,1.010208704,2020-01,annual,1.547769,0.000000,2.032876,3893
greenland,greenland-outlets-v1,gate-11,241,664372.50,-2270092.50,0.832079762,-0.554655993,120.000,1.010201804,2020-01,annual,1.308145,0.000000,1.708705,4202
greenland,greenland-outlets-v1,gate-11,242,664492.50,-2269972.50,0.832079762,-0.554655993,120.000,1.010196924,2020-01,annual,0.291240,0.000000,0.596177,4631
greenland,greenland-outlets-v1,gate-11,243,664852.50,-2269372.50,0.832079762,-0.554655993,120.000,1.010168494,2020-01,annual,0.296340,0.000000,1.363077,2038
greenland,greenland-outlets-v1,gate-11,244,664972.50,-2269252.50,0.832079762,-0.554655993,120.000,1.010163618,2020-01,annual,0.607386,0.000000,1.465193,868
greenland,greenland-outlets-v1,gate-11,245,664972.50,-2269252.50,0.832079762,-0.554655993,120.000,1.010163618,2020-01,annual,0.607386,0.000000,1.465193,868
greenland,greenland-outlets-v1,gate-11,246,665092.50,-2269132.50,0.832079762,-0.554655993,120.000,1.010158742,2020-01,annual,0.938908,0.000000,1.266792,1010
greenland,greenland-outlets-v1,gate-11,247,665092.50,-2269012.50,0.832079762,-0.554655993,120.000,1.010151846,2020-01,annual,0.319412,0.000000,0.614375,2670
greenland,greenland-outlets-v1,gate-11,248,665212.50,-2268892.50,0.832079762,-0.554655993,120.000,1.010146972,2020-01,annual,,,,0
greenland,greenland-outlets-v1,gate-11,249,665212.50,-2268772.50,0.832079762,-0.554655993,120.000,1.010140076,2020-01,annual,,,,0
greenland,greenland-outlets-v1,gate-11,250,665332.50,-2268652.50,0.832079762,-0.554655993,120.000,1.010135203,2020-01,annual,7943.999307,421.000000,8052.818848,1
greenland,greenland-outlets-v1,gate-11,251,665452.50,-2268652.50,0.832079762,-0.554655993,120.000,1.010137225,2020-01,annual,7388.484549,415.000000,7388.515625,1
greenland,greenland-outlets-v1,gate-11,252,665452.50,-2268532.50,0.832079762,-0.554655993,120.000,1.010130331,2020-01,annual,,,,0
greenland,greenland-outlets-v1,gate-11,253,665572.50,-2268412.50,0.832079762,-0.554655993,120.000,1.010125459,2020-01,annual,11392.236878,418.000000,11432.827148,1
greenland,greenland-outlets-v1,gate-11,254,665572.50,-2268292.50,0.832079762,-0.554655993,120.000,1.010118565,2020-01,annual,11031.856811,418.000000,11075.405273,1
greenland,greenland-outlets-v1,gate-11,255,665692.50,-2268172.50,0.832079762,-0.554655993,120.000,1.010113694,2020-01,annual,10998.607532,417.000000,11016.065430,1
greenland,greenland-outlets-v1,gate-11,256,665692.50,-2268052.50,0.832079762,-0.554655993,120.000,1.010106801,2020-01,annual,11871.987494,417.000000,11885.221680,1
greenland,greenland-outlets-v1,gate-11,257,665812.50,-2268052.50,0.832079762,-0.554655993,120.000,1.010108825,2020-01,annual,12281.277417,413.000000,12309.019531,1
greenland,greenland-outlets-v1,gate-11,258,665812.50,-2267932.50,0.832079762,-0.554655993,120.000,1.010101932,2020-01,annual,12368.032256,413.000000,12385.833008,1
greenland,greenland-outlets-v1,gate-11,259,665932.50,-2267812.50,0.832079762,-0.554655993,120.000,1.010097063,2020-01,annual,12751.136027,412.000000,12815.034180,1
greenland,greenland-outlets-v1,gate-11,260,666172.50,-2267452.50,0.832079762,-0.554655993,120.000,1.010080436,2020-01,annual,-412.166847,210.000000,735.381165,3
greenland,greenland-outlets-v1,gate-12,261,-260587.50,-1980172.50,-0.687258612,-0.726412830,120.000,0.989972154,2020-01,annual,0.432296,0.000000,0.888192,3150
greenland,greenland-outlets-v1,gate-12,262,-260467.50,-1980292.50,-0.687258612,-0.726412830,120.000,0.989977327,2020-01,annual,7229.800183,99.000000,7230.925293,38
greenland,greenland-outlets-v1,gate-12,263,-260347.50,-1980292.50,-0.687258612,-0.726412830,120.000,0.989976544,2020-01,annual,7637.777229,106.000000,7639.553711,38
greenland,greenland-outlets-v1,gate-12,264,-260347.50,-1980412.50,-0.687258612,-0.726412830,120.000,0.989982500,2020-01,annual,7548.605416,109.000000,7549.513672,37
greenland,greenland-outlets-v1,gate-12,265,-260227.50,-1980532.50,-0.687258612,-0.726412830,120.000,0.989987675,2020-01,annual,4985.945048,84.000000,4986.585938,49
greenland,greenland-outlets-v1,gate-12,266,-260107.50,-1980532.50,-0.687258612,-0.726412830,120.000,0.989986892,2020-01,annual,8560.392843,67.000000,8603.501953,54
greenland,greenland-outlets-v1,gate-12,267,-259987.50,-1980652.50,-0.687258612,-0.726412830,120.000,0.989992067,2020-01,annual,9085.529357,63.000000,9116.911133,58
greenland,greenland-outlets-v1,gate-12,268,-259987.50,-1980772.50,-0.687258612,-0.726412830,120.000,0.989998025,2020-01,annual,8590.391893,67.000000,8609.801758,54
greenland,greenland-outlets-v1,gate-12,269,-259867.50,-1980772.50,-0.687258612,-0.726412830,120.000,0.989997244,2020-01,annual,8966.216963,63.000000,8993.967773,59
greenland,greenland-outlets-v1,gate-12,270,-259747.50,-1980892.50,-0.687258612,-0.726412830,120.000,0.990002420,2020-01,annual,8829.821119,65.000000,8842.568359,58
greenland,greenland-outlets-v1,gate-12,271,-259747.50,-1981012.50,-0.687258612,-0.726412830,120.000,0.990008379,2020-01,annual,8004.970318,77.000000,8010.942383,55
greenland,greenland-outlets-v1,gate-12,272,-259627.50,-1981132.50,-0.687258612,-0.726412830,120.000,0.990013557,2020-01,annual,8031.004835,75.000000,8031.063477,55
greenland,greenland-outlets-v1,gate-12,273,-259507.50,-1981132.50,-0.687258612,-0.726412830,120.000,0.990012776,2020-01,annual,8297.898720,68.000000,8301.915039,59
greenland,greenland-outlets-v1,gate-12,274,-259387.50,-1981252.50,-0.687258612,-0.726412830,120.000,0.990017955,2020-01,annual,7808.693994,77.000000,7809.485352,54
greenland,greenland-outlets-v1,gate-12,275,-259387.50,-1981372.50,-0.687258612,-0.726412830,120.000,0.990023915,2020-01,annual,7241.140050,95.000000,7243.205566,47
greenland,greenland-outlets-v1,gate-12,276,-259267.50,-1981372.50,-0.687258612,-0.726412830,120.000,0.990023135,2020-01,annual,7162.374006,95.000000,7175.108887,45
greenland,greenland-outlets-v1,gate-12,277,-259147.50,-1981492.50,-0.687258612,-0.726412830,120.000,0.990028316,2020-01,annual,6626.882220,104.000000,6627.590820,40
greenland,greenland-outlets-v1,gate-12,278,-259027.50,-1981612.50,-0.687258612,-0.726412830,120.000,0.990033497,2020-01,annual,6513.742664,116.000000,6514.923340,36
greenland,greenland-outlets-v1,gate-12,279,-259027.50,-1981612.50,-0.687258612,-0.726412830,120.000,0.990033497,2020-01,annual,6513.742664,116.000000,6514.923340,36
greenland,greenland-outlets-v1,gate-12,280,-258907.50,-1981732.50,-0.687258612,-0.726412830,120.000,0.990038679,2020-01,annual,6013.590570,136.000000,6020.168945,34
greenland,greenland-outlets-v1,gate-12,281,-258787.50,-1981852.50,-0.687258612,-0.726412830,120.000,0.990043862,2020-01,annual,2532.416871,144.000000,2602.542480,32
greenland,greenland-outlets-v1,gate-12,282,-258787.50,-1981852.50,-0.687258612,-0.726412830,120.000,0.990043862,2020-01,annual,2532.416871,144.000000,2602.542480,32
greenland,greenland-outlets-v1,gate-12,283,-258667.50,-1981972.50,-0.687258612,-0.726412830,120.000,0.990049045,2020-01,annual,1365.938188,50.000000,1376.698120,40
greenland,greenland-outlets-v1,gate-12,284,-258547.50,-1982092.50,-0.687258612,-0.726412830,120.000,0.990054229,2020-01,annual,-0.504081,0.000000,1.009596,3945
greenland,greenland-outlets-v1,gate-12,285,-258427.50,-1982092.50,-0.687258612,-0.726412830,120.000,0.990053452,2020-01,annual,-0.758176,0.000000,1.063253,3992
greenland,greenland-outlets-v1,gate-01,0,-167827.50,-3142852.50,-0.139044586,0.990286122,120.000,1.065551284,2021-01,annual,32.111598,0.000000,89.633980,6368
greenland,greenland-outlets-v1,gate-01,1,-167947.50,-3142852.50,-0.139044586,0.990286122,120.000,1.065551809,2021-01,annual,30.919601,0.000000,88.665306,6406
greenland,greenland-outlets-v1,gate-01,2,-168067.50,-3142852.50,-0.139044586,0.990286122,120.000,1.065552334,2021-01,annual,29.790116,0.000000,89.178963,6479
greenland,greenland-outlets-v1,gate-01,3,-168187.50,-3142852.50,-0.139044586,0.990286122,120.000,1.065552859,2021-01,annual,28.031404,0.000000,87.495384,6490
greenland,greenland-outlets-v1,gate-01,4,-168307.50,-3142852.50,-0.139044586,0.990286122,120.000,1.065553384,2021-01,annual,25.355840,0.000000,82.744049,6521
greenland,greenland-outlets-v1,gate-01,5,-168427.50,-3142852.50,-0.139044586,0.990286122,120.000,1.065553910,2021-01,annual,21.066739,0.000000,80.258110,6557
greenland,greenland-outlets-v1,gate-01,6,-168547.50,-3142852.50,-0.139044586,0.990286122,120.000,1.065554436,2021-01,annual,16.589677,0.000000,77.584122,6605
greenland,greenland-outlets-v1,gate-01,7,-168667.50,-3142852.50,-0.139044586,0.990286122,120.000,1.065554963,2021-01,annual,13.955982,0.000000,73.892883,6715
greenland,greenland-outlets-v1,gate-01,8,-168787.50,-3142972.50,-0.139044586,0.990286122,120.000,1.065565307,2021-01,annual,9.890606,0.000000,63.595295,6423
greenland,greenland-outlets-v1,gate-01,9,-168907.50,-3142972.50,-0.139044586,0.990286122,120.000,1.065565834,2021-01,annual,8.754124,0.000000,63.259480,6429
greenland,greenland-outlets-v1,gate-01,10,-169027.50,-3142972.50,-0.139044586,0.990286122,120.000,1.065566362,2021-01,annual,7.139111,0.000000,60.864162,6453
greenland,greenland-outlets-v1,gate-01,11,-169147.50,-3142972.50,-0.139044586,0.990286122,120.000,1.065566890,2021-01,annual,5.994493,0.000000,58.672298,6532
greenland,greenland-outlets-v1,gate-01,12,-169267.50,-3142972.50,-0.139044586,0.990286122,120.000,1.065567419,2021-01,annual,6.959515,0.000000,53.504517,6557
greenland,greenland-outlets-v1,gate-01,13,-169387.50,-3142972.50,-0.139044586,0.990286122,120.000,1.065567948,2021-01,annual,7.619897,0.000000,51.260288,6580
greenland,greenland-outlets-v1,gate-01,14,-169507.50,-3142972.50,-0.139044586,0.990286122,120.000,1.065568477,2021-01,annual,8.700910,0.000000,51.720882,6601
greenland,greenland-outlets-v1,gate-01,15,-169627.50,-3143092.50,-0.139044586,0.990286122,120.000,1.065578824,2021-01,annual,8.309348,0.000000,41.401421,6566
greenland,greenland-outlets-v1,gate-01,16,-169747.50,-3143092.50,-0.139044586,0.990286122,120.000,1.065579354,2021-01,annual,8.423607,0.000000,41.269455,6497
greenland,greenland-outlets-v1,gate-01,17,-169867.50,-3143092.50,-0.139044586,0.990286122,120.000,1.065579884,2021-01,annual,7.995912,0.000000,38.002277,6464
greenland,greenland-outlets-v1,gate-01,18,-169987.50,-3143092.50,-0.139044586,0.990286122,120.000,1.065580415,2021-01,annual,6.960054,0.000000,34.709568,6468
greenland,greenland-outlets-v1,gate-01,19,-170107.50,-3143092.50,-0.139044586,0.990286122,120.000,1.065580946,2021-01,annual,6.775192,0.000000,34.421787,6407
greenland,greenland-outlets-v1,gate-01,20,-170227.50,-3143092.50,-0.139044586,0.990286122,120.000,1.065581478,2021-01,annual,5.453528,0.000000,33.770321,6409
greenland,greenland-outlets-v1,gate-01,21,-170347.50,-3143092.50,-0.139044586,0.990286122,120.000,1.065582010,2021-01,annual,4.507827,0.000000,31.310135,6307
greenland,greenland-outlets-v1,gate-01,22,-170467.50,-3143212.50,-0.139044586,0.990286122,120.000,1.065592360,2021-01,annual,0.953833,0.000000,18.900761,4767
greenland,greenland-outlets-v1,gate-01,23,-170587.50,-3143212.50,-0.139044586,0.990286122,120.000,1.065592893,2021-01,annual,-0.764767,0.000000,19.188473,4681
greenland,greenland-outlets-v1,gate-01,24,-170707.50,-3143212.50,-0.139044586,0.990286122,120.000,1.065593426,2021-01,annual,-0.542421,0.000000,20.058392,4722
greenland,greenland-outlets-v1,gate-01,25,-170827.50,-3143212.50,-0.139044586,0.990286122,120.000,1.065593959,2021-01,annual,-0.468361,0.000000,17.525898,4712
greenland,greenland-outlets-v1,gate-01,26,-170947.50,-3143212.50,-0.139044586,0.990286122,120.000,1.065594493,2021-01,annual,-1.459434,0.000000,15.347777,5244
greenland,greenland-outlets-v1,gate-01,27,-171067.50,-3143212.50,-0.139044586,0.990286122,120.000,1.065595027,2021-01,annual,-1.701446,0.000000,16.640736,5284
greenland,greenland-outlets-v1,gate-01,28,-171187.50,-3143212.50,-0.139044586,0.990286122,120.000,1.065595561,2021-01,annual,-2.931211,0.000000,19.697708,5328
greenland,greenland-outlets-v1,gate-01,29,-172387.50,-3143452.50,-0.139044586,0.990286122,120.000,1.065620564,2021-01,annual,-3.826037,0.000000,5.168322,5682
greenland,greenland-outlets-v1,gate-01,30,-172507.50,-3143452.50,-0.139044586,0.990286122,120.000,1.065621103,2021-01,annual,-3.791388,0.000000,4.739136,5601
greenland,greenland-outlets-v1,gate-01,31,-172627.50,-3143452.50,-0.139044586,0.990286122,120.000,1.065621642,2021-01,annual,-2.935659,0.000000,4.084311,5862
greenland,greenland-outlets-v1,gate-01,32,-172747.50,-3143452.50,-0.139044586,0.990286122,120.000,1.065622181,2021-01,annual,-2.374964,0.000000,3.382719,5974
greenland,greenland-outlets-v1,gate-01,33,-172867.50,-3143452.50,-0.139044586,0.990286122,120.000,1.065622721,2021-01,annual,-2.774248,0.000000,2.838048,6113
greenland,greenland-outlets-v1,gate-02,34,-196387.50,-2272852.50,-0.999160466,0.040967840,120.000,1.005265518,2021-01,annual,12057.099843,265.000000,12077.719727,126
greenland,greenland-outlets-v1,gate-02,35,-196387.50,-2272972.50,-0.999160466,0.040967840,120.000,1.005272409,2021-01,annual,12048.756859,264.000000,12067.511719,131
greenland,greenland-outlets-v1,gate-02,36,-196387.50,-2273092.50,-0.999160466,0.040967840,120.000,1.005279300,2021-01,annual,12032.166283,275.000000,12050.446289,126
greenland,greenland-outlets-v1,gate-02,37,-196387.50,-2273212.50,-0.999160466,0.040967840,120.000,1.005286191,2021-01,annual,11767.185209,265.000000,11790.725586,131
greenland,greenland-outlets-v1,gate-02,38,-196387.50,-2273332.50,-0.999160466,0.040967840,120.000,1.005293083,2021-01,annual,11632.700726,295.000000,11658.554688,127
greenland,greenland-outlets-v1,gate-02,39,-196387.50,-2273452.50,-0.999160466,0.040967840,120.000,1.005299976,2021-01,annual,11680.536461,312.000000,11703.607422,108
greenland,greenland-outlets-v1,gate-02,40,-196387.50,-2273572.50,-0.999160466,0.040967840,120.000,1.005306868,2021-01,annual,11362.610399,389.000000,11379.820312,68
greenland,greenland-outlets-v1,gate-02,41,-196387.50,-2273692.50,-0.999160466,0.040967840,120.000,1.005313762,2021-01,annual,9853.034808,420.000000,9868.316406,55
greenland,greenland-outlets-v1,gate-02,42,-196387.50,-2273812.50,-0.999160466,0.040967840,120.000,1.005320655,2021-01,annual,10111.633590,548.000000,10128.200195,48
greenland,greenland-outlets-v1,gate-02,43,-196387.50,-2273932.50,-0.999160466,0.040967840,120.000,1.005327549,2021-01,annual,8628.677476,682.000000,8642.478516,41
greenland,greenland-outlets-v1,gate-02,44,-196387.50,-2274052.50,-0.999160466,0.040967840,120.000,1.005334443,2021-01,annual,6392.963137,624.000000,6419.587402,28
greenland,greenland-outlets-v1,gate-02,45,-196387.50,-2274172.50,-0.999160466,0.040967840,120.000,1.005341338,2021-01,annual,4081.006595,597.000000,4101.028809,24
greenland,greenland-outlets-v1,gate-02,46,-196387.50,-2274292.50,-0.999160466,0.040967840,120.000,1.005348233,2021-01,annual,725.084344,243.000000,732.624512,44
greenland,greenland-outlets-v1,gate-02,47,-196507.50,-2274412.50,-0.999160466,0.040967840,120.000,1.005355724,2021-01,annual,526.986634,141.000000,527.501282,51
greenland,greenland-outlets-v1,gate-02,48,-196507.50,-2274532.50,-0.999160466,0.040967840,120.000,1.005362620,2021-01,annual,475.368283,68.000000,483.556519,69
greenland,greenland-outlets-v1,gate-02,49,-196507.50,-2274652.50,-0.999160466,0.040967840,120.000,1.005369516,2021-01,annual,601.139411,59.000000,677.397034,82
greenland,greenland-outlets-v1,gate-02,50,-196507.50,-2274772.50,-0.999160466,0.040967840,120.000,1.005376413,2021-01,annual,663.085618,57.000000,810.360474,85
greenland,greenland-outlets-v1,gate-02,51,-196507.50,-2274892.50,-0.999160466,0.040967840,120.000,1.005383310,2021-01,annual,1347.269402,48.000000,1667.181885,97
greenland,greenland-outlets-v1,gate-02,52,-196507.50,-2275012.50,-0.999160466,0.040967840,120.000,1.005390207,2021-01,annual,1405.279229,48.000000,1988.230225,109
greenland,greenland-outlets-v1,gate-02,53,-196507.50,-2275132.50,-0.999160466,0.040967840,120.000,1.005397105,2021-01,annual,2770.784333,33.000000,3326.723633,123
greenland,greenland-outlets-v1,gate-02,54,-196507.50,-2275252.50,-0.999160466,0.040967840,120.000,1.005404003,2021-01,annual,2794.019832,33.000000,3491.146240,137
greenland,greenland-outlets-v1,gate-02,55,-196507.50,-2275372.50,-0.999160466,0.040967840,120.000,1.005410901,2021-01,annual,5324.361618,7.000000,6011.094238,179
greenland,greenland-outlets-v1,gate-02,56,-196507.50,-2275492.50,-0.999160466,0.040967840,120.000,1.005417800,2021-01,annual,5206.221074,6.000000,5881.287598,206
greenland,greenland-outlets-v1,gate-02,57,-196507.50,-2275612.50,-0.999160466,0.040967840,120.000,1.005424700,2021-01,annual,5277.200422,4.000000,6015.170410,280
greenland,greenland-outlets-v1,gate-02,58,-196507.50,-2275732.50,-0.999160466,0.040967840,120.000,1.005431599,2021-01,annual,5129.742259,4.000000,5891.853027,298
greenland,greenland-outlets-v1,gate-02,59,-196507.50,-2275852.50,-0.999160466,0.040967840,120.000,1.005438500,2021-01,annual,5041.453857,3.000000,5826.208496,324
greenland,greenland-outlets-v1,gate-03,60,-324907.50,-1773052.50,-0.960147262,-0.279494607,120.000,0.980723532,2021-01,annual,2371.837178,35.000000,3063.667725,133
greenland,greenland-outlets-v1,gate-03,61,-324907.50,-1773172.50,-0.960147262,-0.279494607,120.000,0.980728839,2021-01,annual,2249.703641,35.000000,2943.559570,134
greenland,greenland-outlets-v1,gate-03,62,-324787.50,-1773292.50,-0.960147262,-0.279494607,120.000,0.980733175,2021-01,annual,2232.740908,35.000000,2963.748535,133
greenland,greenland-outlets-v1,gate-03,63,-324787.50,-1773412.50,-0.960147262,-0.279494607,120.000,0.980738484,2021-01,annual,2141.377178,35.000000,2894.423828,133
greenland,greenland-outlets-v1,gate-03,64,-324787.50,-1773532.50,-0.960147262,-0.279494607,120.000,0.980743793,2021-01,annual,2066.286404,35.000000,2809.389160,131
greenland,greenland-outlets-v1,gate-03,65,-324787.50,-1773652.50,-0.960147262,-0.279494607,120.000,0.980749102,2021-01,annual,1947.036736,38.000000,2613.114502,124
greenland,greenland-outlets-v1,gate-03,66,-324667.50,-1773772.50,-0.960147262,-0.279494607,120.000,0.980753440,2021-01,annual,1201.327830,37.000000,1800.472046,123
greenland,greenland-outlets-v1,gate-03,67,-324667.50,-1773892.50,-0.960147262,-0.279494607,120.000,0.980758750,2021-01,annual,976.416203,39.000000,1485.329224,122
greenland,greenland-outlets-v1,gate-03,68,-324667.50,-1774012.50,-0.960147262,-0.279494607,120.000,0.980764060,2021-01,annual,583.432452,28.000000,928.753235,154
greenland,greenland-outlets-v1,gate-03,69,-324547.50,-1774132.50,-0.960147262,-0.279494607,120.000,0.980768399,2021-01,annual,514.871186,22.000000,833.747192,184
greenland,greenland-outlets-v1,gate-03,70,-324547.50,-1774252.50,-0.960147262,-0.279494607,120.000,0.980773711,2021-01,annual,403.438053,20.000000,611.156250,199
greenland,greenland-outlets-v1,gate-03,71,-324547.50,-1774372.50,-0.960147262,-0.279494607,120.000,0.980779022,2021-01,annual,350.502275,20.000000,449.764130,198
greenland,greenland-outlets-v1,gate-03,72,-324547.50,-1774492.50,-0.960147262,-0.279494607,120.000,0.980784334,2021-01,annual,271.636347,20.000000,298.713104,195
greenland,greenland-outlets-v1,gate-03,73,-324427.50,-1774492.50,-0.960147262,-0.279494607,120.000,0.980783363,2021-01,annual,341.592905,19.000000,378.863953,204
greenland,greenland-outlets-v1,gate-03,74,-324427.50,-1774612.50,-0.960147262,-0.279494607,120.000,0.980788675,2021-01,annual,301.349240,19.000000,302.459900,199
greenland,greenland-outlets-v1,gate-03,75,-324427.50,-1774732.50,-0.960147262,-0.279494607,120.000,0.980793988,2021-01,annual,280.532289,23.000000,284.115234,179
greenland,greenland-outlets-v1,gate-03,76,-324427.50,-1774852.50,-0.960147262,-0.279494607,120.000,0.980799301,2021-01,annual,314.984435,29.000000,316.366028,128
greenland,greenland-outlets-v1,gate-03,77,-324307.50,-1774972.50,-0.960147262,-0.279494607,120.000,0.980803643,2021-01,annual,600.639713,87.000000,600.639893,39
greenland,greenland-outlets-v1,gate-03,78,-324307.50,-1775092.50,-0.960147262,-0.279494607,120.000,0.980808957,2021-01,annual,1135.983887,108.000000,1149.827271,26
greenland,greenland-outlets-v1,gate-03,79,-324307.50,-1775212.50,-0.960147262,-0.279494607,120.000,0.980814271,2021-01,annual,6935.421578,108.000000,7203.782715,24
greenland,greenland-outlets-v1,gate-03,80,-324187.50,-1775332.50,-0.960147262,-0.279494607,120.000,0.980818615,2021-01,annual,6592.196277,86.000000,6994.637695,32
greenland,greenland-outlets-v1,gate-03,81,-324187.50,-1775452.50,-0.960147262,-0.279494607,120.000,0.980823930,2021-01,annual,7796.934628,65.000000,8226.575195,23
greenland,greenland-outlets-v1,gate-03,82,-324187.50,-1775572.50,-0.960147262,-0.279494607,120.000,0.980829245,2021-01,annual,7071.783233,62.000000,7509.346680,40
greenland,greenland-outlets-v1,gate-03,83,-324187.50,-1775692.50,-0.960147262,-0.279494607,120.000,0.980834561,2021-01,annual,6906.654813,61.000000,7381.291504,43
greenland,greenland-outlets-v1,gate-03,84,-324067.50,-1775812.50,-0.960147262,-0.279494607,120.000,0.980838907,2021-01,annual,6920.935977,67.000000,7425.655762,40
greenland,greenland-outlets-v1,gate-03,85,-324067.50,-1775932.50,-0.960147262,-0.279494607,120.000,0.980844223,2021-01,annual,6370.358435,68.000000,6978.693848,38
greenland,greenland-outlets-v1,gate-04,86,183652.50,-2727652.50,0.502097806,-0.864810843,120.000,1.034142090,2021-01,annual,4.704765,1.000000,4.774951,1189
greenland,greenland-outlets-v1,gate-04,87,183772.50,-2727532.50,0.502097806,-0.864810843,120.000,1.034134265,2021-01,annual,12676.836091,563.000000,12677.179688,9
greenland,greenland-outlets-v1,gate-04,88,183892.50,-2727532.50,0.502097806,-0.864810843,120.000,1.034134831,2021-01,annual,14990.752449,530.000000,15018.999023,10
greenland,greenland-outlets-v1,gate-04,89,183892.50,-2727412.50,0.502097806,-0.864810843,120.000,1.034126441,2021-01,annual,1693.570063,140.000000,1757.805786,24
greenland,greenland-outlets-v1,gate-04,90,184012.50,-2727412.50,0.502097806,-0.864810843,120.000,1.034127007,2021-01,annual,10565.267908,214.000000,10575.489258,22
greenland,greenland-outlets-v1,gate-04,91,185812.50,-2726332.50,0.502097806,-0.864810843,120.000,1.034060049,2021-01,annual,11497.439057,166.000000,11498.310547,28
greenland,greenland-outlets-v1,gate-04,92,185932.50,-2726212.50,0.502097806,-0.864810843,120.000,1.034052235,2021-01,annual,11287.020932,211.000000,11287.387695,21
greenland,greenland-outlets-v1,gate-04,93,186052.50,-2726212.50,0.502097806,-0.864810843,120.000,1.034052807,2021-01,annual,8682.106442,219.000000,8686.067383,20
greenland,greenland-outlets-v1,gate-04,94,186172.50,-2726092.50,0.502097806,-0.864810843,120.000,1.034044995,2021-01,annual,267.897852,44.000000,268.560699,119
greenland,greenland-outlets-v1,gate-04,95,186172.50,-2726092.50,0.502097806,-0.864810843,120.000,1.034044995,2021-01,annual,267.897852,44.000000,268.560699,119
greenland,greenland-outlets-v1,gate-04,96,186292.50,-2725972.50,0.502097806,-0.864810843,120.000,1.034037183,2021-01,annual,-77.599819,31.000000,508.388855,190
greenland,greenland-outlets-v1,gate-04,97,186412.50,-2725972.50,0.502097806,-0.864810843,120.000,1.034037756,2021-01,annual,-67.774957,9.000000,512.759399,565
greenland,greenland-outlets-v1,gate-04,98,186532.50,-2725852.50,0.502097806,-0.864810843,120.000,1.034029945,2021-01,annual,-64.565490,7.000000,620.331238,702
greenland,greenland-outlets-v1,gate-04,99,186652.50,-2725852.50,0.502097806,-0.864810843,120.000,1.034030519,2021-01,annual,-69.019700,6.000000,536.155823,824
greenland,greenland-outlets-v1,gate-04,100,186772.50,-2725732.50,0.502097806,-0.864810843,120.000,1.034022709,2021-01,annual,-90.693880,5.000000,556.775146,867
greenland,greenland-outlets-v1,gate-04,101,186892.50,-2725732.50,0.502097806,-0.864810843,120.000,1.034023284,2021-01,annual,-71.854832,4.000000,448.842438,998
greenland,greenland-outlets-v1,gate-04,102,187012.50,-2725612.50,0.502097806,-0.864810843,120.000,1.034015475,2021-01,annual,-125.208571,4.000000,503.528015,997
greenland,greenland-outlets-v1,gate-04,103,187012.50,-2725612.50,0.502097806,-0.864810843,120.000,1.034015475,2021-01,annual,-125.208571,4.000000,503.528015,997
greenland,greenland-outlets-v1,gate-04,104,187132.50,-2725492.50,0.502097806,-0.864810843,120.000,1.034007667,2021-01,annual,-174.630958,4.000000,546.189453,1010
greenland,greenland-outlets-v1,gate-04,105,187252.50,-2725492.50,0.502097806,-0.864810843,120.000,1.034008243,2021-01,annual,-174.780450,4.000000,515.620361,1050
greenland,greenland-outlets-v1,gate-04,106,187372.50,-2725372.50,0.502097806,-0.864810843,120.000,1.034000436,2021-01,annual,-177.501705,3.000000,530.034790,1071
greenland,greenland-outlets-v1,gate-04,107,187492.50,-2725372.50,0.502097806,-0.864810843,120.000,1.034001013,2021-01,annual,-166.056592,3.000000,499.466919,1080
greenland,greenland-outlets-v1,gate-04,108,187612.50,-2725252.50,0.502097806,-0.864810843,120.000,1.033993207,2021-01,annual,-161.010851,3.000000,514.570923,1065
greenland,greenland-outlets-v1,gate-04,109,187732.50,-2725252.50,0.502097806,-0.864810843,120.000,1.033993784,2021-01,annual,-160.896370,3.000000,485.507202,1068
greenland,greenland-outlets-v1,gate-04,110,187732.50,-2725132.50,0.502097806,-0.864810843,120.000,1.033985402,2021-01,annual,-178.658105,4.000000,529.287231,1033
greenland,greenland-outlets-v1,gate-04,111,187852.50,-2725132.50,0.502097806,-0.864810843,120.000,1.033985980,2021-01,annual,-172.864320,3.000000,469.375854,1062
greenland,greenland-outlets-v1,gate-04,112,187972.50,-2725012.50,0.502097806,-0.864810843,120.000,1.033978176,2021-01,annual,-166.141935,4.000000,445.330475,951
greenland,greenland-outlets-v1,gate-04,113,188092.50,-2725012.50,0.502097806,-0.864810843,120.000,1.033978754,2021-01,annual,-165.010671,3.000000,407.161804,946
greenland,greenland-outlets-v1,gate-04,114,188212.50,-2724892.50,0.502097806,-0.864810843,120.000,1.033970952,2021-01,annual,-171.139741,3.000000,400.427002,899
greenland,greenland-outlets-v1,gate-04,115,188332.50,-2724892.50,0.502097806,-0.864810843,120.000,1.033971531,2021-01,annual,-178.512183,4.000000,379.645630,760
greenland,greenland-outlets-v1,gate-04,116,188452.50,-2724772.50,0.502097806,-0.864810843,120.000,1.033963730,2021-01,annual,-176.025382,4.000000,392.056580,659
greenland,greenland-outlets-v1,gate-05,117,494332.50,-2296372.50,0.931437169,-0.363902185,120.000,1.009226686,2021-01,annual,8413.392952,21.000000,8413.472656,362
greenland,greenland-outlets-v1,gate-05,118,495412.50,-2293612.50,0.931437169,-0.363902185,120.000,1.009079871,2021-01,annual,8701.211485,5.000000,8702.000977,679
greenland,greenland-outlets-v1,gate-05,119,495412.50,-2293492.50,0.931437169,-0.363902185,120.000,1.009072904,2021-01,annual,8646.246638,5.000000,8647.103516,679
greenland,greenland-outlets-v1,gate-05,120,495532.50,-2293372.50,0.931437169,-0.363902185,120.000,1.009067443,2021-01,annual,8582.057522,5.000000,8582.530273,684
greenland,greenland-outlets-v1,gate-05,121,495532.50,-2293252.50,0.931437169,-0.363902185,120.000,1.009060477,2021-01,annual,8558.217939,5.000000,8558.775391,685
greenland,greenland-outlets-v1,gate-05,122,495532.50,-2293132.50,0.931437169,-0.363902185,120.000,1.009053511,2021-01,annual,8443.544111,5.000000,8443.968750,678
greenland,greenland-outlets-v1,gate-05,123,495652.50,-2293012.50,0.931437169,-0.363902185,120.000,1.009048051,2021-01,annual,8140.919897,5.000000,8140.992676,655
greenland,greenland-outlets-v1,gate-05,124,495652.50,-2292892.50,0.931437169,-0.363902185,120.000,1.009041086,2021-01,annual,7980.945969,5.000000,7980.949707,652
greenland,greenland-outlets-v1,gate-05,125,495772.50,-2292772.50,0.931437169,-0.363902185,120.000,1.009035627,2021-01,annual,7571.173845,6.000000,7571.998535,596
greenland,greenland-outlets-v1,gate-05,126,495772.50,-2292772.50,0.931437169,-0.363902185,120.000,1.009035627,2021-01,annual,7571.173845,6.000000,7571.998535,596
greenland,greenland-outlets-v1,gate-05,127,495772.50,-2292652.50,0.931437169,-0.363902185,120.000,1.009028663,2021-01,annual,6072.613516,18.000000,6073.542969,446
greenland,greenland-outlets-v1,gate-05,128,495892.50,-2292532.50,0.931437169,-0.363902185,120.000,1.009023206,2021-01,annual,6206.434277,11.000000,6206.557129,504
greenland,greenland-outlets-v1,gate-05,129,495892.50,-2292412.50,0.931437169,-0.363902185,120.000,1.009016242,2021-01,annual,6125.894614,11.000000,6126.280762,485
greenland,greenland-outlets-v1,gate-05,130,495892.50,-2292292.50,0.931437169,-0.363902185,120.000,1.009009279,2021-01,annual,2905.977589,40.000000,2927.656982,201
greenland,greenland-outlets-v1,gate-05,131,496012.50,-2292172.50,0.931437169,-0.363902185,120.000,1.009003823,2021-01,annual,607.964773,9.000000,611.688049,570
greenland,greenland-outlets-v1,gate-05,132,496012.50,-2292052.50,0.931437169,-0.363902185,120.000,1.008996861,2021-01,annual,487.622873,7.000000,493.112823,614
greenland,greenland-outlets-v1,gate-05,133,496012.50,-2291932.50,0.931437169,-0.363902185,120.000,1.008989899,2021-01,annual,260.497301,6.000000,274.802917,631
greenland,greenland-outlets-v1,gate-05,134,496132.50,-2291812.50,0.931437169,-0.363902185,120.000,1.008984444,2021-01,annual,286.221639,6.000000,292.340454,648
greenland,greenland-outlets-v1,gate-05,135,496132.50,-2291692.50,0.931437169,-0.363902185,120.000,1.008977483,2021-01,annual,151.909347,6.000000,165.045609,644
greenland,greenland-outlets-v1,gate-05,136,496252.50,-2291572.50,0.931437169,-0.363902185,120.000,1.008972030,2021-01,annual,38.140570,5.000000,89.958015,726
greenland,greenland-outlets-v1,gate-05,137,496252.50,-2291452.50,0.931437169,-0.363902185,120.000,1.008965070,2021-01,annual,12.259644,4.000000,75.766205,855
greenland,greenland-outlets-v1,gate-05,138,496252.50,-2291332.50,0.931437169,-0.363902185,120.000,1.008958110,2021-01,annual,17.856136,1.000000,58.028446,1141
greenland,greenland-outlets-v1,gate-05,139,496372.50,-2291212.50,0.931437169,-0.363902185,120.000,1.008952658,2021-01,annual,18.664843,1.000000,32.840652,1580
greenland,greenland-outlets-v1,gate-05,140,496372.50,-2291212.50,0.931437169,-0.363902185,120.000,1.008952658,2021-01,annual,18.664843,1.000000,32.840652,1580
greenland,greenland-outlets-v1,gate-05,141,496372.50,-2291092.50,0.931437169,-0.363902185,120.000,1.008945699,2021-01,annual,13.954979,1.000000,21.951597,1700
greenland,greenland-outlets-v1,gate-05,142,496492.50,-2290972.50,0.931437169,-0.363902185,120.000,1.008940248,2021-01,annual,2.480917,1.000000,8.532258,1868
greenland,greenland-outlets-v1,gate-05,143,496492.50,-2290852.50,0.931437169,-0.363902185,120.000,1.008933289,2021-01,annual,2.313002,0.000000,5.134226,2500
greenland,greenland-outlets-v1,gate-06,144,-328987.50,-1718692.50,-0.815309184,-0.579025850,120.000,0.978390724,2021-01,annual,-2.260300,0.000000,3.454016,1626
greenland,greenland-outlets-v1,gate-06,145,-328987.50,-1718812.50,-0.815309184,-0.579025850,120.000,0.978395863,2021-01,annual,-2.561502,1.000000,3.809444,334
greenland,greenland-outlets-v1,gate-06,146,-328867.50,-1718932.50,-0.815309184,-0.579025850,120.000,0.978400019,2021-01,annual,166.782433,21.000000,180.865219,151
greenland,greenland-outlets-v1,gate-06,147,-328747.50,-1718932.50,-0.815309184,-0.579025850,120.000,0.978399036,2021-01,annual,367.021483,53.000000,394.800629,142
greenland,greenland-outlets-v1,gate-06,148,-328747.50,-1719052.50,-0.815309184,-0.579025850,120.000,0.978404175,2021-01,annual,570.333420,140.000000,647.522766,146
greenland,greenland-outlets-v1,gate-06,149,-328627.50,-1719172.50,-0.815309184,-0.579025850,120.000,0.978408333,2021-01,annual,962.809678,166.000000,979.163696,107
greenland,greenland-outlets-v1,gate-06,150,-328627.50,-1719292.50,-0.815309184,-0.579025850,120.000,0.978413473,2021-01,annual,576.169645,138.000000,651.072754,149
greenland,greenland-outlets-v1,gate-06,151,-328507.50,-1719412.50,-0.815309184,-0.579025850,120.000,0.978417631,2021-01,annual,492.892797,136.000000,535.935242,150
greenland,greenland-outlets-v1,gate-06,152,-328507.50,-1719412.50,-0.815309184,-0.579025850,120.000,0.978417631,2021-01,annual,492.892797,136.000000,535.935242,150
greenland,greenland-outlets-v1,gate-06,153,-328387.50,-1719532.50,-0.815309184,-0.579025850,120.000,0.978421790,2021-01,annual,577.816488,144.000000,614.845581,132
greenland,greenland-outlets-v1,gate-06,154,-328267.50,-1719652.50,-0.815309184,-0.579025850,120.000,0.978425950,2021-01,annual,739.018961,155.000000,752.104065,111
greenland,greenland-outlets-v1,gate-06,155,-328267.50,-1719772.50,-0.815309184,-0.579025850,120.000,0.978431092,2021-01,annual,1095.507563,188.000000,1096.614014,74
greenland,greenland-outlets-v1,gate-06,156,-328147.50,-1719892.50,-0.815309184,-0.579025850,120.000,0.978435253,2021-01,annual,1607.137910,205.000000,1612.016235,65
greenland,greenland-outlets-v1,gate-06,157,-328147.50,-1719892.50,-0.815309184,-0.579025850,120.000,0.978435253,2021-01,annual,1607.137910,205.000000,1612.016235,65
greenland,greenland-outlets-v1,gate-06,158,-328027.50,-1720012.50,-0.815309184,-0.579025850,120.000,0.978439414,2021-01,annual,178.918602,214.000000,1323.619995,42
greenland,greenland-outlets-v1,gate-06,159,-327907.50,-1720132.50,-0.815309184,-0.579025850,120.000,0.978443576,2021-01,annual,2782.130824,261.000000,2977.110352,41
greenland,greenland-outlets-v1,gate-06,160,-327907.50,-1720252.50,-0.815309184,-0.579025850,120.000,0.978448720,2021-01,annual,2259.609266,268.000000,2533.756592,38
greenland,greenland-outlets-v1,gate-06,161,-327787.50,-1720372.50,-0.815309184,-0.579025850,120.000,0.978452883,2021-01,annual,3005.711950,339.000000,3445.849609,34
greenland,greenland-outlets-v1,gate-06,162,-327787.50,-1720492.50,-0.815309184,-0.579025850,120.000,0.978458027,2021-01,annual,4547.222250,337.000000,5046.861816,33
greenland,greenland-outlets-v1,gate-06,163,-327667.50,-1720492.50,-0.815309184,-0.579025850,120.000,0.978457047,2021-01,annual,4858.306194,324.000000,5050.266602,34
greenland,greenland-outlets-v1,gate-06,164,-327667.50,-1720612.50,-0.815309184,-0.579025850,120.000,0.978462192,2021-01,annual,3722.265316,230.000000,3726.509277,45
greenland,greenland-outlets-v1,gate-06,165,-327547.50,-1720732.50,-0.815309184,-0.579025850,120.000,0.978466357,2021-01,annual,8457.237568,343.000000,8524.548828,25
greenland,greenland-outlets-v1,gate-07,166,314812.50,-2575852.50,0.995898935,-0.090472708,120.000,1.024683918,2021-01,annual,8151.876810,31.000000,8157.638672,211
greenland,greenland-outlets-v1,gate-07,167,314812.50,-2575732.50,0.995898935,-0.090472708,120.000,1.024676032,2021-01,annual,8238.061342,33.000000,8241.766602,200
greenland,greenland-outlets-v1,gate-07,168,314812.50,-2575612.50,0.995898935,-0.090472708,120.000,1.024668146,2021-01,annual,8418.047885,38.000000,8424.508789,63
greenland,greenland-outlets-v1,gate-07,169,314812.50,-2575492.50,0.995898935,-0.090472708,120.000,1.024660261,2021-01,annual,1030.712140,15.000000,1048.272583,70
greenland,greenland-outlets-v1,gate-08,170,-62947.50,-3181372.50,0.915217150,-0.402961001,120.000,1.068408715,2021-01,annual,0.272534,0.000000,1.626055,3616
greenland,greenland-outlets-v1,gate-08,171,-62947.50,-3181252.50,0.915217150,-0.402961001,120.000,1.068398764,2021-01,annual,1.115387,0.000000,1.465371,3393
greenland,greenland-outlets-v1,gate-08,172,-62827.50,-3181132.50,0.915217150,-0.402961001,120.000,1.068388618,2021-01,annual,1.343883,0.000000,1.851011,3988
greenland,greenland-outlets-v1,gate-08,173,-62827.50,-3181012.50,0.915217150,-0.402961001,120.000,1.068378668,2021-01,annual,1.383761,0.000000,1.997740,3919
greenland,greenland-outlets-v1,gate-08,174,-62707.50,-3180892.50,0.915217150,-0.402961001,120.000,1.068368523,2021-01,annual,1.493218,0.000000,1.885205,3983
greenland,greenland-outlets-v1,gate-08,175,-62707.50,-3180772.50,0.915217150,-0.402961001,120.000,1.068358574,2021-01,annual,1.739532,0.000000,2.348983,3983
greenland,greenland-outlets-v1,gate-08,176,-62707.50,-3180652.50,0.915217150,-0.402961001,120.000,1.068348625,2021-01,annual,2.131118,0.000000,2.843796,3968
greenland,greenland-outlets-v1,gate-08,177,-62107.50,-3179452.50,0.915217150,-0.402961001,120.000,1.068248190,2021-01,annual,27.762783,1.000000,36.551769,835
greenland,greenland-outlets-v1,gate-08,178,-62107.50,-3179332.50,0.915217150,-0.402961001,120.000,1.068238246,2021-01,annual,32.466809,1.000000,40.878963,700
greenland,greenland-outlets-v1,gate-08,179,-61987.50,-3179212.50,0.915217150,-0.402961001,120.000,1.068228109,2021-01,annual,35.556655,1.000000,40.719337,674
greenland,greenland-outlets-v1,gate-08,180,-61987.50,-3179212.50,0.915217150,-0.402961001,120.000,1.068228109,2021-01,annual,35.556655,1.000000,40.719337,674
greenland,greenland-outlets-v1,gate-08,181,-61987.50,-3179092.50,0.915217150,-0.402961001,120.000,1.068218166,2021-01,annual,10856.315783,186.000000,10858.148438,24
greenland,greenland-outlets-v1,gate-08,182,-61867.50,-3178972.50,0.915217150,-0.402961001,120.000,1.068208030,2021-01,annual,10691.657922,112.000000,10695.143555,42
greenland,greenland-outlets-v1,gate-08,183,-61867.50,-3178852.50,0.915217150,-0.402961001,120.000,1.068198088,2021-01,annual,10706.949781,96.000000,10712.259766,51
greenland,greenland-outlets-v1,gate-08,184,-61747.50,-3178732.50,0.915217150,-0.402961001,120.000,1.068187953,2021-01,annual,10574.123315,78.000000,10575.036133,56
greenland,greenland-outlets-v1,gate-08,185,-61747.50,-3178612.50,0.915217150,-0.402961001,120.000,1.068178012,2021-01,annual,10777.819171,87.000000,10778.940430,53
greenland,greenland-outlets-v1,gate-08,186,-61747.50,-3178492.50,0.915217150,-0.402961001,120.000,1.068168071,2021-01,annual,4825.389648,67.000000,4855.759766,54
greenland,greenland-outlets-v1,gate-08,187,-61627.50,-3178372.50,0.915217150,-0.402961001,120.000,1.068157938,2021-01,annual,1.159899,0.000000,1.250744,1556
greenland,greenland-outlets-v1,gate-09,188,191212.50,-2757412.50,0.391380699,0.920228856,120.000,1.036271676,2021-01,annual,4235.829670,68.000000,4249.812988,68
greenland,greenland-outlets-v1,gate-09,189,191092.50,-2757412.50,0.391380699,0.920228856,120.000,1.036271088,2021-01,annual,4696.276671,62.000000,4706.939941,77
greenland,greenland-outlets-v1,gate-09,190,190972.50,-2757412.50,0.391380699,0.920228856,120.000,1.036270500,2021-01,annual,4423.978621,86.000000,4426.296875,73
greenland,greenland-outlets-v1,gate-09,191,190852.50,-2757292.50,0.391380699,0.920228856,120.000,1.036261421,2021-01,annual,6890.593301,88.000000,6896.745117,55
greenland,greenland-outlets-v1,gate-09,192,190732.50,-2757292.50,0.391380699,0.920228856,120.000,1.036260834,2021-01,annual,7168.850086,87.000000,7171.676270,58
greenland,greenland-outlets-v1,gate-09,193,190732.50,-2757172.50,0.391380699,0.920228856,120.000,1.036252344,2021-01,annual,8387.754867,20.000000,8389.077148,132
greenland,greenland-outlets-v1,gate-09,194,190612.50,-2757172.50,0.391380699,0.920228856,120.000,1.036251756,2021-01,annual,8728.368276,19.000000,8728.379883,136
greenland,greenland-outlets-v1,gate-09,195,190492.50,-2757172.50,0.391380699,0.920228856,120.000,1.036251170,2021-01,annual,8839.787809,20.000000,8839.863281,137
greenland,greenland-outlets-v1,gate-09,196,190372.50,-2757052.50,0.391380699,0.920228856,120.000,1.036242094,2021-01,annual,8850.746045,21.000000,8850.750977,134
greenland,greenland-outlets-v1,gate-09,197,190252.50,-2757052.50,0.391380699,0.920228856,120.000,1.036241507,2021-01,annual,8723.436813,23.000000,8724.121094,122
greenland,greenland-outlets-v1,gate-09,198,190132.50,-2756932.50,0.391380699,0.920228856,120.000,1.036232433,2021-01,annual,8651.342487,26.000000,8670.496094,106
greenland,greenland-outlets-v1,gate-09,199,190012.50,-2756932.50,0.391380699,0.920228856,120.000,1.036231847,2021-01,annual,8502.012629,26.000000,8563.263672,108
greenland,greenland-outlets-v1,gate-09,200,189892.50,-2756932.50,0.391380699,0.920228856,120.000,1.036231262,2021-01,annual,8326.741748,24.000000,8503.259766,115
greenland,greenland-outlets-v1,gate-10,201,-244747.50,-2776372.50,-0.883452245,0.468521218,120.000,1.037917946,2021-01,annual,2.478582,0.000000,2.504715,849
greenland,greenland-outlets-v1,gate-10,202,-244747.50,-2776492.50,-0.883452245,0.468521218,120.000,1.037926502,2021-01,annual,0.730288,0.000000,0.889867,1191
greenland,greenland-outlets-v1,gate-10,203,-244747.50,-2776612.50,-0.883452245,0.468521218,120.000,1.037935059,2021-01,annual,0.400196,0.000000,0.428007,2128
greenland,greenland-outlets-v1,gate-10,204,-244867.50,-2776732.50,-0.883452245,0.468521218,120.000,1.037944370,2021-01,annual,1863.418916,78.000000,1868.541504,65
greenland,greenland-outlets-v1,gate-10,205,-244867.50,-2776732.50,-0.883452245,0.468521218,120.000,1.037944370,2021-01,annual,1863.418916,78.000000,1868.541504,65
greenland,greenland-outlets-v1,gate-10,206,-244987.50,-2776852.50,-0.883452245,0.468521218,120.000,1.037953683,2021-01,annual,6418.834995,378.000000,6729.394043,9
greenland,greenland-outlets-v1,gate-10,207,-244987.50,-2776972.50,-0.883452245,0.468521218,120.000,1.037962240,2021-01,annual,5572.617589,158.000000,5595.594238,32
greenland,greenland-outlets-v1,gate-10,208,-245107.50,-2777092.50,-0.883452245,0.468521218,120.000,1.037971554,2021-01,annual,7401.565427,130.000000,7414.905273,32
greenland,greenland-outlets-v1,gate-10,209,-245107.50,-2777212.50,-0.883452245,0.468521218,120.000,1.037980113,2021-01,annual,7319.474293,135.000000,7323.119141,28
greenland,greenland-outlets-v1,gate-10,210,-245227.50,-2777332.50,-0.883452245,0.468521218,120.000,1.037989427,2021-01,annual,5438.125960,156.000000,5440.003418,25
greenland,greenland-outlets-v1,gate-10,211,-245227.50,-2777452.50,-0.883452245,0.468521218,120.000,1.037997987,2021-01,annual,5625.983713,145.000000,5626.442383,27
greenland,greenland-outlets-v1,gate-10,212,-245347.50,-2777572.50,-0.883452245,0.468521218,120.000,1.038007303,2021-01,annual,5481.773699,119.000000,5482.619141,37
greenland,greenland-outlets-v1,gate-10,213,-245347.50,-2777572.50,-0.883452245,0.468521218,120.000,1.038007303,2021-01,annual,5481.773699,119.000000,5482.619141,37
greenland,greenland-outlets-v1,gate-10,214,-245467.50,-2777692.50,-0.883452245,0.468521218,120.000,1.038016620,2021-01,annual,5669.637452,122.000000,5674.711914,40
greenland,greenland-outlets-v1,gate-10,215,-245467.50,-2777812.50,-0.883452245,0.468521218,120.000,1.038025180,2021-01,annual,5679.562000,124.000000,5680.067871,39
greenland,greenland-outlets-v1,gate-10,216,-245587.50,-2778052.50,-0.883452245,0.468521218,120.000,1.038043060,2021-01,annual,6835.177201,122.000000,6848.451172,44
greenland,greenland-outlets-v1,gate-10,217,-245587.50,-2778172.50,-0.883452245,0.468521218,120.000,1.038051622,2021-01,annual,6942.989395,124.000000,6960.413574,42
greenland,greenland-outlets-v1,gate-10,218,-245707.50,-2778292.50,-0.883452245,0.468521218,120.000,1.038060942,2021-01,annual,6727.517723,110.000000,6745.651855,48
greenland,greenland-outlets-v1,gate-10,219,-245707.50,-2778412.50,-0.883452245,0.468521218,120.000,1.038069504,2021-01,annual,7024.712355,111.000000,7043.171875,48
greenland,greenland-outlets-v1,gate-10,220,-245827.50,-2778532.50,-0.883452245,0.468521218,120.000,1.038078825,2021-01,annual,6591.947429,118.000000,6597.175781,44
greenland,greenland-outlets-v1,gate-10,221,-245827.50,-2778532.50,-0.883452245,0.468521218,120.000,1.038078825,2021-01,annual,6591.947429,118.000000,6597.175781,44
greenland,greenland-outlets-v1,gate-10,222,-245947.50,-2778652.50,-0.883452245,0.468521218,120.000,1.038088147,2021-01,annual,6746.541329,107.000000,6756.021484,50
greenland,greenland-outlets-v1,gate-10,223,-245947.50,-2778772.50,-0.883452245,0.468521218,120.000,1.038096711,2021-01,annual,6922.120191,107.000000,6931.899902,50
greenland,greenland-outlets-v1,gate-10,224,-246067.50,-2778892.50,-0.883452245,0.468521218,120.000,1.038106033,2021-01,annual,6979.015320,104.000000,6990.334961,51
greenland,greenland-outlets-v1,gate-10,225,-246067.50,-2779012.50,-0.883452245,0.468521218,120.000,1.038114598,2021-01,annual,6974.106186,104.000000,6986.854980,51
greenland,greenland-outlets-v1,gate-10,226,-246187.50,-2779132.50,-0.883452245,0.468521218,120.000,1.038123922,2021-01,annual,6943.103810,112.000000,6953.216309,48
greenland,greenland-outlets-v1,gate-10,227,-246187.50,-2779252.50,-0.883452245,0.468521218,120.000,1.038132488,2021-01,annual,6867.342935,128.000000,6876.225586,42
greenland,greenland-outlets-v1,gate-10,228,-246307.50,-2779372.50,-0.883452245,0.468521218,120.000,1.038141813,2021-01,annual,6279.872350,132.000000,6297.087402,37
greenland,greenland-outlets-v1,gate-10,229,-246307.50,-2779372.50,-0.883452245,0.468521218,120.000,1.038141813,2021-01,annual,6279.872350,132.000000,6297.087402,37
greenland,greenland-outlets-v1,gate-10,230,-246427.50,-2779492.50,-0.883452245,0.468521218,120.000,1.038151139,2021-01,annual,6299.178612,164.000000,6322.545898,31
greenland,greenland-outlets-v1,gate-10,231,-246427.50,-2779612.50,-0.883452245,0.468521218,120.000,1.038159705,2021-01,annual,5316.779306,157.000000,5377.571777,23
greenland,greenland-outlets-v1,gate-10,232,-246427.50,-2779732.50,-0.883452245,0.468521218,120.000,1.038168273,2021-01,annual,4000.177326,188.000000,4024.547607,15
greenland,greenland-outlets-v1,gate-10,233,-246547.50,-2779852.50,-0.883452245,0.468521218,120.000,1.038177600,2021-01,annual,1330.533227,181.000000,1330.578369,22
greenland,greenland-outlets-v1,gate-10,234,-246547.50,-2779972.50,-0.883452245,0.468521218,120.000,1.038186168,2021-01,annual,389.707627,176.000000,399.720978,30
greenland,greenland-outlets-v1,gate-10,235,-246667.50,-2780092.50,-0.883452245,0.468521218,120.000,1.038195497,2021-01,annual,58.134749,9.000000,61.220085,83
greenland,greenland-outlets-v1,gate-10,236,-246667.50,-2780212.50,-0.883452245,0.468521218,120.000,1.038204066,2021-01,annual,-0.152203,1.000000,0.829980,294
greenland,greenland-outlets-v1,gate-10,237,-246787.50,-2780332.50,-0.883452245,0.468521218,120.000,1.038213396,2021-01,annual,-1.395386,1.000000,1.892480,630
greenland,greenland-outlets-v1,gate-10,238,-246787.50,-2780332.50,-0.883452245,0.468521218,120.000,1.038213396,2021-01,annual,-1.395386,1.000000,1.892480,630
greenland,greenland-outlets-v1,gate-11,239,664252.50,-2270332.50,0.832079762,-0.554655993,120.000,1.010213585,2021-01,annual,-0.787650,0.000000,0.994671,3560
greenland,greenland-outlets-v1,gate-11,240,664372.50,-2270212.50,0.832079762,-0.554655993,120.000,1.010208704,2021-01,annual,-0.906650,0.000000,1.608636,5004
greenland,greenland-outlets-v1,gate-11,241,664372.50,-2270092.50,0.832079762,-0.554655993,120.000,1.010201804,2021-01,annual,-0.769272,0.000000,1.471055,5566
greenland,greenland-outlets-v1,gate-11,242,664492.50,-2269972.50,0.832079762,-0.554655993,120.000,1.010196924,2021-01,annual,0.084428,0.000000,0.453439,6204
greenland,greenland-outlets-v1,gate-11,243,664852.50,-2269372.50,0.832079762,-0.554655993,120.000,1.010168494,2021-01,annual,0.137903,0.000000,0.851870,2565
greenland,greenland-outlets-v1,gate-11,244,664972.50,-2269252.50,0.832079762,-0.554655993,120.000,1.010163618,2021-01,annual,0.108505,0.000000,0.858938,1149
greenland,greenland-outlets-v1,gate-11,245,664972.50,-2269252.50,0.832079762,-0.554655993,120.000,1.010163618,2021-01,annual,0.108505,0.000000,0.858938,1149
greenland,greenland-outlets-v1,gate-11,246,665092.50,-2269132.50,0.832079762,-0.554655993,120.000,1.010158742,2021-01,annual,-0.293376,0.000000,0.829606,1283
greenland,greenland-outlets-v1,gate-11,247,665092.50,-2269012.50,0.832079762,-0.554655993,120.000,1.010151846,2021-01,annual,-0.979038,0.000000,1.302549,3055
greenland,greenland-outlets-v1,gate-11,248,665212.50,-2268892.50,0.832079762,-0.554655993,120.000,1.010146972,2021-01,annual,6029.378125,120.000000,6029.382812,51
greenland,greenland-outlets-v1,gate-11,249,665212.50,-2268772.50,0.832079762,-0.554655993,120.000,1.010140076,2021-01,annual,6652.041988,107.000000,6654.218262,58
greenland,greenland-outlets-v1,gate-11,250,665332.50,-2268652.50,0.832079762,-0.554655993,120.000,1.010135203,2021-01,annual,6870.795271,105.000000,6884.201660,60
greenland,greenland-outlets-v1,gate-11,251,665452.50,-2268652.50,0.832079762,-0.554655993,120.000,1.010137225,2021-01,annual,7118.958605,69.000000,7163.663086,89
greenland,greenland-outlets-v1,gate-11,252,665452.50,-2268532.50,0.832079762,-0.554655993,120.000,1.010130331,2021-01,annual,7848.485804,53.000000,7851.377441,95
greenland,greenland-outlets-v1,gate-11,253,665572.50,-2268412.50,0.832079762,-0.554655993,120.000,1.010125459,2021-01,annual,9184.053065,40.000000,9235.277344,105
greenland,greenland-outlets-v1,gate-11,254,665572.50,-2268292.50,0.832079762,-0.554655993,120.000,1.010118565,2021-01,annual,8794.060568,38.000000,8838.323242,102
greenland,greenland-outlets-v1,gate-11,255,665692.50,-2268172.50,0.832079762,-0.554655993,120.000,1.010113694,2021-01,annual,8155.777545,31.000000,8169.885742,112
greenland,greenland-outlets-v1,gate-11,256,665692.50,-2268052.50,0.832079762,-0.554655993,120.000,1.010106801,2021-01,annual,9327.343503,32.000000,9339.678711,107
greenland,greenland-outlets-v1,gate-11,257,665812.50,-2268052.50,0.832079762,-0.554655993,120.000,1.010108825,2021-01,annual,9035.640423,26.000000,9044.965820,128
greenland,greenland-outlets-v1,gate-11,258,665812.50,-2267932.50,0.832079762,-0.554655993,120.000,1.010101932,2021-01,annual,9467.755022,24.000000,9474.180664,132
greenland,greenland-outlets-v1,gate-11,259,665932.50,-2267812.50,0.832079762,-0.554655993,120.000,1.010097063,2021-01,annual,9509.783796,28.000000,9510.244141,120
greenland,greenland-outlets-v1,gate-11,260,666172.50,-2267452.50,0.832079762,-0.554655993,120.000,1.010080436,2021-01,annual,3612.651603,80.000000,3615.175293,71
greenland,greenland-outlets-v1,gate-12,261,-260587.50,-1980172.50,-0.687258612,-0.726412830,120.000,0.989972154,2021-01,annual,1.962726,0.000000,1.971565,3018
greenland,greenland-outlets-v1,gate-12,262,-260467.50,-1980292.50,-0.687258612,-0.726412830,120.000,0.989977327,2021-01,annual,7441.733662,83.000000,7474.572754,41
greenland,greenland-outlets-v1,gate-12,263,-260347.50,-1980292.50,-0.687258612,-0.726412830,120.000,0.989976544,2021-01,annual,8297.588841,71.000000,8339.781250,43
greenland,greenland-outlets-v1,gate-12,264,-260347.50,-1980412.50,-0.687258612,-0.726412830,120.000,0.989982500,2021-01,annual,8704.914594,72.000000,8755.460938,42
greenland,greenland-outlets-v1,gate-12,265,-260227.50,-1980532.50,-0.687258612,-0.726412830,120.000,0.989987675,2021-01,annual,4639.064173,54.000000,4825.406738,59
greenland,greenland-outlets-v1,gate-12,266,-260107.50,-1980532.50,-0.687258612,-0.726412830,120.000,0.989986892,2021-01,annual,8834.621378,56.000000,8877.933594,56
greenland,greenland-outlets-v1,gate-12,267,-259987.50,-1980652.50,-0.687258612,-0.726412830,120.000,0.989992067,2021-01,annual,9310.449973,53.000000,9351.920898,61
greenland,greenland-outlets-v1,gate-12,268,-259987.50,-1980772.50,-0.687258612,-0.726412830,120.000,0.989998025,2021-01,annual,9086.484552,58.000000,9123.967773,60
greenland,greenland-outlets-v1,gate-12,269,-259867.50,-1980772.50,-0.687258612,-0.726412830,120.000,0.989997244,2021-01,annual,9236.246893,52.000000,9274.175781,65
greenland,greenland-outlets-v1,gate-12,270,-259747.50,-1980892.50,-0.687258612,-0.726412830,120.000,0.990002420,2021-01,annual,9334.351429,52.000000,9364.350586,64
greenland,greenland-outlets-v1,gate-12,271,-259747.50,-1981012.50,-0.687258612,-0.726412830,120.000,0.990008379,2021-01,annual,9060.351696,60.000000,9087.954102,65
greenland,greenland-outlets-v1,gate-12,272,-259627.50,-1981132.50,-0.687258612,-0.726412830,120.000,0.990013557,2021-01,annual,8818.051867,65.000000,8850.821289,66
greenland,greenland-outlets-v1,gate-12,273,-259507.50,-1981132.50,-0.687258612,-0.726412830,120.000,0.990012776,2021-01,annual,9012.756133,54.000000,9038.765625,71
greenland,greenland-outlets-v1,gate-12,274,-259387.50,-1981252.50,-0.687258612,-0.726412830,120.000,0.990017955,2021-01,annual,8606.840419,69.000000,8632.361328,62
greenland,greenland-outlets-v1,gate-12,275,-259387.50,-1981372.50,-0.687258612,-0.726412830,120.000,0.990023915,2021-01,annual,8577.617148,70.000000,8599.435547,60
greenland,greenland-outlets-v1,gate-12,276,-259267.50,-1981372.50,-0.687258612,-0.726412830,120.000,0.990023135,2021-01,annual,8665.571862,75.000000,8682.585938,61
greenland,greenland-outlets-v1,gate-12,277,-259147.50,-1981492.50,-0.687258612,-0.726412830,120.000,0.990028316,2021-01,annual,8494.760665,76.000000,8521.700195,60
greenland,greenland-outlets-v1,gate-12,278,-259027.50,-1981612.50,-0.687258612,-0.726412830,120.000,0.990033497,2021-01,annual,8169.322946,78.000000,8193.890625,56
greenland,greenland-outlets-v1,gate-12,279,-259027.50,-1981612.50,-0.687258612,-0.726412830,120.000,0.990033497,2021-01,annual,8169.322946,78.000000,8193.890625,56
greenland,greenland-outlets-v1,gate-12,280,-258907.50,-1981732.50,-0.687258612,-0.726412830,120.000,0.990038679,2021-01,annual,8339.843922,89.000000,8360.452148,50
greenland,greenland-outlets-v1,gate-12,281,-258787.50,-1981852.50,-0.687258612,-0.726412830,120.000,0.990043862,2021-01,annual,3631.906117,67.000000,3635.229492,53
greenland,greenland-outlets-v1,gate-12,282,-258787.50,-1981852.50,-0.687258612,-0.726412830,120.000,0.990043862,2021-01,annual,3631.906117,67.000000,3635.229492,53
greenland,greenland-outlets-v1,gate-12,283,-258667.50,-1981972.50,-0.687258612,-0.726412830,120.000,0.990049045,2021-01,annual,1647.377307,41.000000,1647.398193,75
greenland,greenland-outlets-v1,gate-12,284,-258547.50,-1982092.50,-0.687258612,-0.726412830,120.000,0.990054229,2021-01,annual,0.313869,0.000000,0.917580,4447
greenland,greenland-outlets-v1,gate-12,285,-258427.50,-1982092.50,-0.687258612,-0.726412830,120.000,0.990053452,2021-01,annual,0.453606,0.000000,0.716213,4530
greenland,greenland-outlets-v1,gate-01,0,-167827.50,-3142852.50,-0.139044586,0.990286122,120.000,1.065551284,2022-01,annual,36.808279,0.000000,97.264801,7105
greenland,greenland-outlets-v1,gate-01,1,-167947.50,-3142852.50,-0.139044586,0.990286122,120.000,1.065551809,2022-01,annual,35.973743,0.000000,95.932678,7228
greenland,greenland-outlets-v1,gate-01,2,-168067.50,-3142852.50,-0.139044586,0.990286122,120.000,1.065552334,2022-01,annual,34.143762,0.000000,93.063438,7328
greenland,greenland-outlets-v1,gate-01,3,-168187.50,-3142852.50,-0.139044586,0.990286122,120.000,1.065552859,2022-01,annual,31.892234,0.000000,91.041924,7402
greenland,greenland-outlets-v1,gate-01,4,-168307.50,-3142852.50,-0.139044586,0.990286122,120.000,1.065553384,2022-01,annual,29.011281,0.000000,88.883064,7449
greenland,greenland-outlets-v1,gate-01,5,-168427.50,-3142852.50,-0.139044586,0.990286122,120.000,1.065553910,2022-01,annual,26.887088,0.000000,88.627754,7541
greenland,greenland-outlets-v1,gate-01,6,-168547.50,-3142852.50,-0.139044586,0.990286122,120.000,1.065554436,2022-01,annual,25.294835,0.000000,87.782082,7668
greenland,greenland-outlets-v1,gate-01,7,-168667.50,-3142852.50,-0.139044586,0.990286122,120.000,1.065554963,2022-01,annual,22.552580,0.000000,85.279572,7857
greenland,greenland-outlets-v1,gate-01,8,-168787.50,-3142972.50,-0.139044586,0.990286122,120.000,1.065565307,2022-01,annual,18.512263,0.000000,79.761131,7496
greenland,greenland-outlets-v1,gate-01,9,-168907.50,-3142972.50,-0.139044586,0.990286122,120.000,1.065565834,2022-01,annual,17.023896,0.000000,75.901062,7568
greenland,greenland-outlets-v1,gate-01,10,-169027.50,-3142972.50,-0.139044586,0.990286122,120.000,1.065566362,2022-01,annual,15.271809,0.000000,71.987999,7622
greenland,greenland-outlets-v1,gate-01,11,-169147.50,-3142972.50,-0.139044586,0.990286122,120.000,1.065566890,2022-01,annual,13.849141,0.000000,70.554497,7745
greenland,greenland-outlets-v1,gate-01,12,-169267.50,-3142972.50,-0.139044586,0.990286122,120.000,1.065567419,2022-01,annual,13.861845,0.000000,70.200432,7823
greenland,greenland-outlets-v1,gate-01,13,-169387.50,-3142972.50,-0.139044586,0.990286122,120.000,1.065567948,2022-01,annual,14.943095,0.000000,69.037659,7932
greenland,greenland-outlets-v1,gate-01,14,-169507.50,-3142972.50,-0.139044586,0.990286122,120.000,1.065568477,2022-01,annual,15.956623,0.000000,66.461166,7961
greenland,greenland-outlets-v1,gate-01,15,-169627.50,-3143092.50,-0.139044586,0.990286122,120.000,1.065578824,2022-01,annual,14.036797,0.000000,55.751652,7824
greenland,greenland-outlets-v1,gate-01,16,-169747.50,-3143092.50,-0.139044586,0.990286122,120.000,1.065579354,2022-01,annual,13.634030,0.000000,52.776615,7743
greenland,greenland-outlets-v1,gate-01,17,-169867.50,-3143092.50,-0.139044586,0.990286122,120.000,1.065579884,2022-01,annual,12.642147,0.000000,50.255390,7715
greenland,greenland-outlets-v1,gate-01,18,-169987.50,-3143092.50,-0.139044586,0.990286122,120.000,1.065580415,2022-01,annual,12.159755,0.000000,46.993458,7749
greenland,greenland-outlets-v1,gate-01,19,-170107.50,-3143092.50,-0.139044586,0.990286122,120.000,1.065580946,2022-01,annual,11.342541,0.000000,47.134434,7776
greenland,greenland-outlets-v1,gate-01,20,-170227.50,-3143092.50,-0.139044586,0.990286122,120.000,1.065581478,2022-01,annual,10.155343,0.000000,49.598064,7768
greenland,greenland-outlets-v1,gate-01,21,-170347.50,-3143092.50,-0.139044586,0.990286122,120.000,1.065582010,2022-01,annual,9.806466,0.000000,49.113667,7696
greenland,greenland-outlets-v1,gate-01,22,-170467.50,-3143212.50,-0.139044586,0.990286122,120.000,1.065592360,2022-01,annual,5.275103,0.000000,36.534554,5296
greenland,greenland-outlets-v1,gate-01,23,-170587.50,-3143212.50,-0.139044586,0.990286122,120.000,1.065592893,2022-01,annual,2.882705,0.000000,33.709984,5284
greenland,greenland-outlets-v1,gate-01,24,-170707.50,-3143212.50,-0.139044586,0.990286122,120.000,1.065593426,2022-01,annual,2.510381,0.000000,31.541977,5313
greenland,greenland-outlets-v1,gate-01,25,-170827.50,-3143212.50,-0.139044586,0.990286122,120.000,1.065593959,2022-01,annual,2.371008,0.000000,31.363531,5238
greenland,greenland-outlets-v1,gate-01,26,-170947.50,-3143212.50,-0.139044586,0.990286122,120.000,1.065594493,2022-01,annual,3.703088,0.000000,22.113672,6405
greenland,greenland-outlets-v1,gate-01,27,-171067.50,-3143212.50,-0.139044586,0.990286122,120.000,1.065595027,2022-01,annual,3.377471,0.000000,23.118162,6480
greenland,greenland-outlets-v1,gate-01,28,-171187.50,-3143212.50,-0.139044586,0.990286122,120.000,1.065595561,2022-01,annual,2.096677,0.000000,29.518290,6591
greenland,greenland-outlets-v1,gate-01,29,-172387.50,-3143452.50,-0.139044586,0.990286122,120.000,1.065620564,2022-01,annual,2.639538,0.000000,13.375928,6963
greenland,greenland-outlets-v1,gate-01,30,-172507.50,-3143452.50,-0.139044586,0.990286122,120.000,1.065621103,2022-01,annual,3.348449,0.000000,10.180511,6851
greenland,greenland-outlets-v1,gate-01,31,-172627.50,-3143452.50,-0.139044586,0.990286122,120.000,1.065621642,2022-01,annual,3.586798,0.000000,7.635563,6794
greenland,greenland-outlets-v1,gate-01,32,-172747.50,-3143452.50,-0.139044586,0.990286122,120.000,1.065622181,2022-01,annual,4.069054,0.000000,5.782022,6772
greenland,greenland-outlets-v1,gate-01,33,-172867.50,-3143452.50,-0.139044586,0.990286122,120.000,1.065622721,2022-01,annual,4.168881,0.000000,4.413662,6959
greenland,greenland-outlets-v1,gate-02,34,-196387.50,-2272852.50,-0.999160466,0.040967840,120.000,1.005265518,2022-01,annual,11191.241618,471.000000,11220.906250,28
greenland,greenland-outlets-v1,gate-02,35,-196387.50,-2272972.50,-0.999160466,0.040967840,120.000,1.005272409,2022-01,annual,11090.064801,490.000000,11122.233398,27
greenland,greenland-outlets-v1,gate-02,36,-196387.50,-2273092.50,-0.999160466,0.040967840,120.000,1.005279300,2022-01,annual,11035.068922,490.000000,11068.402344,27
greenland,greenland-outlets-v1,gate-02,37,-196387.50,-2273212.50,-0.999160466,0.040967840,120.000,1.005286191,2022-01,annual,11047.093356,484.000000,11081.380859,28
greenland,greenland-outlets-v1,gate-02,38,-196387.50,-2273332.50,-0.999160466,0.040967840,120.000,1.005293083,2022-01,annual,11002.265505,484.000000,11036.608398,28
greenland,greenland-outlets-v1,gate-02,39,-196387.50,-2273452.50,-0.999160466,0.040967840,120.000,1.005299976,2022-01,annual,11335.895029,493.000000,11366.906250,27
greenland,greenland-outlets-v1,gate-02,40,-196387.50,-2273572.50,-0.999160466,0.040967840,120.000,1.005306868,2022-01,annual,11005.716414,500.000000,11035.981445,27
greenland,greenland-outlets-v1,gate-02,41,-196387.50,-2273692.50,-0.999160466,0.040967840,120.000,1.005313762,2022-01,annual,9207.939310,516.000000,9246.506836,25
greenland,greenland-outlets-v1,gate-02,42,-196387.50,-2273812.50,-0.999160466,0.040967840,120.000,1.005320655,2022-01,annual,8928.073563,579.000000,8972.542969,22
greenland,greenland-outlets-v1,gate-02,43,-196387.50,-2273932.50,-0.999160466,0.040967840,120.000,1.005327549,2022-01,annual,8316.781557,653.000000,8361.256836,18
greenland,greenland-outlets-v1,gate-02,44,-196387.50,-2274052.50,-0.999160466,0.040967840,120.000,1.005334443,2022-01,annual,8433.978816,686.000000,8475.935547,15
greenland,greenland-outlets-v1,gate-02,45,-196387.50,-2274172.50,-0.999160466,0.040967840,120.000,1.005341338,2022-01,annual,7306.390720,916.000000,7363.496582,9
greenland,greenland-outlets-v1,gate-02,46,-196387.50,-2274292.50,-0.999160466,0.040967840,120.000,1.005348233,2022-01,annual,9082.560811,4652.000000,9088.713867,5
greenland,greenland-outlets-v1,gate-02,47,-196507.50,-2274412.50,-0.999160466,0.040967840,120.000,1.005355724,2022-01,annual,-5.449232,60.000000,317.293030,36
greenland,greenland-outlets-v1,gate-02,48,-196507.50,-2274532.50,-0.999160466,0.040967840,120.000,1.005362620,2022-01,annual,255.383964,38.000000,393.778229,63
greenland,greenland-outlets-v1,gate-02,49,-196507.50,-2274652.50,-0.999160466,0.040967840,120.000,1.005369516,2022-01,annual,239.446202,19.000000,286.296478,107
greenland,greenland-outlets-v1,gate-02,50,-196507.50,-2274772.50,-0.999160466,0.040967840,120.000,1.005376413,2022-01,annual,230.957679,16.000000,251.100418,117
greenland,greenland-outlets-v1,gate-02,51,-196507.50,-2274892.50,-0.999160466,0.040967840,120.000,1.005383310,2022-01,annual,317.970187,11.000000,343.100616,141
greenland,greenland-outlets-v1,gate-02,52,-196507.50,-2275012.50,-0.999160466,0.040967840,120.000,1.005390207,2022-01,annual,388.939694,10.000000,406.137817,144
greenland,greenland-outlets-v1,gate-02,53,-196507.50,-2275132.50,-0.999160466,0.040967840,120.000,1.005397105,2022-01,annual,606.317364,10.000000,648.795532,153
greenland,greenland-outlets-v1,gate-02,54,-196507.50,-2275252.50,-0.999160466,0.040967840,120.000,1.005404003,2022-01,annual,768.268737,10.000000,823.276001,154
greenland,greenland-outlets-v1,gate-02,55,-196507.50,-2275372.50,-0.999160466,0.040967840,120.000,1.005410901,2022-01,annual,274.917475,6.000000,392.862183,178
greenland,greenland-outlets-v1,gate-02,56,-196507.50,-2275492.50,-0.999160466,0.040967840,120.000,1.005417800,2022-01,annual,192.978461,5.000000,326.248474,197
greenland,greenland-outlets-v1,gate-02,57,-196507.50,-2275612.50,-0.999160466,0.040967840,120.000,1.005424700,2022-01,annual,53.035132,4.000000,299.861176,266
greenland,greenland-outlets-v1,gate-02,58,-196507.50,-2275732.50,-0.999160466,0.040967840,120.000,1.005431599,2022-01,annual,107.403972,4.000000,296.984772,286
greenland,greenland-outlets-v1,gate-02,59,-196507.50,-2275852.50,-0.999160466,0.040967840,120.000,1.005438500,2022-01,annual,-2.938679,3.000000,273.613220,319
greenland,greenland-outlets-v1,gate-03,60,-324907.50,-1773052.50,-0.960147262,-0.279494607,120.000,0.980723532,2022-01,annual,2338.474505,19.000000,2889.950928,187
greenland,greenland-outlets-v1,gate-03,61,-324907.50,-1773172.50,-0.960147262,-0.279494607,120.000,0.980728839,2022-01,annual,2241.593821,19.000000,2779.826904,187
greenland,greenland-outlets-v1,gate-03,62,-324787.50,-1773292.50,-0.960147262,-0.279494607,120.000,0.980733175,2022-01,annual,2224.586529,19.000000,2814.139160,183
greenland,greenland-outlets-v1,gate-03,63,-324787.50,-1773412.50,-0.960147262,-0.279494607,120.000,0.980738484,2022-01,annual,2137.627236,19.000000,2730.600098,182
greenland,greenland-outlets-v1,gate-03,64,-324787.50,-1773532.50,-0.960147262,-0.279494607,120.000,0.980743793,2022-01,annual,2065.948452,19.000000,2648.115479,184
greenland,greenland-outlets-v1,gate-03,65,-324787.50,-1773652.50,-0.960147262,-0.279494607,120.000,0.980749102,2022-01,annual,1914.192983,19.000000,2457.764648,183
greenland,greenland-outlets-v1,gate-03,66,-324667.50,-1773772.50,-0.960147262,-0.279494607,120.000,0.980753440,2022-01,annual,1583.975662,20.000000,2133.080811,183
greenland,greenland-outlets-v1,gate-03,67,-324667.50,-1773892.50,-0.960147262,-0.279494607,120.000,0.980758750,2022-01,annual,1514.147265,31.000000,2051.169922,160
greenland,greenland-outlets-v1,gate-03,68,-324667.50,-1774012.50,-0.960147262,-0.279494607,120.000,0.980764060,2022-01,annual,1458.195938,37.000000,1959.718018,154
greenland,greenland-outlets-v1,gate-03,69,-324547.50,-1774132.50,-0.960147262,-0.279494607,120.000,0.980768399,2022-01,annual,1416.014127,30.000000,1972.351562,160
greenland,greenland-outlets-v1,gate-03,70,-324547.50,-1774252.50,-0.960147262,-0.279494607,120.000,0.980773711,2022-01,annual,970.296303,57.000000,1392.439819,138
greenland,greenland-outlets-v1,gate-03,71,-324547.50,-1774372.50,-0.960147262,-0.279494607,120.000,0.980779022,2022-01,annual,480.272286,62.000000,637.533264,142
greenland,greenland-outlets-v1,gate-03,72,-324547.50,-1774492.50,-0.960147262,-0.279494607,120.000,0.980784334,2022-01,annual,378.976973,61.000000,405.800262,147
greenland,greenland-outlets-v1,gate-03,73,-324427.50,-1774492.50,-0.960147262,-0.279494607,120.000,0.980783363,2022-01,annual,590.301381,58.000000,633.509766,155
greenland,greenland-outlets-v1,gate-03,74,-324427.50,-1774612.50,-0.960147262,-0.279494607,120.000,0.980788675,2022-01,annual,511.769206,57.000000,512.985840,153
greenland,greenland-outlets-v1,gate-03,75,-324427.50,-1774732.50,-0.960147262,-0.279494607,120.000,0.980793988,2022-01,annual,508.554071,65.000000,530.921021,133
greenland,greenland-outlets-v1,gate-03,76,-324427.50,-1774852.50,-0.960147262,-0.279494607,120.000,0.980799301,2022-01,annual,590.387955,80.000000,590.640564,98
greenland,greenland-outlets-v1,gate-03,77,-324307.50,-1774972.50,-0.960147262,-0.279494607,120.000,0.980803643,2022-01,annual,732.767052,234.000000,734.061890,25
greenland,greenland-outlets-v1,gate-03,78,-324307.50,-1775092.50,-0.960147262,-0.279494607,120.000,0.980808957,2022-01,annual,1818.131150,445.000000,1898.370728,11
greenland,greenland-outlets-v1,gate-03,79,-324307.50,-1775212.50,-0.960147262,-0.279494607,120.000,0.980814271,2022-01,annual,3159.471069,660.000000,3278.158447,8
greenland,greenland-outlets-v1,gate-03,80,-324187.50,-1775332.50,-0.960147262,-0.279494607,120.000,0.980818615,2022-01,annual,3621.040349,677.000000,3828.874023,7
greenland,greenland-outlets-v1,gate-03,81,-324187.50,-1775452.50,-0.960147262,-0.279494607,120.000,0.980823930,2022-01,annual,4354.489182,651.000000,4675.640137,8
greenland,greenland-outlets-v1,gate-03,82,-324187.50,-1775572.50,-0.960147262,-0.279494607,120.000,0.980829245,2022-01,annual,6701.363844,173.000000,7546.357422,18
greenland,greenland-outlets-v1,gate-03,83,-324187.50,-1775692.50,-0.960147262,-0.279494607,120.000,0.980834561,2022-01,annual,6768.246994,158.000000,7629.104980,25
greenland,greenland-outlets-v1,gate-03,84,-324067.50,-1775812.50,-0.960147262,-0.279494607,120.000,0.980838907,2022-01,annual,6863.658003,157.000000,7861.568848,25
greenland,greenland-outlets-v1,gate-03,85,-324067.50,-1775932.50,-0.960147262,-0.279494607,120.000,0.980844223,2022-01,annual,7936.925437,149.000000,8592.874023,30
greenland,greenland-outlets-v1,gate-04,86,183652.50,-2727652.50,0.502097806,-0.864810843,120.000,1.034142090,2022-01,annual,-4.297759,1.000000,4.298317,1230
greenland,greenland-outlets-v1,gate-04,87,183772.50,-2727532.50,0.502097806,-0.864810843,120.000,1.034134265,2022-01,annual,11896.620101,212.000000,11900.458008,42
greenland,greenland-outlets-v1,gate-04,88,183892.50,-2727532.50,0.502097806,-0.864810843,120.000,1.034134831,2022-01,annual,12416.528063,208.000000,12529.722656,44
greenland,greenland-outlets-v1,gate-04,89,183892.50,-2727412.50,0.502097806,-0.864810843,120.000,1.034126441,2022-01,annual,6816.449575,200.000000,7051.462891,48
greenland,greenland-outlets-v1,gate-04,90,184012.50,-2727412.50,0.502097806,-0.864810843,120.000,1.034127007,2022-01,annual,7818.229529,145.000000,8213.564453,57
greenland,greenland-outlets-v1,gate-04,91,185812.50,-2726332.50,0.502097806,-0.864810843,120.000,1.034060049,2022-01,annual,10633.689751,84.000000,10634.023438,109
greenland,greenland-outlets-v1,gate-04,92,185932.50,-2726212.50,0.502097806,-0.864810843,120.000,1.034052235,2022-01,annual,9766.595999,138.000000,9784.312500,63
greenland,greenland-outlets-v1,gate-04,93,186052.50,-2726212.50,0.502097806,-0.864810843,120.000,1.034052807,2022-01,annual,6608.904866,170.000000,6666.235840,48
greenland,greenland-outlets-v1,gate-04,94,186172.50,-2726092.50,0.502097806,-0.864810843,120.000,1.034044995,2022-01,annual,297.088730,41.000000,317.148071,115
greenland,greenland-outlets-v1,gate-04,95,186172.50,-2726092.50,0.502097806,-0.864810843,120.000,1.034044995,2022-01,annual,297.088730,41.000000,317.148071,115
greenland,greenland-outlets-v1,gate-04,96,186292.50,-2725972.50,0.502097806,-0.864810843,120.000,1.034037183,2022-01,annual,-6.512252,15.000000,344.891174,318
greenland,greenland-outlets-v1,gate-04,97,186412.50,-2725972.50,0.502097806,-0.864810843,120.000,1.034037756,2022-01,annual,-32.793024,7.000000,428.654633,687
greenland,greenland-outlets-v1,gate-04,98,186532.50,-2725852.50,0.502097806,-0.864810843,120.000,1.034029945,2022-01,annual,-41.560919,6.000000,516.196228,650
greenland,greenland-outlets-v1,gate-04,99,186652.50,-2725852.50,0.502097806,-0.864810843,120.000,1.034030519,2022-01,annual,-47.778056,5.000000,447.478821,893
greenland,greenland-outlets-v1,gate-04,100,186772.50,-2725732.50,0.502097806,-0.864810843,120.000,1.034022709,2022-01,annual,-61.855498,5.000000,458.736145,913
greenland,greenland-outlets-v1,gate-04,101,186892.50,-2725732.50,0.502097806,-0.864810843,120.000,1.034023284,2022-01,annual,-55.231725,3.000000,379.844849,1095
greenland,greenland-outlets-v1,gate-04,102,187012.50,-2725612.50,0.502097806,-0.864810843,120.000,1.034015475,2022-01,annual,-103.051047,3.000000,433.924683,1109
greenland,greenland-outlets-v1,gate-04,103,187012.50,-2725612.50,0.502097806,-0.864810843,120.000,1.034015475,2022-01,annual,-103.051047,3.000000,433.924683,1109
greenland,greenland-outlets-v1,gate-04,104,187132.50,-2725492.50,0.502097806,-0.864810843,120.000,1.034007667,2022-01,annual,-156.758768,3.000000,480.322784,1140
greenland,greenland-outlets-v1,gate-04,105,187252.50,-2725492.50,0.502097806,-0.864810843,120.000,1.034008243,2022-01,annual,-152.240751,3.000000,449.071747,1172
greenland,greenland-outlets-v1,gate-04,106,187372.50,-2725372.50,0.502097806,-0.864810843,120.000,1.034000436,2022-01,annual,-152.324496,3.000000,468.346161,1179
greenland,greenland-outlets-v1,gate-04,107,187492.50,-2725372.50,0.502097806,-0.864810843,120.000,1.034001013,2022-01,annual,-140.936028,3.000000,439.725159,1179
greenland,greenland-outlets-v1,gate-04,108,187612.50,-2725252.50,0.502097806,-0.864810843,120.000,1.033993207,2022-01,annual,-143.407703,3.000000,460.655762,1184
greenland,greenland-outlets-v1,gate-04,109,187732.50,-2725252.50,0.502097806,-0.864810843,120.000,1.033993784,2022-01,annual,-140.851579,3.000000,432.018097,1195
greenland,greenland-outlets-v1,gate-04,110,187732.50,-2725132.50,0.502097806,-0.864810843,120.000,1.033985402,2022-01,annual,-149.529794,3.000000,474.538300,1137
greenland,greenland-outlets-v1,gate-04,111,187852.50,-2725132.50,0.502097806,-0.864810843,120.000,1.033985980,2022-01,annual,-145.226872,3.000000,420.420715,1183
greenland,greenland-outlets-v1,gate-04,112,187972.50,-2725012.50,0.502097806,-0.864810843,120.000,1.033978176,2022-01,annual,-145.681602,3.000000,405.188019,1100
greenland,greenland-outlets-v1,gate-04,113,188092.50,-2725012.50,0.502097806,-0.864810843,120.000,1.033978754,2022-01,annual,-148.133909,3.000000,371.091370,1002
greenland,greenland-outlets-v1,gate-04,114,188212.50,-2724892.50,0.502097806,-0.864810843,120.000,1.033970952,2022-01,annual,-157.987002,3.000000,368.982574,953
greenland,greenland-outlets-v1,gate-04,115,188332.50,-2724892.50,0.502097806,-0.864810843,120.000,1.033971531,2022-01,annual,-162.727662,3.000000,348.078186,807
greenland,greenland-outlets-v1,gate-04,116,188452.50,-2724772.50,0.502097806,-0.864810843,120.000,1.033963730,2022-01,annual,-161.343293,3.000000,368.085175,759
greenland,greenland-outlets-v1,gate-05,117,494332.50,-2296372.50,0.931437169,-0.363902185,120.000,1.009226686,2022-01,annual,6956.565999,46.000000,6956.592773,128
greenland,greenland-outlets-v1,gate-05,118,495412.50,-2293612.50,0.931437169,-0.363902185,120.000,1.009079871,2022-01,annual,7364.264096,41.000000,7366.137207,150
greenland,greenland-outlets-v1,gate-05,119,495412.50,-2293492.50,0.931437169,-0.363902185,120.000,1.009072904,2022-01,annual,7243.068503,40.000000,7244.524414,155
greenland,greenland-outlets-v1,gate-05,120,495532.50,-2293372.50,0.931437169,-0.363902185,120.000,1.009067443,2022-01,annual,7139.582150,41.000000,7141.907715,149
greenland,greenland-outlets-v1,gate-05,121,495532.50,-2293252.50,0.931437169,-0.363902185,120.000,1.009060477,2022-01,annual,7116.445081,41.000000,7118.193359,147
greenland,greenland-outlets-v1,gate-05,122,495532.50,-2293132.50,0.931437169,-0.363902185,120.000,1.009053511,2022-01,annual,6987.977437,43.000000,6989.185547,140
greenland,greenland-outlets-v1,gate-05,123,495652.50,-2293012.50,0.931437169,-0.363902185,120.000,1.009048051,2022-01,annual,6418.111803,53.000000,6423.484863,133
greenland,greenland-outlets-v1,gate-05,124,495652.50,-2292892.50,0.931437169,-0.363902185,120.000,1.009041086,2022-01,annual,6034.154716,56.000000,6051.792480,141
greenland,greenland-outlets-v1,gate-05,125,495772.50,-2292772.50,0.931437169,-0.363902185,120.000,1.009035627,2022-01,annual,3915.973798,54.000000,3937.748291,135
greenland,greenland-outlets-v1,gate-05,126,495772.50,-2292772.50,0.931437169,-0.363902185,120.000,1.009035627,2022-01,annual,3915.973798,54.000000,3937.748291,135
greenland,greenland-outlets-v1,gate-05,127,495772.50,-2292652.50,0.931437169,-0.363902185,120.000,1.009028663,2022-01,annual,3059.250906,44.000000,3107.210693,155
greenland,greenland-outlets-v1,gate-05,128,495892.50,-2292532.50,0.931437169,-0.363902185,120.000,1.009023206,2022-01,annual,1770.695946,30.000000,1885.861938,186
greenland,greenland-outlets-v1,gate-05,129,495892.50,-2292412.50,0.931437169,-0.363902185,120.000,1.009016242,2022-01,annual,1315.493829,24.000000,1429.537231,229
greenland,greenland-outlets-v1,gate-05,130,495892.50,-2292292.50,0.931437169,-0.363902185,120.000,1.009009279,2022-01,annual,814.895178,26.000000,907.020020,142
greenland,greenland-outlets-v1,gate-05,131,496012.50,-2292172.50,0.931437169,-0.363902185,120.000,1.009003823,2022-01,annual,571.239282,6.000000,655.706299,686
greenland,greenland-outlets-v1,gate-05,132,496012.50,-2292052.50,0.931437169,-0.363902185,120.000,1.008996861,2022-01,annual,533.022626,5.000000,634.474121,813
greenland,greenland-outlets-v1,gate-05,133,496012.50,-2291932.50,0.931437169,-0.363902185,120.000,1.008989899,2022-01,annual,430.861901,5.000000,560.707214,897
greenland,greenland-outlets-v1,gate-05,134,496132.50,-2291812.50,0.931437169,-0.363902185,120.000,1.008984444,2022-01,annual,476.892842,4.000000,620.321899,973
greenland,greenland-outlets-v1,gate-05,135,496132.50,-2291692.50,0.931437169,-0.363902185,120.000,1.008977483,2022-01,annual,369.912886,4.000000,538.147766,1009
greenland,greenland-outlets-v1,gate-05,136,496252.50,-2291572.50,0.931437169,-0.363902185,120.000,1.008972030,2022-01,annual,250.210962,4.000000,446.637787,1065
greenland,greenland-outlets-v1,gate-05,137,496252.50,-2291452.50,0.931437169,-0.363902185,120.000,1.008965070,2022-01,annual,163.689097,2.000000,362.573456,1178
greenland,greenland-outlets-v1,gate-05,138,496252.50,-2291332.50,0.931437169,-0.363902185,120.000,1.008958110,2022-01,annual,81.363601,1.000000,274.913727,1361
greenland,greenland-outlets-v1,gate-05,139,496372.50,-2291212.50,0.931437169,-0.363902185,120.000,1.008952658,2022-01,annual,21.860267,1.000000,208.735992,1281
greenland,greenland-outlets-v1,gate-05,140,496372.50,-2291212.50,0.931437169,-0.363902185,120.000,1.008952658,2022-01,annual,21.860267,1.000000,208.735992,1281
greenland,greenland-outlets-v1,gate-05,141,496372.50,-2291092.50,0.931437169,-0.363902185,120.000,1.008945699,2022-01,annual,6.577289,1.000000,198.588074,1336
greenland,greenland-outlets-v1,gate-05,142,496492.50,-2290972.50,0.931437169,-0.363902185,120.000,1.008940248,2022-01,annual,-1.432991,1.000000,62.363052,1293
greenland,greenland-outlets-v1,gate-05,143,496492.50,-2290852.50,0.931437169,-0.363902185,120.000,1.008933289,2022-01,annual,-3.359432,1.000000,12.119892,1863
greenland,greenland-outlets-v1,gate-06,144,-328987.50,-1718692.50,-0.815309184,-0.579025850,120.000,0.978390724,2022-01,annual,0.061891,0.000000,2.475144,2620
greenland,greenland-outlets-v1,gate-06,145,-328987.50,-1718812.50,-0.815309184,-0.579025850,120.000,0.978395863,2022-01,annual,1.669659,1.000000,3.130877,678
greenland,greenland-outlets-v1,gate-06,146,-328867.50,-1718932.50,-0.815309184,-0.579025850,120.000,0.978400019,2022-01,annual,301.969570,20.000000,312.088379,295
greenland,greenland-outlets-v1,gate-06,147,-328747.50,-1718932.50,-0.815309184,-0.579025850,120.000,0.978399036,2022-01,annual,530.479687,30.000000,555.572632,269
greenland,greenland-outlets-v1,gate-06,148,-328747.50,-1719052.50,-0.815309184,-0.579025850,120.000,0.978404175,2022-01,annual,1020.590244,29.000000,1065.357056,260
greenland,greenland-outlets-v1,gate-06,149,-328627.50,-1719172.50,-0.815309184,-0.579025850,120.000,0.978408333,2022-01,annual,1258.469199,28.000000,1271.009033,260
greenland,greenland-outlets-v1,gate-06,150,-328627.50,-1719292.50,-0.815309184,-0.579025850,120.000,0.978413473,2022-01,annual,1119.465603,31.000000,1164.686768,261
greenland,greenland-outlets-v1,gate-06,151,-328507.50,-1719412.50,-0.815309184,-0.579025850,120.000,0.978417631,2022-01,annual,990.030460,35.000000,1039.185547,236
greenland,greenland-outlets-v1,gate-06,152,-328507.50,-1719412.50,-0.815309184,-0.579025850,120.000,0.978417631,2022-01,annual,990.030460,35.000000,1039.185547,236
greenland,greenland-outlets-v1,gate-06,153,-328387.50,-1719532.50,-0.815309184,-0.579025850,120.000,0.978421790,2022-01,annual,1232.519565,60.000000,1263.106934,143
greenland,greenland-outlets-v1,gate-06,154,-328267.50,-1719652.50,-0.815309184,-0.579025850,120.000,0.978425950,2022-01,annual,1681.652806,72.000000,1684.430054,121
greenland,greenland-outlets-v1,gate-06,155,-328267.50,-1719772.50,-0.815309184,-0.579025850,120.000,0.978431092,2022-01,annual,2318.660203,54.000000,2319.132324,127
greenland,greenland-outlets-v1,gate-06,156,-328147.50,-1719892.50,-0.815309184,-0.579025850,120.000,0.978435253,2022-01,annual,3925.617549,40.000000,3925.688965,167
greenland,greenland-outlets-v1,gate-06,157,-328147.50,-1719892.50,-0.815309184,-0.579025850,120.000,0.978435253,2022-01,annual,3925.617549,40.000000,3925.688965,167
greenland,greenland-outlets-v1,gate-06,158,-328027.50,-1720012.50,-0.815309184,-0.579025850,120.000,0.978439414,2022-01,annual,1703.436281,37.000000,2557.600586,183
greenland,greenland-outlets-v1,gate-06,159,-327907.50,-1720132.50,-0.815309184,-0.579025850,120.000,0.978443576,2022-01,annual,4747.847305,37.000000,4914.778809,203
greenland,greenland-outlets-v1,gate-06,160,-327907.50,-1720252.50,-0.815309184,-0.579025850,120.000,0.978448720,2022-01,annual,3868.640791,36.000000,4049.112549,203
greenland,greenland-outlets-v1,gate-06,161,-327787.50,-1720372.50,-0.815309184,-0.579025850,120.000,0.978452883,2022-01,annual,4187.753151,42.000000,4331.483887,196
greenland,greenland-outlets-v1,gate-06,162,-327787.50,-1720492.50,-0.815309184,-0.579025850,120.000,0.978458027,2022-01,annual,5565.648761,40.000000,5740.037598,197
greenland,greenland-outlets-v1,gate-06,163,-327667.50,-1720492.50,-0.815309184,-0.579025850,120.000,0.978457047,2022-01,annual,5556.882300,39.000000,5676.693848,201
greenland,greenland-outlets-v1,gate-06,164,-327667.50,-1720612.50,-0.815309184,-0.579025850,120.000,0.978462192,2022-01,annual,4686.525732,35.000000,4710.624023,204
greenland,greenland-outlets-v1,gate-06,165,-327547.50,-1720732.50,-0.815309184,-0.579025850,120.000,0.978466357,2022-01,annual,8005.558722,71.000000,8026.740234,135
greenland,greenland-outlets-v1,gate-07,166,314812.50,-2575852.50,0.995898935,-0.090472708,120.000,1.024683918,2022-01,annual,9538.864792,35.000000,9563.421875,96
greenland,greenland-outlets-v1,gate-07,167,314812.50,-2575732.50,0.995898935,-0.090472708,120.000,1.024676032,2022-01,annual,9443.039282,35.000000,9466.300781,93
greenland,greenland-outlets-v1,gate-07,168,314812.50,-2575612.50,0.995898935,-0.090472708,120.000,1.024668146,2022-01,annual,9554.751161,43.000000,9573.216797,65
greenland,greenland-outlets-v1,gate-07,169,314812.50,-2575492.50,0.995898935,-0.090472708,120.000,1.024660261,2022-01,annual,-134.301700,11.000000,725.139526,140
greenland,greenland-outlets-v1,gate-08,170,-62947.50,-3181372.50,0.915217150,-0.402961001,120.000,1.068408715,2022-01,annual,-1.724849,0.000000,1.741182,4117
greenland,greenland-outlets-v1,gate-08,171,-62947.50,-3181252.50,0.915217150,-0.402961001,120.000,1.068398764,2022-01,annual,-1.422489,0.000000,1.486665,3845
greenland,greenland-outlets-v1,gate-08,172,-62827.50,-3181132.50,0.915217150,-0.402961001,120.000,1.068388618,2022-01,annual,-1.580364,0.000000,2.092394,4595
greenland,greenland-outlets-v1,gate-08,173,-62827.50,-3181012.50,0.915217150,-0.402961001,120.000,1.068378668,2022-01,annual,-1.081262,0.000000,1.840015,4425
greenland,greenland-outlets-v1,gate-08,174,-62707.50,-3180892.50,0.915217150,-0.402961001,120.000,1.068368523,2022-01,annual,-1.274274,0.000000,2.008186,4519
greenland,greenland-outlets-v1,gate-08,175,-62707.50,-3180772.50,0.915217150,-0.402961001,120.000,1.068358574,2022-01,annual,-1.416063,0.000000,2.614323,4508
greenland,greenland-outlets-v1,gate-08,176,-62707.50,-3180652.50,0.915217150,-0.402961001,120.000,1.068348625,2022-01,annual,-1.853513,0.000000,3.075912,4494
greenland,greenland-outlets-v1,gate-08,177,-62107.50,-3179452.50,0.915217150,-0.402961001,120.000,1.068248190,2022-01,annual,28.314717,1.000000,33.526176,1016
greenland,greenland-outlets-v1,gate-08,178,-62107.50,-3179332.50,0.915217150,-0.402961001,120.000,1.068238246,2022-01,annual,33.615994,1.000000,38.978195,849
greenland,greenland-outlets-v1,gate-08,179,-61987.50,-3179212.50,0.915217150,-0.402961001,120.000,1.068228109,2022-01,annual,37.453469,1.000000,41.603165,823
greenland,greenland-outlets-v1,gate-08,180,-61987.50,-3179212.50,0.915217150,-0.402961001,120.000,1.068228109,2022-01,annual,37.453469,1.000000,41.603165,823
greenland,greenland-outlets-v1,gate-08,181,-61987.50,-3179092.50,0.915217150,-0.402961001,120.000,1.068218166,2022-01,annual,10572.999831,106.000000,10590.229492,23
greenland,greenland-outlets-v1,gate-08,182,-61867.50,-3178972.50,0.915217150,-0.402961001,120.000,1.068208030,2022-01,annual,10502.432321,80.000000,10521.692383,44
greenland,greenland-outlets-v1,gate-08,183,-61867.50,-3178852.50,0.915217150,-0.402961001,120.000,1.068198088,2022-01,annual,10498.314913,59.000000,10519.271484,64
greenland,greenland-outlets-v1,gate-08,184,-61747.50,-3178732.50,0.915217150,-0.402961001,120.000,1.068187953,2022-01,annual,10385.842344,45.000000,10395.315430,78
greenland,greenland-outlets-v1,gate-08,185,-61747.50,-3178612.50,0.915217150,-0.402961001,120.000,1.068178012,2022-01,annual,10840.469331,44.000000,10847.969727,77
greenland,greenland-outlets-v1,gate-08,186,-61747.50,-3178492.50,0.915217150,-0.402961001,120.000,1.068168071,2022-01,annual,8630.610391,46.000000,8636.105469,75
greenland,greenland-outlets-v1,gate-08,187,-61627.50,-3178372.50,0.915217150,-0.402961001,120.000,1.068157938,2022-01,annual,-0.447552,0.000000,0.503629,1694
greenland,greenland-outlets-v1,gate-09,188,191212.50,-2757412.50,0.391380699,0.920228856,120.000,1.036271676,2022-01,annual,2030.290967,134.000000,2053.408203,64
greenland,greenland-outlets-v1,gate-09,189,191092.50,-2757412.50,0.391380699,0.920228856,120.000,1.036271088,2022-01,annual,2471.869692,133.000000,2481.946289,60
greenland,greenland-outlets-v1,gate-09,190,190972.50,-2757412.50,0.391380699,0.920228856,120.000,1.036270500,2022-01,annual,2977.633942,138.000000,3015.411865,62
greenland,greenland-outlets-v1,gate-09,191,190852.50,-2757292.50,0.391380699,0.920228856,120.000,1.036261421,2022-01,annual,5787.711732,119.000000,5795.639648,67
greenland,greenland-outlets-v1,gate-09,192,190732.50,-2757292.50,0.391380699,0.920228856,120.000,1.036260834,2022-01,annual,6076.027052,116.000000,6077.632324,72
greenland,greenland-outlets-v1,gate-09,193,190732.50,-2757172.50,0.391380699,0.920228856,120.000,1.036252344,2022-01,annual,7165.131895,20.000000,7169.248535,235
greenland,greenland-outlets-v1,gate-09,194,190612.50,-2757172.50,0.391380699,0.920228856,120.000,1.036251756,2022-01,annual,8016.727547,18.000000,8025.640137,251
greenland,greenland-outlets-v1,gate-09,195,190492.50,-2757172.50,0.391380699,0.920228856,120.000,1.036251170,2022-01,annual,8325.491237,17.000000,8336.323242,256
greenland,greenland-outlets-v1,gate-09,196,190372.50,-2757052.50,0.391380699,0.920228856,120.000,1.036242094,2022-01,annual,8148.269853,17.000000,8160.737305,255
greenland,greenland-outlets-v1,gate-09,197,190252.50,-2757052.50,0.391380699,0.920228856,120.000,1.036241507,2022-01,annual,8249.163790,17.000000,8256.198242,255
greenland,greenland-outlets-v1,gate-09,198,190132.50,-2756932.50,0.391380699,0.920228856,120.000,1.036232433,2022-01,annual,8359.441579,19.000000,8374.188477,248
greenland,greenland-outlets-v1,gate-09,199,190012.50,-2756932.50,0.391380699,0.920228856,120.000,1.036231847,2022-01,annual,8126.824574,20.000000,8156.194336,238
greenland,greenland-outlets-v1,gate-09,200,189892.50,-2756932.50,0.391380699,0.920228856,120.000,1.036231262,2022-01,annual,7892.995810,16.000000,8028.770020,242
greenland,greenland-outlets-v1,gate-10,201,-244747.50,-2776372.50,-0.883452245,0.468521218,120.000,1.037917946,2022-01,annual,-1.556396,0.000000,1.557255,804
greenland,greenland-outlets-v1,gate-10,202,-244747.50,-2776492.50,-0.883452245,0.468521218,120.000,1.037926502,2022-01,annual,-0.869245,0.000000,0.892334,1181
greenland,greenland-outlets-v1,gate-10,203,-244747.50,-2776612.50,-0.883452245,0.468521218,120.000,1.037935059,2022-01,annual,-0.479947,0.000000,0.596406,2269
greenland,greenland-outlets-v1,gate-10,204,-244867.50,-2776732.50,-0.883452245,0.468521218,120.000,1.037944370,2022-01,annual,1373.498690,16.000000,1374.097046,203
greenland,greenland-outlets-v1,gate-10,205,-244867.50,-2776732.50,-0.883452245,0.468521218,120.000,1.037944370,2022-01,annual,1373.498690,16.000000,1374.097046,203
greenland,greenland-outlets-v1,gate-10,206,-244987.50,-2776852.50,-0.883452245,0.468521218,120.000,1.037953683,2022-01,annual,743.222592,16.000000,810.473816,166
greenland,greenland-outlets-v1,gate-10,207,-244987.50,-2776972.50,-0.883452245,0.468521218,120.000,1.037962240,2022-01,annual,1642.838141,14.000000,1644.498291,202
greenland,greenland-outlets-v1,gate-10,208,-245107.50,-2777092.50,-0.883452245,0.468521218,120.000,1.037971554,2022-01,annual,1288.883907,16.000000,1289.486450,170
greenland,greenland-outlets-v1,gate-10,209,-245107.50,-2777212.50,-0.883452245,0.468521218,120.000,1.037980113,2022-01,annual,1364.170394,16.000000,1366.859009,147
greenland,greenland-outlets-v1,gate-10,210,-245227.50,-2777332.50,-0.883452245,0.468521218,120.000,1.037989427,2022-01,annual,474.198624,71.000000,525.781311,12
greenland,greenland-outlets-v1,gate-10,211,-245227.50,-2777452.50,-0.883452245,0.468521218,120.000,1.037997987,2022-01,annual,526.021658,73.000000,541.772461,12
greenland,greenland-outlets-v1,gate-10,212,-245347.50,-2777572.50,-0.883452245,0.468521218,120.000,1.038007303,2022-01,annual,407.359291,73.000000,419.619812,14
greenland,greenland-outlets-v1,gate-10,213,-245347.50,-2777572.50,-0.883452245,0.468521218,120.000,1.038007303,2022-01,annual,407.359291,73.000000,419.619812,14
greenland,greenland-outlets-v1,gate-10,214,-245467.50,-2777692.50,-0.883452245,0.468521218,120.000,1.038016620,2022-01,annual,671.471974,76.000000,671.471985,17
greenland,greenland-outlets-v1,gate-10,215,-245467.50,-2777812.50,-0.883452245,0.468521218,120.000,1.038025180,2022-01,annual,1480.557495,111.000000,1482.448608,15
greenland,greenland-outlets-v1,gate-10,216,-245587.50,-2778052.50,-0.883452245,0.468521218,120.000,1.038043060,2022-01,annual,1910.322679,114.000000,1926.388306,15
greenland,greenland-outlets-v1,gate-10,217,-245587.50,-2778172.50,-0.883452245,0.468521218,120.000,1.038051622,2022-01,annual,3049.802805,134.000000,3054.364746,14
greenland,greenland-outlets-v1,gate-10,218,-245707.50,-2778292.50,-0.883452245,0.468521218,120.000,1.038060942,2022-01,annual,2386.555345,112.000000,2424.300781,16
greenland,greenland-outlets-v1,gate-10,219,-245707.50,-2778412.50,-0.883452245,0.468521218,120.000,1.038069504,2022-01,annual,3451.699169,126.000000,3458.436523,16
greenland,greenland-outlets-v1,gate-10,220,-245827.50,-2778532.50,-0.883452245,0.468521218,120.000,1.038078825,2022-01,annual,3328.858654,125.000000,3332.104248,16
greenland,greenland-outlets-v1,gate-10,221,-245827.50,-2778532.50,-0.883452245,0.468521218,120.000,1.038078825,2022-01,annual,3328.858654,125.000000,3332.104248,16
greenland,greenland-outlets-v1,gate-10,222,-245947.50,-2778652.50,-0.883452245,0.468521218,120.000,1.038088147,2022-01,annual,3593.383379,129.000000,3598.302002,15
greenland,greenland-outlets-v1,gate-10,223,-245947.50,-2778772.50,-0.883452245,0.468521218,120.000,1.038096711,2022-01,annual,5803.889512,100.000000,5874.408691,15
greenland,greenland-outlets-v1,gate-10,224,-246067.50,-2778892.50,-0.883452245,0.468521218,120.000,1.038106033,2022-01,annual,3982.292249,154.000000,3983.962158,13
greenland,greenland-outlets-v1,gate-10,225,-246067.50,-2779012.50,-0.883452245,0.468521218,120.000,1.038114598,2022-01,annual,7176.973304,112.000000,7285.754395,13
greenland,greenland-outlets-v1,gate-10,226,-246187.50,-2779132.50,-0.883452245,0.468521218,120.000,1.038123922,2022-01,annual,7203.397982,111.000000,7318.694824,13
greenland,greenland-outlets-v1,gate-10,227,-246187.50,-2779252.50,-0.883452245,0.468521218,120.000,1.038132488,2022-01,annual,7687.997485,114.000000,7803.330566,12
greenland,greenland-outlets-v1,gate-10,228,-246307.50,-2779372.50,-0.883452245,0.468521218,120.000,1.038141813,2022-01,annual,4733.483496,167.000000,4736.409668,11
greenland,greenland-outlets-v1,gate-10,229,-246307.50,-2779372.50,-0.883452245,0.468521218,120.000,1.038141813,2022-01,annual,4733.483496,167.000000,4736.409668,11
greenland,greenland-outlets-v1,gate-10,230,-246427.50,-2779492.50,-0.883452245,0.468521218,120.000,1.038151139,2022-01,annual,8036.137222,114.000000,8145.462402,12
greenland,greenland-outlets-v1,gate-10,231,-246427.50,-2779612.50,-0.883452245,0.468521218,120.000,1.038159705,2022-01,annual,9203.741075,135.000000,9363.062500,8
greenland,greenland-outlets-v1,gate-10,232,-246427.50,-2779732.50,-0.883452245,0.468521218,120.000,1.038168273,2022-01,annual,3896.988812,258.000000,3910.919678,9
greenland,greenland-outlets-v1,gate-10,233,-246547.50,-2779852.50,-0.883452245,0.468521218,120.000,1.038177600,2022-01,annual,1028.209702,189.000000,1029.193481,9
greenland,greenland-outlets-v1,gate-10,234,-246547.50,-2779972.50,-0.883452245,0.468521218,120.000,1.038186168,2022-01,annual,241.149425,130.000000,290.708710,31
greenland,greenland-outlets-v1,gate-10,235,-246667.50,-2780092.50,-0.883452245,0.468521218,120.000,1.038195497,2022-01,annual,18.342734,5.000000,23.369925,79
greenland,greenland-outlets-v1,gate-10,236,-246667.50,-2780212.50,-0.883452245,0.468521218,120.000,1.038204066,2022-01,annual,3.833296,1.000000,5.412848,377
greenland,greenland-outlets-v1,gate-10,237,-246787.50,-2780332.50,-0.883452245,0.468521218,120.000,1.038213396,2022-01,annual,4.848870,1.000000,6.406672,683
greenland,greenland-outlets-v1,gate-10,238,-246787.50,-2780332.50,-0.883452245,0.468521218,120.000,1.038213396,2022-01,annual,4.848870,1.000000,6.406672,683
greenland,greenland-outlets-v1,gate-11,239,664252.50,-2270332.50,0.832079762,-0.554655993,120.000,1.010213585,2022-01,annual,1.077153,0.000000,1.077927,3742
greenland,greenland-outlets-v1,gate-11,240,664372.50,-2270212.50,0.832079762,-0.554655993,120.000,1.010208704,2022-01,annual,0.713136,0.000000,0.912390,4887
greenland,greenland-outlets-v1,gate-11,241,664372.50,-2270092.50,0.832079762,-0.554655993,120.000,1.010201804,2022-01,annual,0.405062,0.000000,0.458161,5473
greenland,greenland-outlets-v1,gate-11,242,664492.50,-2269972.50,0.832079762,-0.554655993,120.000,1.010196924,2022-01,annual,-0.340648,0.000000,0.376042,6228
greenland,greenland-outlets-v1,gate-11,243,664852.50,-2269372.50,0.832079762,-0.554655993,120.000,1.010168494,2022-01,annual,-0.460261,0.000000,0.743608,2337
greenland,greenland-outlets-v1,gate-11,244,664972.50,-2269252.50,0.832079762,-0.554655993,120.000,1.010163618,2022-01,annual,-0.329220,0.000000,0.404203,1218
greenland,greenland-outlets-v1,gate-11,245,664972.50,-2269252.50,0.832079762,-0.554655993,120.000,1.010163618,2022-01,annual,-0.329220,0.000000,0.404203,1218
greenland,greenland-outlets-v1,gate-11,246,665092.50,-2269132.50,0.832079762,-0.554655993,120.000,1.010158742,2022-01,annual,0.463089,0.000000,0.568838,1383
greenland,greenland-outlets-v1,gate-11,247,665092.50,-2269012.50,0.832079762,-0.554655993,120.000,1.010151846,2022-01,annual,0.780906,0.000000,0.789911,3067
greenland,greenland-outlets-v1,gate-11,248,665212.50,-2268892.50,0.832079762,-0.554655993,120.000,1.010146972,2022-01,annual,6676.377146,98.000000,6697.366699,32
greenland,greenland-outlets-v1,gate-11,249,665212.50,-2268772.50,0.832079762,-0.554655993,120.000,1.010140076,2022-01,annual,7010.620787,78.000000,7103.154297,33
greenland,greenland-outlets-v1,gate-11,250,665332.50,-2268652.50,0.832079762,-0.554655993,120.000,1.010135203,2022-01,annual,4720.638844,90.000000,4736.096680,43
greenland,greenland-outlets-v1,gate-11,251,665452.50,-2268652.50,0.832079762,-0.554655993,120.000,1.010137225,2022-01,annual,5314.403193,58.000000,5335.667969,66
greenland,greenland-outlets-v1,gate-11,252,665452.50,-2268532.50,0.832079762,-0.554655993,120.000,1.010130331,2022-01,annual,5912.731619,54.000000,6028.617188,66
greenland,greenland-outlets-v1,gate-11,253,665572.50,-2268412.50,0.832079762,-0.554655993,120.000,1.010125459,2022-01,annual,6840.832462,50.000000,6923.317383,72
greenland,greenland-outlets-v1,gate-11,254,665572.50,-2268292.50,0.832079762,-0.554655993,120.000,1.010118565,2022-01,annual,6868.907434,46.000000,6992.595703,74
greenland,greenland-outlets-v1,gate-11,255,665692.50,-2268172.50,0.832079762,-0.554655993,120.000,1.010113694,2022-01,annual,6821.404122,46.000000,6889.531738,77
greenland,greenland-outlets-v1,gate-11,256,665692.50,-2268052.50,0.832079762,-0.554655993,120.000,1.010106801,2022-01,annual,7515.605155,44.000000,7574.681152,73
greenland,greenland-outlets-v1,gate-11,257,665812.50,-2268052.50,0.832079762,-0.554655993,120.000,1.010108825,2022-01,annual,7264.382784,34.000000,7343.166016,78
greenland,greenland-outlets-v1,gate-11,258,665812.50,-2267932.50,0.832079762,-0.554655993,120.000,1.010101932,2022-01,annual,7387.637483,34.000000,7490.084961,74
greenland,greenland-outlets-v1,gate-11,259,665932.50,-2267812.50,0.832079762,-0.554655993,120.000,1.010097063,2022-01,annual,6910.762848,58.000000,6968.184570,66
greenland,greenland-outlets-v1,gate-11,260,666172.50,-2267452.50,0.832079762,-0.554655993,120.000,1.010080436,2022-01,annual,3566.266003,101.000000,3566.302979,34
greenland,greenland-outlets-v1,gate-12,261,-260587.50,-1980172.50,-0.687258612,-0.726412830,120.000,0.989972154,2022-01,annual,0.972247,0.000000,1.898134,2371
greenland,greenland-outlets-v1,gate-12,262,-260467.50,-1980292.50,-0.687258612,-0.726412830,120.000,0.989977327,2022-01,annual,8011.487631,21.000000,8023.925781,214
greenland,greenland-outlets-v1,gate-12,263,-260347.50,-1980292.50,-0.687258612,-0.726412830,120.000,0.989976544,2022-01,annual,8648.995134,20.000000,8665.331055,224
greenland,greenland-outlets-v1,gate-12,264,-260347.50,-1980412.50,-0.687258612,-0.726412830,120.000,0.989982500,2022-01,annual,8454.553273,20.000000,8470.070312,227
greenland,greenland-outlets-v1,gate-12,265,-260227.50,-1980532.50,-0.687258612,-0.726412830,120.000,0.989987675,2022-01,annual,7410.452104,18.000000,7431.036133,261
greenland,greenland-outlets-v1,gate-12,266,-260107.50,-1980532.50,-0.687258612,-0.726412830,120.000,0.989986892,2022-01,annual,8440.665624,18.000000,8459.568359,269
greenland,greenland-outlets-v1,gate-12,267,-259987.50,-1980652.50,-0.687258612,-0.726412830,120.000,0.989992067,2022-01,annual,8678.640187,18.000000,8687.196289,279
greenland,greenland-outlets-v1,gate-12,268,-259987.50,-1980772.50,-0.687258612,-0.726412830,120.000,0.989998025,2022-01,annual,8560.331767,18.000000,8567.290039,279
greenland,greenland-outlets-v1,gate-12,269,-259867.50,-1980772.50,-0.687258612,-0.726412830,120.000,0.989997244,2022-01,annual,8582.515339,17.000000,8589.521484,281
greenland,greenland-outlets-v1,gate-12,270,-259747.50,-1980892.50,-0.687258612,-0.726412830,120.000,0.990002420,2022-01,annual,8573.800447,17.000000,8577.980469,282
greenland,greenland-outlets-v1,gate-12,271,-259747.50,-1981012.50,-0.687258612,-0.726412830,120.000,0.990008379,2022-01,annual,8474.373387,18.000000,8478.018555,279
greenland,greenland-outlets-v1,gate-12,272,-259627.50,-1981132.50,-0.687258612,-0.726412830,120.000,0.990013557,2022-01,annual,8512.983376,19.000000,8513.845703,275
greenland,greenland-outlets-v1,gate-12,273,-259507.50,-1981132.50,-0.687258612,-0.726412830,120.000,0.990012776,2022-01,annual,8497.808560,19.000000,8498.039062,275
greenland,greenland-outlets-v1,gate-12,274,-259387.50,-1981252.50,-0.687258612,-0.726412830,120.000,0.990017955,2022-01,annual,8404.233062,19.000000,8404.384766,268
greenland,greenland-outlets-v1,gate-12,275,-259387.50,-1981372.50,-0.687258612,-0.726412830,120.000,0.990023915,2022-01,annual,8170.220004,20.000000,8170.283203,248
greenland,greenland-outlets-v1,gate-12,276,-259267.50,-1981372.50,-0.687258612,-0.726412830,120.000,0.990023135,2022-01,annual,7987.469017,21.000000,7988.244629,232
greenland,greenland-outlets-v1,gate-12,277,-259147.50,-1981492.50,-0.687258612,-0.726412830,120.000,0.990028316,2022-01,annual,7723.645257,22.000000,7723.685547,218
greenland,greenland-outlets-v1,gate-12,278,-259027.50,-1981612.50,-0.687258612,-0.726412830,120.000,0.990033497,2022-01,annual,7597.961781,24.000000,7598.289062,206
greenland,greenland-outlets-v1,gate-12,279,-259027.50,-1981612.50,-0.687258612,-0.726412830,120.000,0.990033497,2022-01,annual,7597.961781,24.000000,7598.289062,206
greenland,greenland-outlets-v1,gate-12,280,-258907.50,-1981732.50,-0.687258612,-0.726412830,120.000,0.990038679,2022-01,annual,7671.106309,28.000000,7672.030273,176
greenland,greenland-outlets-v1,gate-12,281,-258787.50,-1981852.50,-0.687258612,-0.726412830,120.000,0.990043862,2022-01,annual,4174.051537,44.000000,4185.386719,128
greenland,greenland-outlets-v1,gate-12,282,-258787.50,-1981852.50,-0.687258612,-0.726412830,120.000,0.990043862,2022-01,annual,4174.051537,44.000000,4185.386719,128
greenland,greenland-outlets-v1,gate-12,283,-258667.50,-1981972.50,-0.687258612,-0.726412830,120.000,0.990049045,2022-01,annual,1859.299431,52.000000,1864.943481,80
greenland,greenland-outlets-v1,gate-12,284,-258547.50,-1982092.50,-0.687258612,-0.726412830,120.000,0.990054229,2022-01,annual,0.250430,0.000000,0.975417,5008
greenland,greenland-outlets-v1,gate-12,285,-258427.50,-1982092.50,-0.687258612,-0.726412830,120.000,0.990053452,2022-01,annual,-0.074280,0.000000,0.793909,5153
greenland,greenland-outlets-v1,gate-01,0,-167827.50,-3142852.50,-0.139044586,0.990286122,120.000,1.065551284,2023-01,annual,33.829057,0.000000,88.446068,8723
greenland,greenland-outlets-v1,gate-01,1,-167947.50,-3142852.50,-0.139044586,0.990286122,120.000,1.065551809,2023-01,annual,32.722400,0.000000,87.052551,8797
greenland,greenland-outlets-v1,gate-01,2,-168067.50,-3142852.50,-0.139044586,0.990286122,120.000,1.065552334,2023-01,annual,32.013997,0.000000,87.921188,8876
greenland,greenland-outlets-v1,gate-01,3,-168187.50,-3142852.50,-0.139044586,0.990286122,120.000,1.065552859,2023-01,annual,31.554346,0.000000,85.802849,8952
greenland,greenland-outlets-v1,gate-01,4,-168307.50,-3142852.50,-0.139044586,0.990286122,120.000,1.065553384,2023-01,annual,27.553206,0.000000,82.026001,9021
greenland,greenland-outlets-v1,gate-01,5,-168427.50,-3142852.50,-0.139044586,0.990286122,120.000,1.065553910,2023-01,annual,22.847095,0.000000,80.446877,9129
greenland,greenland-outlets-v1,gate-01,6,-168547.50,-3142852.50,-0.139044586,0.990286122,120.000,1.065554436,2023-01,annual,19.745910,0.000000,75.542404,9281
greenland,greenland-outlets-v1,gate-01,7,-168667.50,-3142852.50,-0.139044586,0.990286122,120.000,1.065554963,2023-01,annual,17.594378,0.000000,75.858887,9426
greenland,greenland-outlets-v1,gate-01,8,-168787.50,-3142972.50,-0.139044586,0.990286122,120.000,1.065565307,2023-01,annual,13.758357,0.000000,69.101982,8988
greenland,greenland-outlets-v1,gate-01,9,-168907.50,-3142972.50,-0.139044586,0.990286122,120.000,1.065565834,2023-01,annual,12.678983,0.000000,67.973541,8995
greenland,greenland-outlets-v1,gate-01,10,-169027.50,-3142972.50,-0.139044586,0.990286122,120.000,1.065566362,2023-01,annual,11.290769,0.000000,63.258568,9033
greenland,greenland-outlets-v1,gate-01,11,-169147.50,-3142972.50,-0.139044586,0.990286122,120.000,1.065566890,2023-01,annual,9.121008,0.000000,57.440277,9118
greenland,greenland-outlets-v1,gate-01,12,-169267.50,-3142972.50,-0.139044586,0.990286122,120.000,1.065567419,2023-01,annual,9.602918,0.000000,55.529015,9212
greenland,greenland-outlets-v1,gate-01,13,-169387.50,-3142972.50,-0.139044586,0.990286122,120.000,1.065567948,2023-01,annual,11.042481,0.000000,55.491184,9266
greenland,greenland-outlets-v1,gate-01,14,-169507.50,-3142972.50,-0.139044586,0.990286122,120.000,1.065568477,2023-01,annual,11.887960,0.000000,54.218220,9229
greenland,greenland-outlets-v1,gate-01,15,-169627.50,-3143092.50,-0.139044586,0.990286122,120.000,1.065578824,2023-01,annual,8.563615,0.000000,43.626190,9083
greenland,greenland-outlets-v1,gate-01,16,-169747.50,-3143092.50,-0.139044586,0.990286122,120.000,1.065579354,2023-01,annual,8.734551,0.000000,42.230186,8934
greenland,greenland-outlets-v1,gate-01,17,-169867.50,-3143092.50,-0.139044586,0.990286122,120.000,1.065579884,2023-01,annual,9.065336,0.000000,37.911354,8898
greenland,greenland-outlets-v1,gate-01,18,-169987.50,-3143092.50,-0.139044586,0.990286122,120.000,1.065580415,2023-01,annual,8.310816,0.000000,36.742702,8897
greenland,greenland-outlets-v1,gate-01,19,-170107.50,-3143092.50,-0.139044586,0.990286122,120.000,1.065580946,2023-01,annual,8.053133,0.000000,35.363556,8923
greenland,greenland-outlets-v1,gate-01,20,-170227.50,-3143092.50,-0.139044586,0.990286122,120.000,1.065581478,2023-01,annual,7.214886,0.000000,35.655685,8838
greenland,greenland-outlets-v1,gate-01,21,-170347.50,-3143092.50,-0.139044586,0.990286122,120.000,1.065582010,2023-01,annual,6.414106,0.000000,34.227764,8711
greenland,greenland-outlets-v1,gate-01,22,-170467.50,-3143212.50,-0.139044586,0.990286122,120.000,1.065592360,2023-01,annual,3.686467,0.000000,24.911047,5961
greenland,greenland-outlets-v1,gate-01,23,-170587.50,-3143212.50,-0.139044586,0.990286122,120.000,1.065592893,2023-01,annual,2.226909,0.000000,24.529835,5914
greenland,greenland-outlets-v1,gate-01,24,-170707.50,-3143212.50,-0.139044586,0.990286122,120.000,1.065593426,2023-01,annual,1.849325,0.000000,24.032579,5801
greenland,greenland-outlets-v1,gate-01,25,-170827.50,-3143212.50,-0.139044586,0.990286122,120.000,1.065593959,2023-01,annual,2.028317,0.000000,23.204865,5554
greenland,greenland-outlets-v1,gate-01,26,-170947.50,-3143212.50,-0.139044586,0.990286122,120.000,1.065594493,2023-01,annual,2.714980,0.000000,21.180006,7086
greenland,greenland-outlets-v1,gate-01,27,-171067.50,-3143212.50,-0.139044586,0.990286122,120.000,1.065595027,2023-01,annual,2.469224,0.000000,19.644876,7139
greenland,greenland-outlets-v1,gate-01,28,-171187.50,-3143212.50,-0.139044586,0.990286122,120.000,1.065595561,2023-01,annual,0.862210,0.000000,21.710096,7237
greenland,greenland-outlets-v1,gate-01,29,-172387.50,-3143452.50,-0.139044586,0.990286122,120.000,1.065620564,2023-01,annual,1.401623,0.000000,8.688046,7951
greenland,greenland-outlets-v1,gate-01,30,-172507.50,-3143452.50,-0.139044586,0.990286122,120.000,1.065621103,2023-01,annual,2.240202,0.000000,6.112165,7687
greenland,greenland-outlets-v1,gate-01,31,-172627.50,-3143452.50,-0.139044586,0.990286122,120.000,1.065621642,2023-01,annual,1.937504,0.000000,4.931296,7453
greenland,greenland-outlets-v1,gate-01,32,-172747.50,-3143452.50,-0.139044586,0.990286122,120.000,1.065622181,2023-01,annual,1.543958,0.000000,3.245448,7353
greenland,greenland-outlets-v1,gate-01,33,-172867.50,-3143452.50,-0.139044586,0.990286122,120.000,1.065622721,2023-01,annual,0.586089,0.000000,1.118398,7458
greenland,greenland-outlets-v1,gate-02,34,-196387.50,-2272852.50,-0.999160466,0.040967840,120.000,1.005265518,2023-01,annual,11803.276299,191.000000,11851.746094,129
greenland,greenland-outlets-v1,gate-02,35,-196387.50,-2272972.50,-0.999160466,0.040967840,120.000,1.005272409,2023-01,annual,11802.955569,190.000000,11849.858398,129
greenland,greenland-outlets-v1,gate-02,36,-196387.50,-2273092.50,-0.999160466,0.040967840,120.000,1.005279300,2023-01,annual,11772.133009,190.000000,11819.596680,130
greenland,greenland-outlets-v1,gate-02,37,-196387.50,-2273212.50,-0.999160466,0.040967840,120.000,1.005286191,2023-01,annual,11687.529110,191.000000,11733.621094,129
greenland,greenland-outlets-v1,gate-02,38,-196387.50,-2273332.50,-0.999160466,0.040967840,120.000,1.005293083,2023-01,annual,11657.120273,187.000000,11703.265625,130
greenland,greenland-outlets-v1,gate-02,39,-196387.50,-2273452.50,-0.999160466,0.040967840,120.000,1.005299976,2023-01,annual,11688.153519,184.000000,11731.165039,133
greenland,greenland-outlets-v1,gate-02,40,-196387.50,-2273572.50,-0.999160466,0.040967840,120.000,1.005306868,2023-01,annual,11405.122676,186.000000,11440.460938,126
greenland,greenland-outlets-v1,gate-02,41,-196387.50,-2273692.50,-0.999160466,0.040967840,120.000,1.005313762,2023-01,annual,9686.917150,186.000000,9725.085938,121
greenland,greenland-outlets-v1,gate-02,42,-196387.50,-2273812.50,-0.999160466,0.040967840,120.000,1.005320655,2023-01,annual,9457.946962,186.000000,9497.763672,120
greenland,greenland-outlets-v1,gate-02,43,-196387.50,-2273932.50,-0.999160466,0.040967840,120.000,1.005327549,2023-01,annual,8915.529846,194.000000,8953.123047,118
greenland,greenland-outlets-v1,gate-02,44,-196387.50,-2274052.50,-0.999160466,0.040967840,120.000,1.005334443,2023-01,annual,8543.695969,216.000000,8573.037109,113
greenland,greenland-outlets-v1,gate-02,45,-196387.50,-2274172.50,-0.999160466,0.040967840,120.000,1.005341338,2023-01,annual,8383.473705,215.000000,8410.071289,112
greenland,greenland-outlets-v1,gate-02,46,-196387.50,-2274292.50,-0.999160466,0.040967840,120.000,1.005348233,2023-01,annual,8512.754581,286.000000,8526.268555,89
greenland,greenland-outlets-v1,gate-02,47,-196507.50,-2274412.50,-0.999160466,0.040967840,120.000,1.005355724,2023-01,annual,1891.453340,597.000000,1895.365967,44
greenland,greenland-outlets-v1,gate-02,48,-196507.50,-2274532.50,-0.999160466,0.040967840,120.000,1.005362620,2023-01,annual,1302.017252,442.000000,1304.604858,59
greenland,greenland-outlets-v1,gate-02,49,-196507.50,-2274652.50,-0.999160466,0.040967840,120.000,1.005369516,2023-01,annual,-57.710120,32.000000,241.665390,69
greenland,greenland-outlets-v1,gate-02,50,-196507.50,-2274772.50,-0.999160466,0.040967840,120.000,1.005376413,2023-01,annual,-117.292859,19.000000,476.724854,72
greenland,greenland-outlets-v1,gate-02,51,-196507.50,-2274892.50,-0.999160466,0.040967840,120.000,1.005383310,2023-01,annual,78.214004,18.000000,1431.250977,80
greenland,greenland-outlets-v1,gate-02,52,-196507.50,-2275012.50,-0.999160466,0.040967840,120.000,1.005390207,2023-01,annual,-57.006020,13.000000,1453.561890,104
greenland,greenland-outlets-v1,gate-02,53,-196507.50,-2275132.50,-0.999160466,0.040967840,120.000,1.005397105,2023-01,annual,5350.838349,11.000000,5777.753418,168
greenland,greenland-outlets-v1,gate-02,54,-196507.50,-2275252.50,-0.999160466,0.040967840,120.000,1.005404003,2023-01,annual,5196.023521,11.000000,5628.346191,174
greenland,greenland-outlets-v1,gate-02,55,-196507.50,-2275372.50,-0.999160466,0.040967840,120.000,1.005410901,2023-01,annual,5067.326311,10.000000,5575.543457,189
greenland,greenland-outlets-v1,gate-02,56,-196507.50,-2275492.50,-0.999160466,0.040967840,120.000,1.005417800,2023-01,annual,4880.609919,9.000000,5301.830078,207
greenland,greenland-outlets-v1,gate-02,57,-196507.50,-2275612.50,-0.999160466,0.040967840,120.000,1.005424700,2023-01,annual,4784.023274,8.000000,5213.178223,228
greenland,greenland-outlets-v1,gate-02,58,-196507.50,-2275732.50,-0.999160466,0.040967840,120.000,1.005431599,2023-01,annual,4513.783666,7.000000,4965.084473,251
greenland,greenland-outlets-v1,gate-02,59,-196507.50,-2275852.50,-0.999160466,0.040967840,120.000,1.005438500,2023-01,annual,4398.786150,6.000000,4856.843262,285
greenland,greenland-outlets-v1,gate-03,60,-324907.50,-1773052.50,-0.960147262,-0.279494607,120.000,0.980723532,2023-01,annual,3100.668885,6.000000,3429.657227,349
greenland,greenland-outlets-v1,gate-03,61,-324907.50,-1773172.50,-0.960147262,-0.279494607,120.000,0.980728839,2023-01,annual,3027.530114,6.000000,3340.958008,346
greenland,greenland-outlets-v1,gate-03,62,-324787.50,-1773292.50,-0.960147262,-0.279494607,120.000,0.980733175,2023-01,annual,3040.313456,6.000000,3366.180664,348
greenland,greenland-outlets-v1,gate-03,63,-324787.50,-1773412.50,-0.960147262,-0.279494607,120.000,0.980738484,2023-01,annual,2940.355583,6.000000,3268.395508,341
greenland,greenland-outlets-v1,gate-03,64,-324787.50,-1773532.50,-0.960147262,-0.279494607,120.000,0.980743793,2023-01,annual,2886.090738,7.000000,3192.166748,333
greenland,greenland-outlets-v1,gate-03,65,-324787.50,-1773652.50,-0.960147262,-0.279494607,120.000,0.980749102,2023-01,annual,2721.495477,11.000000,2984.362305,289
greenland,greenland-outlets-v1,gate-03,66,-324667.50,-1773772.50,-0.960147262,-0.279494607,120.000,0.980753440,2023-01,annual,2480.082569,10.000000,2697.403320,299
greenland,greenland-outlets-v1,gate-03,67,-324667.50,-1773892.50,-0.960147262,-0.279494607,120.000,0.980758750,2023-01,annual,2467.186876,13.000000,2669.021240,224
greenland,greenland-outlets-v1,gate-03,68,-324667.50,-1774012.50,-0.960147262,-0.279494607,120.000,0.980764060,2023-01,annual,2363.397131,24.000000,2555.974121,193
greenland,greenland-outlets-v1,gate-03,69,-324547.50,-1774132.50,-0.960147262,-0.279494607,120.000,0.980768399,2023-01,annual,2397.054903,21.000000,2614.219482,220
greenland,greenland-outlets-v1,gate-03,70,-324547.50,-1774252.50,-0.960147262,-0.279494607,120.000,0.980773711,2023-01,annual,2306.294817,38.000000,2488.410645,149
greenland,greenland-outlets-v1,gate-03,71,-324547.50,-1774372.50,-0.960147262,-0.279494607,120.000,0.980779022,2023-01,annual,1972.562578,60.000000,2090.253906,117
greenland,greenland-outlets-v1,gate-03,72,-324547.50,-1774492.50,-0.960147262,-0.279494607,120.000,0.980784334,2023-01,annual,1263.959117,98.000000,1304.379395,92
greenland,greenland-outlets-v1,gate-03,73,-324427.50,-1774492.50,-0.960147262,-0.279494607,120.000,0.980783363,2023-01,annual,1607.951272,119.000000,1619.122314,81
greenland,greenland-outlets-v1,gate-03,74,-324427.50,-1774612.50,-0.960147262,-0.279494607,120.000,0.980788675,2023-01,annual,1089.932742,114.000000,1135.561768,80
greenland,greenland-outlets-v1,gate-03,75,-324427.50,-1774732.50,-0.960147262,-0.279494607,120.000,0.980793988,2023-01,annual,955.562295,131.000000,1082.949219,76
greenland,greenland-outlets-v1,gate-03,76,-324427.50,-1774852.50,-0.960147262,-0.279494607,120.000,0.980799301,2023-01,annual,1052.190801,136.000000,1174.528564,71
greenland,greenland-outlets-v1,gate-03,77,-324307.50,-1774972.50,-0.960147262,-0.279494607,120.000,0.980803643,2023-01,annual,1767.554800,181.000000,1987.194946,58
greenland,greenland-outlets-v1,gate-03,78,-324307.50,-1775092.50,-0.960147262,-0.279494607,120.000,0.980808957,2023-01,annual,2181.636305,186.000000,2359.698730,58
greenland,greenland-outlets-v1,gate-03,79,-324307.50,-1775212.50,-0.960147262,-0.279494607,120.000,0.980814271,2023-01,annual,2589.433165,145.000000,2816.352539,73
greenland,greenland-outlets-v1,gate-03,80,-324187.50,-1775332.50,-0.960147262,-0.279494607,120.000,0.980818615,2023-01,annual,2669.389122,156.000000,2944.196777,70
greenland,greenland-outlets-v1,gate-03,81,-324187.50,-1775452.50,-0.960147262,-0.279494607,120.000,0.980823930,2023-01,annual,3098.073111,149.000000,3461.690918,71
greenland,greenland-outlets-v1,gate-03,82,-324187.50,-1775572.50,-0.960147262,-0.279494607,120.000,0.980829245,2023-01,annual,3236.258699,128.000000,3813.449707,74
greenland,greenland-outlets-v1,gate-03,83,-324187.50,-1775692.50,-0.960147262,-0.279494607,120.000,0.980834561,2023-01,annual,3229.231772,116.000000,3964.425049,78
greenland,greenland-outlets-v1,gate-03,84,-324067.50,-1775812.50,-0.960147262,-0.279494607,120.000,0.980838907,2023-01,annual,3312.150682,123.000000,4104.541992,75
greenland,greenland-outlets-v1,gate-03,85,-324067.50,-1775932.50,-0.960147262,-0.279494607,120.000,0.980844223,2023-01,annual,3229.344759,128.000000,4172.646484,67
greenland,greenland-outlets-v1,gate-04,86,183652.50,-2727652.50,0.502097806,-0.864810843,120.000,1.034142090,2023-01,annual,-0.074484,1.000000,0.259639,948
greenland,greenland-outlets-v1,gate-04,87,183772.50,-2727532.50,0.502097806,-0.864810843,120.000,1.034134265,2023-01,annual,4359.564722,809.000000,4439.661133,7
greenland,greenland-outlets-v1,gate-04,88,183892.50,-2727532.50,0.502097806,-0.864810843,120.000,1.034134831,2023-01,annual,4701.656575,690.000000,4870.734375,7
greenland,greenland-outlets-v1,gate-04,89,183892.50,-2727412.50,0.502097806,-0.864810843,120.000,1.034126441,2023-01,annual,5023.011716,512.000000,5029.509277,12
greenland,greenland-outlets-v1,gate-04,90,184012.50,-2727412.50,0.502097806,-0.864810843,120.000,1.034127007,2023-01,annual,6933.381823,488.000000,6980.511230,13
greenland,greenland-outlets-v1,gate-04,91,185812.50,-2726332.50,0.502097806,-0.864810843,120.000,1.034060049,2023-01,annual,7330.557598,233.000000,7360.564941,51
greenland,greenland-outlets-v1,gate-04,92,185932.50,-2726212.50,0.502097806,-0.864810843,120.000,1.034052235,2023-01,annual,7101.389189,267.000000,7121.425781,39
greenland,greenland-outlets-v1,gate-04,93,186052.50,-2726212.50,0.502097806,-0.864810843,120.000,1.034052807,2023-01,annual,4165.599672,282.000000,4166.135742,30
greenland,greenland-outlets-v1,gate-04,94,186172.50,-2726092.50,0.502097806,-0.864810843,120.000,1.034044995,2023-01,annual,632.442752,128.000000,766.434326,37
greenland,greenland-outlets-v1,gate-04,95,186172.50,-2726092.50,0.502097806,-0.864810843,120.000,1.034044995,2023-01,annual,632.442752,128.000000,766.434326,37
greenland,greenland-outlets-v1,gate-04,96,186292.50,-2725972.50,0.502097806,-0.864810843,120.000,1.034037183,2023-01,annual,521.540967,39.000000,894.900208,135
greenland,greenland-outlets-v1,gate-04,97,186412.50,-2725972.50,0.502097806,-0.864810843,120.000,1.034037756,2023-01,annual,101.444869,15.000000,594.405212,274
greenland,greenland-outlets-v1,gate-04,98,186532.50,-2725852.50,0.502097806,-0.864810843,120.000,1.034029945,2023-01,annual,68.756420,13.000000,663.797607,237
greenland,greenland-outlets-v1,gate-04,99,186652.50,-2725852.50,0.502097806,-0.864810843,120.000,1.034030519,2023-01,annual,22.100572,8.000000,532.552917,446
greenland,greenland-outlets-v1,gate-04,100,186772.50,-2725732.50,0.502097806,-0.864810843,120.000,1.034022709,2023-01,annual,-20.956246,7.000000,535.768738,477
greenland,greenland-outlets-v1,gate-04,101,186892.50,-2725732.50,0.502097806,-0.864810843,120.000,1.034023284,2023-01,annual,-25.484971,4.000000,420.373169,642
greenland,greenland-outlets-v1,gate-04,102,187012.50,-2725612.50,0.502097806,-0.864810843,120.000,1.034015475,2023-01,annual,-74.059175,4.000000,451.000702,653
greenland,greenland-outlets-v1,gate-04,103,187012.50,-2725612.50,0.502097806,-0.864810843,120.000,1.034015475,2023-01,annual,-74.059175,4.000000,451.000702,653
greenland,greenland-outlets-v1,gate-04,104,187132.50,-2725492.50,0.502097806,-0.864810843,120.000,1.034007667,2023-01,annual,-112.562548,4.000000,473.396881,679
greenland,greenland-outlets-v1,gate-04,105,187252.50,-2725492.50,0.502097806,-0.864810843,120.000,1.034008243,2023-01,annual,-116.200042,4.000000,438.370880,698
greenland,greenland-outlets-v1,gate-04,106,187372.50,-2725372.50,0.502097806,-0.864810843,120.000,1.034000436,2023-01,annual,-128.377255,4.000000,451.690399,697
greenland,greenland-outlets-v1,gate-04,107,187492.50,-2725372.50,0.502097806,-0.864810843,120.000,1.034001013,2023-01,annual,-123.857074,4.000000,415.415314,721
greenland,greenland-outlets-v1,gate-04,108,187612.50,-2725252.50,0.502097806,-0.864810843,120.000,1.033993207,2023-01,annual,-125.798256,4.000000,438.476898,692
greenland,greenland-outlets-v1,gate-04,109,187732.50,-2725252.50,0.502097806,-0.864810843,120.000,1.033993784,2023-01,annual,-117.183935,4.000000,408.845917,687
greenland,greenland-outlets-v1,gate-04,110,187732.50,-2725132.50,0.502097806,-0.864810843,120.000,1.033985402,2023-01,annual,-124.086407,4.000000,446.934967,659
greenland,greenland-outlets-v1,gate-04,111,187852.50,-2725132.50,0.502097806,-0.864810843,120.000,1.033985980,2023-01,annual,-127.000903,4.000000,389.321564,680
greenland,greenland-outlets-v1,gate-04,112,187972.50,-2725012.50,0.502097806,-0.864810843,120.000,1.033978176,2023-01,annual,-125.481427,4.000000,364.273163,628
greenland,greenland-outlets-v1,gate-04,113,188092.50,-2725012.50,0.502097806,-0.864810843,120.000,1.033978754,2023-01,annual,-121.550719,3.000000,337.366699,608
greenland,greenland-outlets-v1,gate-04,114,188212.50,-2724892.50,0.502097806,-0.864810843,120.000,1.033970952,2023-01,annual,-134.662602,3.000000,337.549622,579
greenland,greenland-outlets-v1,gate-04,115,188332.50,-2724892.50,0.502097806,-0.864810843,120.000,1.033971531,2023-01,annual,-141.367045,4.000000,323.037933,495
greenland,greenland-outlets-v1,gate-04,116,188452.50,-2724772.50,0.502097806,-0.864810843,120.000,1.033963730,2023-01,annual,-150.325541,4.000000,328.326630,456
greenland,greenland-outlets-v1,gate-05,117,494332.50,-2296372.50,0.931437169,-0.363902185,120.000,1.009226686,2023-01,annual,8735.384822,43.000000,8748.633789,182
greenland,greenland-outlets-v1,gate-05,118,495412.50,-2293612.50,0.931437169,-0.363902185,120.000,1.009079871,2023-01,annual,8965.672807,6.000000,8978.403320,634
greenland,greenland-outlets-v1,gate-05,119,495412.50,-2293492.50,0.931437169,-0.363902185,120.000,1.009072904,2023-01,annual,8854.823630,7.000000,8865.505859,644
greenland,greenland-outlets-v1,gate-05,120,495532.50,-2293372.50,0.931437169,-0.363902185,120.000,1.009067443,2023-01,annual,8758.300379,7.000000,8771.173828,638
greenland,greenland-outlets-v1,gate-05,121,495532.50,-2293252.50,0.931437169,-0.363902185,120.000,1.009060477,2023-01,annual,8707.231992,7.000000,8718.878906,638
greenland,greenland-outlets-v1,gate-05,122,495532.50,-2293132.50,0.931437169,-0.363902185,120.000,1.009053511,2023-01,annual,8512.849503,7.000000,8524.328125,630
greenland,greenland-outlets-v1,gate-05,123,495652.50,-2293012.50,0.931437169,-0.363902185,120.000,1.009048051,2023-01,annual,8137.308894,7.000000,8152.887207,557
greenland,greenland-outlets-v1,gate-05,124,495652.50,-2292892.50,0.931437169,-0.363902185,120.000,1.009041086,2023-01,annual,7989.393785,7.000000,8005.001465,489
greenland,greenland-outlets-v1,gate-05,125,495772.50,-2292772.50,0.931437169,-0.363902185,120.000,1.009035627,2023-01,annual,6753.428455,11.000000,6768.357422,353
greenland,greenland-outlets-v1,gate-05,126,495772.50,-2292772.50,0.931437169,-0.363902185,120.000,1.009035627,2023-01,annual,6753.428455,11.000000,6768.357422,353
greenland,greenland-outlets-v1,gate-05,127,495772.50,-2292652.50,0.931437169,-0.363902185,120.000,1.009028663,2023-01,annual,2510.904899,32.000000,2546.720703,276
greenland,greenland-outlets-v1,gate-05,128,495892.50,-2292532.50,0.931437169,-0.363902185,120.000,1.009023206,2023-01,annual,789.608583,19.000000,879.767273,447
greenland,greenland-outlets-v1,gate-05,129,495892.50,-2292412.50,0.931437169,-0.363902185,120.000,1.009016242,2023-01,annual,856.586370,16.000000,964.471619,498
greenland,greenland-outlets-v1,gate-05,130,495892.50,-2292292.50,0.931437169,-0.363902185,120.000,1.009009279,2023-01,annual,1206.528294,24.000000,1351.398804,240
greenland,greenland-outlets-v1,gate-05,131,496012.50,-2292172.50,0.931437169,-0.363902185,120.000,1.009003823,2023-01,annual,832.707688,9.000000,886.375854,632
greenland,greenland-outlets-v1,gate-05,132,496012.50,-2292052.50,0.931437169,-0.363902185,120.000,1.008996861,2023-01,annual,745.222044,9.000000,841.092285,661
greenland,greenland-outlets-v1,gate-05,133,496012.50,-2291932.50,0.931437169,-0.363902185,120.000,1.008989899,2023-01,annual,579.530501,8.000000,668.887634,692
greenland,greenland-outlets-v1,gate-05,134,496132.50,-2291812.50,0.931437169,-0.363902185,120.000,1.008984444,2023-01,annual,589.782844,7.000000,699.741943,706
greenland,greenland-outlets-v1,gate-05,135,496132.50,-2291692.50,0.931437169,-0.363902185,120.000,1.008977483,2023-01,annual,552.394112,8.000000,637.463013,684
greenland,greenland-outlets-v1,gate-05,136,496252.50,-2291572.50,0.931437169,-0.363902185,120.000,1.008972030,2023-01,annual,309.171361,7.000000,378.427368,695
greenland,greenland-outlets-v1,gate-05,137,496252.50,-2291452.50,0.931437169,-0.363902185,120.000,1.008965070,2023-01,annual,83.109236,2.000000,145.028625,811
greenland,greenland-outlets-v1,gate-05,138,496252.50,-2291332.50,0.931437169,-0.363902185,120.000,1.008958110,2023-01,annual,34.915274,1.000000,82.404716,1044
greenland,greenland-outlets-v1,gate-05,139,496372.50,-2291212.50,0.931437169,-0.363902185,120.000,1.008952658,2023-01,annual,15.521106,1.000000,54.712383,1274
greenland,greenland-outlets-v1,gate-05,140,496372.50,-2291212.50,0.931437169,-0.363902185,120.000,1.008952658,2023-01,annual,15.521106,1.000000,54.712383,1274
greenland,greenland-outlets-v1,gate-05,141,496372.50,-2291092.50,0.931437169,-0.363902185,120.000,1.008945699,2023-01,annual,10.616911,1.000000,42.859619,1374
greenland,greenland-outlets-v1,gate-05,142,496492.50,-2290972.50,0.931437169,-0.363902185,120.000,1.008940248,2023-01,annual,-3.085904,1.000000,12.701148,1594
greenland,greenland-outlets-v1,gate-05,143,496492.50,-2290852.50,0.931437169,-0.363902185,120.000,1.008933289,2023-01,annual,-1.632229,0.000000,3.302520,2771
greenland,greenland-outlets-v1,gate-06,144,-328987.50,-1718692.50,-0.815309184,-0.579025850,120.000,0.978390724,2023-01,annual,0.238786,0.000000,1.871842,2996
greenland,greenland-outlets-v1,gate-06,145,-328987.50,-1718812.50,-0.815309184,-0.579025850,120.000,0.978395863,2023-01,annual,-1.799316,1.000000,3.544389,847
greenland,greenland-outlets-v1,gate-06,146,-328867.50,-1718932.50,-0.815309184,-0.579025850,120.000,0.978400019,2023-01,annual,576.954858,16.000000,635.904358,288
greenland,greenland-outlets-v1,gate-06,147,-328747.50,-1718932.50,-0.815309184,-0.579025850,120.000,0.978399036,2023-01,annual,844.217635,15.000000,922.489136,300
greenland,greenland-outlets-v1,gate-06,148,-328747.50,-1719052.50,-0.815309184,-0.579025850,120.000,0.978404175,2023-01,annual,1112.055035,15.000000,1209.775635,311
greenland,greenland-outlets-v1,gate-06,149,-328627.50,-1719172.50,-0.815309184,-0.579025850,120.000,0.978408333,2023-01,annual,1460.357359,15.000000,1516.728271,313
greenland,greenland-outlets-v1,gate-06,150,-328627.50,-1719292.50,-0.815309184,-0.579025850,120.000,0.978413473,2023-01,annual,1230.331681,16.000000,1325.669800,280
greenland,greenland-outlets-v1,gate-06,151,-328507.50,-1719412.50,-0.815309184,-0.579025850,120.000,0.978417631,2023-01,annual,813.238371,33.000000,838.712097,204
greenland,greenland-outlets-v1,gate-06,152,-328507.50,-1719412.50,-0.815309184,-0.579025850,120.000,0.978417631,2023-01,annual,813.238371,33.000000,838.712097,204
greenland,greenland-outlets-v1,gate-06,153,-328387.50,-1719532.50,-0.815309184,-0.579025850,120.000,0.978421790,2023-01,annual,669.848592,39.000000,673.038940,153
greenland,greenland-outlets-v1,gate-06,154,-328267.50,-1719652.50,-0.815309184,-0.579025850,120.000,0.978425950,2023-01,annual,1083.546268,41.000000,1087.057251,134
greenland,greenland-outlets-v1,gate-06,155,-328267.50,-1719772.50,-0.815309184,-0.579025850,120.000,0.978431092,2023-01,annual,1563.531163,49.000000,1563.717041,109
greenland,greenland-outlets-v1,gate-06,156,-328147.50,-1719892.50,-0.815309184,-0.579025850,120.000,0.978435253,2023-01,annual,2969.305456,47.000000,2969.368896,114
greenland,greenland-outlets-v1,gate-06,157,-328147.50,-1719892.50,-0.815309184,-0.579025850,120.000,0.978435253,2023-01,annual,2969.305456,47.000000,2969.368896,114
greenland,greenland-outlets-v1,gate-06,158,-328027.50,-1720012.50,-0.815309184,-0.579025850,120.000,0.978439414,2023-01,annual,2690.090506,19.000000,3033.879883,165
greenland,greenland-outlets-v1,gate-06,159,-327907.50,-1720132.50,-0.815309184,-0.579025850,120.000,0.978443576,2023-01,annual,4443.625869,38.000000,4536.524902,152
greenland,greenland-outlets-v1,gate-06,160,-327907.50,-1720252.50,-0.815309184,-0.579025850,120.000,0.978448720,2023-01,annual,3847.841636,38.000000,3972.451660,155
greenland,greenland-outlets-v1,gate-06,161,-327787.50,-1720372.50,-0.815309184,-0.579025850,120.000,0.978452883,2023-01,annual,3933.953136,56.000000,4059.870605,129
greenland,greenland-outlets-v1,gate-06,162,-327787.50,-1720492.50,-0.815309184,-0.579025850,120.000,0.978458027,2023-01,annual,5141.031378,56.000000,5322.588379,132
greenland,greenland-outlets-v1,gate-06,163,-327667.50,-1720492.50,-0.815309184,-0.579025850,120.000,0.978457047,2023-01,annual,5077.690083,53.000000,5179.936035,137
greenland,greenland-outlets-v1,gate-06,164,-327667.50,-1720612.50,-0.815309184,-0.579025850,120.000,0.978462192,2023-01,annual,4331.231892,44.000000,4380.340820,153
greenland,greenland-outlets-v1,gate-06,165,-327547.50,-1720732.50,-0.815309184,-0.579025850,120.000,0.978466357,2023-01,annual,8393.072837,68.000000,8398.026367,130
greenland,greenland-outlets-v1,gate-07,166,314812.50,-2575852.50,0.995898935,-0.090472708,120.000,1.024683918,2023-01,annual,8606.695811,7.000000,8623.757812,287
greenland,greenland-outlets-v1,gate-07,167,314812.50,-2575732.50,0.995898935,-0.090472708,120.000,1.024676032,2023-01,annual,8602.258227,7.000000,8620.168945,285
greenland,greenland-outlets-v1,gate-07,168,314812.50,-2575612.50,0.995898935,-0.090472708,120.000,1.024668146,2023-01,annual,8522.442407,7.000000,8535.737305,274
greenland,greenland-outlets-v1,gate-07,169,314812.50,-2575492.50,0.995898935,-0.090472708,120.000,1.024660261,2023-01,annual,2765.261796,5.000000,2782.609375,301
greenland,greenland-outlets-v1,gate-08,170,-62947.50,-3181372.50,0.915217150,-0.402961001,120.000,1.068408715,2023-01,annual,-0.399706,0.000000,1.008953,4364
greenland,greenland-outlets-v1,gate-08,171,-62947.50,-3181252.50,0.915217150,-0.402961001,120.000,1.068398764,2023-01,annual,0.367640,0.000000,0.450468,3984
greenland,greenland-outlets-v1,gate-08,172,-62827.50,-3181132.50,0.915217150,-0.402961001,120.000,1.068388618,2023-01,annual,0.386871,0.000000,1.205020,4657
greenland,greenland-outlets-v1,gate-08,173,-62827.50,-3181012.50,0.915217150,-0.402961001,120.000,1.068378668,2023-01,annual,0.188470,0.000000,1.027852,4488
greenland,greenland-outlets-v1,gate-08,174,-62707.50,-3180892.50,0.915217150,-0.402961001,120.000,1.068368523,2023-01,annual,0.780308,0.000000,0.972036,4651
greenland,greenland-outlets-v1,gate-08,175,-62707.50,-3180772.50,0.915217150,-0.402961001,120.000,1.068358574,2023-01,annual,1.123485,0.000000,1.330776,4642
greenland,greenland-outlets-v1,gate-08,176,-62707.50,-3180652.50,0.915217150,-0.402961001,120.000,1.068348625,2023-01,annual,0.695931,0.000000,1.191331,4629
greenland,greenland-outlets-v1,gate-08,177,-62107.50,-3179452.50,0.915217150,-0.402961001,120.000,1.068248190,2023-01,annual,33.393043,1.000000,37.422043,1040
greenland,greenland-outlets-v1,gate-08,178,-62107.50,-3179332.50,0.915217150,-0.402961001,120.000,1.068238246,2023-01,annual,38.762725,1.000000,43.242687,894
greenland,greenland-outlets-v1,gate-08,179,-61987.50,-3179212.50,0.915217150,-0.402961001,120.000,1.068228109,2023-01,annual,40.577565,1.000000,44.719528,847
greenland,greenland-outlets-v1,gate-08,180,-61987.50,-3179212.50,0.915217150,-0.402961001,120.000,1.068228109,2023-01,annual,40.577565,1.000000,44.719528,847
greenland,greenland-outlets-v1,gate-08,181,-61987.50,-3179092.50,0.915217150,-0.402961001,120.000,1.068218166,2023-01,annual,10534.354504,222.000000,10549.818359,9
greenland,greenland-outlets-v1,gate-08,182,-61867.50,-3178972.50,0.915217150,-0.402961001,120.000,1.068208030,2023-01,annual,10457.009840,162.000000,10470.283203,20
greenland,greenland-outlets-v1,gate-08,183,-61867.50,-3178852.50,0.915217150,-0.402961001,120.000,1.068198088,2023-01,annual,10443.946022,89.000000,10465.030273,35
greenland,greenland-outlets-v1,gate-08,184,-61747.50,-3178732.50,0.915217150,-0.402961001,120.000,1.068187953,2023-01,annual,10303.926719,63.000000,10312.000977,59
greenland,greenland-outlets-v1,gate-08,185,-61747.50,-3178612.50,0.915217150,-0.402961001,120.000,1.068178012,2023-01,annual,10673.916211,62.000000,10678.571289,61
greenland,greenland-outlets-v1,gate-08,186,-61747.50,-3178492.50,0.915217150,-0.402961001,120.000,1.068168071,2023-01,annual,8139.751680,62.000000,8141.795410,61
greenland,greenland-outlets-v1,gate-08,187,-61627.50,-3178372.50,0.915217150,-0.402961001,120.000,1.068157938,2023-01,annual,1.211063,0.000000,1.301424,1835
greenland,greenland-outlets-v1,gate-09,188,191212.50,-2757412.50,0.391380699,0.920228856,120.000,1.036271676,2023-01,annual,1431.820952,242.000000,1440.831787,32
greenland,greenland-outlets-v1,gate-09,189,191092.50,-2757412.50,0.391380699,0.920228856,120.000,1.036271088,2023-01,annual,2916.217433,231.000000,2938.939209,31
greenland,greenland-outlets-v1,gate-09,190,190972.50,-2757412.50,0.391380699,0.920228856,120.000,1.036270500,2023-01,annual,3486.669235,212.000000,3496.937256,33
greenland,greenland-outlets-v1,gate-09,191,190852.50,-2757292.50,0.391380699,0.920228856,120.000,1.036261421,2023-01,annual,4977.957053,208.000000,4986.094238,34
greenland,greenland-outlets-v1,gate-09,192,190732.50,-2757292.50,0.391380699,0.920228856,120.000,1.036260834,2023-01,annual,4966.558600,210.000000,4969.310547,31
greenland,greenland-outlets-v1,gate-09,193,190732.50,-2757172.50,0.391380699,0.920228856,120.000,1.036252344,2023-01,annual,8315.674174,63.000000,8315.674805,59
greenland,greenland-outlets-v1,gate-09,194,190612.50,-2757172.50,0.391380699,0.920228856,120.000,1.036251756,2023-01,annual,9019.630828,28.000000,9022.527344,85
greenland,greenland-outlets-v1,gate-09,195,190492.50,-2757172.50,0.391380699,0.920228856,120.000,1.036251170,2023-01,annual,8694.058769,18.000000,8713.407227,144
greenland,greenland-outlets-v1,gate-09,196,190372.50,-2757052.50,0.391380699,0.920228856,120.000,1.036242094,2023-01,annual,8351.797699,15.000000,8388.788086,196
greenland,greenland-outlets-v1,gate-09,197,190252.50,-2757052.50,0.391380699,0.920228856,120.000,1.036241507,2023-01,annual,8390.029589,15.000000,8419.368164,213
greenland,greenland-outlets-v1,gate-09,198,190132.50,-2756932.50,0.391380699,0.920228856,120.000,1.036232433,2023-01,annual,8649.846324,15.000000,8694.471680,212
greenland,greenland-outlets-v1,gate-09,199,190012.50,-2756932.50,0.391380699,0.920228856,120.000,1.036231847,2023-01,annual,8644.525353,16.000000,8704.859375,212
greenland,greenland-outlets-v1,gate-09,200,189892.50,-2756932.50,0.391380699,0.920228856,120.000,1.036231262,2023-01,annual,8499.189354,17.000000,8656.475586,207
greenland,greenland-outlets-v1,gate-10,201,-244747.50,-2776372.50,-0.883452245,0.468521218,120.000,1.037917946,2023-01,annual,1.306823,0.000000,1.332212,894
greenland,greenland-outlets-v1,gate-10,202,-244747.50,-2776492.50,-0.883452245,0.468521218,120.000,1.037926502,2023-01,annual,0.343178,0.000000,0.358262,1361
greenland,greenland-outlets-v1,gate-10,203,-244747.50,-2776612.50,-0.883452245,0.468521218,120.000,1.037935059,2023-01,annual,-0.044180,0.000000,0.221684,2467
greenland,greenland-outlets-v1,gate-10,204,-244867.50,-2776732.50,-0.883452245,0.468521218,120.000,1.037944370,2023-01,annual,3243.274492,18.000000,3248.722168,104
greenland,greenland-outlets-v1,gate-10,205,-244867.50,-2776732.50,-0.883452245,0.468521218,120.000,1.037944370,2023-01,annual,3243.274492,18.000000,3248.722168,104
greenland,greenland-outlets-v1,gate-10,206,-244987.50,-2776852.50,-0.883452245,0.468521218,120.000,1.037953683,2023-01,annual,2228.454726,14.000000,2368.343994,104
greenland,greenland-outlets-v1,gate-10,207,-244987.50,-2776972.50,-0.883452245,0.468521218,120.000,1.037962240,2023-01,annual,3407.045656,14.000000,3407.371826,106
greenland,greenland-outlets-v1,gate-10,208,-245107.50,-2777092.50,-0.883452245,0.468521218,120.000,1.037971554,2023-01,annual,3235.374562,17.000000,3238.535645,93
greenland,greenland-outlets-v1,gate-10,209,-245107.50,-2777212.50,-0.883452245,0.468521218,120.000,1.037980113,2023-01,annual,3137.633788,18.000000,3137.667969,74
greenland,greenland-outlets-v1,gate-10,210,-245227.50,-2777332.50,-0.883452245,0.468521218,120.000,1.037989427,2023-01,annual,,,,0
greenland,greenland-outlets-v1,gate-10,211,-245227.50,-2777452.50,-0.883452245,0.468521218,120.000,1.037997987,2023-01,annual,,,,0
greenland,greenland-outlets-v1,gate-10,212,-245347.50,-2777572.50,-0.883452245,0.468521218,120.000,1.038007303,2023-01,annual,,,,0
greenland,greenland-outlets-v1,gate-10,213,-245347.50,-2777572.50,-0.883452245,0.468521218,120.000,1.038007303,2023-01,annual,,,,0
greenland,greenland-outlets-v1,gate-10,214,-245467.50,-2777692.50,-0.883452245,0.468521218,120.000,1.038016620,2023-01,annual,,,,0
greenland,greenland-outlets-v1,gate-10,215,-245467.50,-2777812.50,-0.883452245,0.468521218,120.000,1.038025180,2023-01,annual,8845.981191,312.000000,8962.189453,10
greenland,greenland-outlets-v1,gate-10,216,-245587.50,-2778052.50,-0.883452245,0.468521218,120.000,1.038043060,2023-01,annual,9530.003980,276.000000,9633.664062,14
greenland,greenland-outlets-v1,gate-10,217,-245587.50,-2778172.50,-0.883452245,0.468521218,120.000,1.038051622,2023-01,annual,9636.431654,275.000000,9696.609375,14
greenland,greenland-outlets-v1,gate-10,218,-245707.50,-2778292.50,-0.883452245,0.468521218,120.000,1.038060942,2023-01,annual,9584.750431,264.000000,9633.586914,15
greenland,greenland-outlets-v1,gate-10,219,-245707.50,-2778412.50,-0.883452245,0.468521218,120.000,1.038069504,2023-01,annual,9745.855584,264.000000,9789.100586,15
greenland,greenland-outlets-v1,gate-10,220,-245827.50,-2778532.50,-0.883452245,0.468521218,120.000,1.038078825,2023-01,annual,9459.341763,310.000000,9529.669922,10
greenland,greenland-outlets-v1,gate-10,221,-245827.50,-2778532.50,-0.883452245,0.468521218,120.000,1.038078825,2023-01,annual,9459.341763,310.000000,9529.669922,10
greenland,greenland-outlets-v1,gate-10,222,-245947.50,-2778652.50,-0.883452245,0.468521218,120.000,1.038088147,2023-01,annual,9929.347196,264.000000,9975.935547,15
greenland,greenland-outlets-v1,gate-10,223,-245947.50,-2778772.50,-0.883452245,0.468521218,120.000,1.038096711,2023-01,annual,9935.118331,264.000000,9984.958008,15
greenland,greenland-outlets-v1,gate-10,224,-246067.50,-2778892.50,-0.883452245,0.468521218,120.000,1.038106033,2023-01,annual,10073.352736,264.000000,10117.762695,15
greenland,greenland-outlets-v1,gate-10,225,-246067.50,-2779012.50,-0.883452245,0.468521218,120.000,1.038114598,2023-01,annual,9706.327363,271.000000,9754.016602,14
greenland,greenland-outlets-v1,gate-10,226,-246187.50,-2779132.50,-0.883452245,0.468521218,120.000,1.038123922,2023-01,annual,9784.067680,271.000000,9828.025391,14
greenland,greenland-outlets-v1,gate-10,227,-246187.50,-2779252.50,-0.883452245,0.468521218,120.000,1.038132488,2023-01,annual,10513.049744,280.000000,10547.339844,12
greenland,greenland-outlets-v1,gate-10,228,-246307.50,-2779372.50,-0.883452245,0.468521218,120.000,1.038141813,2023-01,annual,10690.213646,280.000000,10720.270508,12
greenland,greenland-outlets-v1,gate-10,229,-246307.50,-2779372.50,-0.883452245,0.468521218,120.000,1.038141813,2023-01,annual,10690.213646,280.000000,10720.270508,12
greenland,greenland-outlets-v1,gate-10,230,-246427.50,-2779492.50,-0.883452245,0.468521218,120.000,1.038151139,2023-01,annual,10307.777977,321.000000,10332.565430,11
greenland,greenland-outlets-v1,gate-10,231,-246427.50,-2779612.50,-0.883452245,0.468521218,120.000,1.038159705,2023-01,annual,10687.919151,320.000000,10702.228516,11
greenland,greenland-outlets-v1,gate-10,232,-246427.50,-2779732.50,-0.883452245,0.468521218,120.000,1.038168273,2023-01,annual,2498.490434,168.000000,2519.010254,17
greenland,greenland-outlets-v1,gate-10,233,-246547.50,-2779852.50,-0.883452245,0.468521218,120.000,1.038177600,2023-01,annual,1376.953418,108.000000,1379.152954,31
greenland,greenland-outlets-v1,gate-10,234,-246547.50,-2779972.50,-0.883452245,0.468521218,120.000,1.038186168,2023-01,annual,451.233137,55.000000,467.889191,47
greenland,greenland-outlets-v1,gate-10,235,-246667.50,-2780092.50,-0.883452245,0.468521218,120.000,1.038195497,2023-01,annual,-12.323294,2.000000,13.860553,82
greenland,greenland-outlets-v1,gate-10,236,-246667.50,-2780212.50,-0.883452245,0.468521218,120.000,1.038204066,2023-01,annual,2.236809,1.000000,2.464576,346
greenland,greenland-outlets-v1,gate-10,237,-246787.50,-2780332.50,-0.883452245,0.468521218,120.000,1.038213396,2023-01,annual,0.436992,1.000000,0.487977,656
greenland,greenland-outlets-v1,gate-10,238,-246787.50,-2780332.50,-0.883452245,0.468521218,120.000,1.038213396,2023-01,annual,0.436992,1.000000,0.487977,656
greenland,greenland-outlets-v1,gate-11,239,664252.50,-2270332.50,0.832079762,-0.554655993,120.000,1.010213585,2023-01,annual,-0.697512,0.000000,0.889409,4521
greenland,greenland-outlets-v1,gate-11,240,664372.50,-2270212.50,0.832079762,-0.554655993,120.000,1.010208704,2023-01,annual,-0.974173,0.000000,0.974617,5573
greenland,greenland-outlets-v1,gate-11,241,664372.50,-2270092.50,0.832079762,-0.554655993,120.000,1.010201804,2023-01,annual,-0.500182,0.000000,0.500626,6090
greenland,greenland-outlets-v1,gate-11,242,664492.50,-2269972.50,0.832079762,-0.554655993,120.000,1.010196924,2023-01,annual,0.036065,0.000000,0.037827,6874
greenland,greenland-outlets-v1,gate-11,243,664852.50,-2269372.50,0.832079762,-0.554655993,120.000,1.010168494,2023-01,annual,-0.270405,0.000000,0.307820,2851
greenland,greenland-outlets-v1,gate-11,244,664972.50,-2269252.50,0.832079762,-0.554655993,120.000,1.010163618,2023-01,annual,-0.043358,0.000000,0.419376,1539
greenland,greenland-outlets-v1,gate-11,245,664972.50,-2269252.50,0.832079762,-0.554655993,120.000,1.010163618,2023-01,annual,-0.043358,0.000000,0.419376,1539
greenland,greenland-outlets-v1,gate-11,246,665092.50,-2269132.50,0.832079762,-0.554655993,120.000,1.010158742,2023-01,annual,-0.952694,0.000000,0.956494,1647
greenland,greenland-outlets-v1,gate-11,247,665092.50,-2269012.50,0.832079762,-0.554655993,120.000,1.010151846,2023-01,annual,-0.774479,0.000000,0.893092,3494
greenland,greenland-outlets-v1,gate-11,248,665212.50,-2268892.50,0.832079762,-0.554655993,120.000,1.010146972,2023-01,annual,7015.611063,132.000000,7017.182617,45
greenland,greenland-outlets-v1,gate-11,249,665212.50,-2268772.50,0.832079762,-0.554655993,120.000,1.010140076,2023-01,annual,6345.921039,120.000000,6346.159668,48
greenland,greenland-outlets-v1,gate-11,250,665332.50,-2268652.50,0.832079762,-0.554655993,120.000,1.010135203,2023-01,annual,3818.327469,142.000000,3820.397705,51
greenland,greenland-outlets-v1,gate-11,251,665452.50,-2268652.50,0.832079762,-0.554655993,120.000,1.010137225,2023-01,annual,4967.994776,71.000000,4968.257324,89
greenland,greenland-outlets-v1,gate-11,252,665452.50,-2268532.50,0.832079762,-0.554655993,120.000,1.010130331,2023-01,annual,5581.742635,64.000000,5596.822266,91
greenland,greenland-outlets-v1,gate-11,253,665572.50,-2268412.50,0.832079762,-0.554655993,120.000,1.010125459,2023-01,annual,7553.479113,43.000000,7773.682129,137
greenland,greenland-outlets-v1,gate-11,254,665572.50,-2268292.50,0.832079762,-0.554655993,120.000,1.010118565,2023-01,annual,7416.408920,38.000000,7599.894531,138
greenland,greenland-outlets-v1,gate-11,255,665692.50,-2268172.50,0.832079762,-0.554655993,120.000,1.010113694,2023-01,annual,7155.052301,35.000000,7289.948730,150
greenland,greenland-outlets-v1,gate-11,256,665692.50,-2268052.50,0.832079762,-0.554655993,120.000,1.010106801,2023-01,annual,8305.430445,35.000000,8414.589844,149
greenland,greenland-outlets-v1,gate-11,257,665812.50,-2268052.50,0.832079762,-0.554655993,120.000,1.010108825,2023-01,annual,7887.301635,37.000000,8023.166992,147
greenland,greenland-outlets-v1,gate-11,258,665812.50,-2267932.50,0.832079762,-0.554655993,120.000,1.010101932,2023-01,annual,7872.297699,37.000000,8008.229004,134
greenland,greenland-outlets-v1,gate-11,259,665932.50,-2267812.50,0.832079762,-0.554655993,120.000,1.010097063,2023-01,annual,6927.672094,64.000000,6957.977539,76
greenland,greenland-outlets-v1,gate-11,260,666172.50,-2267452.50,0.832079762,-0.554655993,120.000,1.010080436,2023-01,annual,1805.290253,91.000000,1812.919189,64
greenland,greenland-outlets-v1,gate-12,261,-260587.50,-1980172.50,-0.687258612,-0.726412830,120.000,0.989972154,2023-01,annual,8.170074,0.000000,8.538001,1839
greenland,greenland-outlets-v1,gate-12,262,-260467.50,-1980292.50,-0.687258612,-0.726412830,120.000,0.989977327,2023-01,annual,8826.464011,28.000000,8859.882812,279
greenland,greenland-outlets-v1,gate-12,263,-260347.50,-1980292.50,-0.687258612,-0.726412830,120.000,0.989976544,2023-01,annual,9242.276083,25.000000,9277.405273,317
greenland,greenland-outlets-v1,gate-12,264,-260347.50,-1980412.50,-0.687258612,-0.726412830,120.000,0.989982500,2023-01,annual,9195.325829,25.000000,9229.975586,322
greenland,greenland-outlets-v1,gate-12,265,-260227.50,-1980532.50,-0.687258612,-0.726412830,120.000,0.989987675,2023-01,annual,8063.503266,23.000000,8107.337891,355
greenland,greenland-outlets-v1,gate-12,266,-260107.50,-1980532.50,-0.687258612,-0.726412830,120.000,0.989986892,2023-01,annual,9096.966660,22.000000,9139.807617,382
greenland,greenland-outlets-v1,gate-12,267,-259987.50,-1980652.50,-0.687258612,-0.726412830,120.000,0.989992067,2023-01,annual,9327.106578,22.000000,9358.722656,382
greenland,greenland-outlets-v1,gate-12,268,-259987.50,-1980772.50,-0.687258612,-0.726412830,120.000,0.989998025,2023-01,annual,9206.667906,24.000000,9232.797852,364
greenland,greenland-outlets-v1,gate-12,269,-259867.50,-1980772.50,-0.687258612,-0.726412830,120.000,0.989997244,2023-01,annual,9243.689434,23.000000,9269.712891,379
greenland,greenland-outlets-v1,gate-12,270,-259747.50,-1980892.50,-0.687258612,-0.726412830,120.000,0.990002420,2023-01,annual,9254.556537,23.000000,9277.997070,375
greenland,greenland-outlets-v1,gate-12,271,-259747.50,-1981012.50,-0.687258612,-0.726412830,120.000,0.990008379,2023-01,annual,9147.227525,25.000000,9168.002930,354
greenland,greenland-outlets-v1,gate-12,272,-259627.50,-1981132.50,-0.687258612,-0.726412830,120.000,0.990013557,2023-01,annual,8932.238971,26.000000,8946.698242,334
greenland,greenland-outlets-v1,gate-12,273,-259507.50,-1981132.50,-0.687258612,-0.726412830,120.000,0.990012776,2023-01,annual,9016.390842,26.000000,9030.077148,329
greenland,greenland-outlets-v1,gate-12,274,-259387.50,-1981252.50,-0.687258612,-0.726412830,120.000,0.990017955,2023-01,annual,8545.480061,30.000000,8552.264648,275
greenland,greenland-outlets-v1,gate-12,275,-259387.50,-1981372.50,-0.687258612,-0.726412830,120.000,0.990023915,2023-01,annual,7886.954435,34.000000,7887.037598,229
greenland,greenland-outlets-v1,gate-12,276,-259267.50,-1981372.50,-0.687258612,-0.726412830,120.000,0.990023135,2023-01,annual,7844.055437,36.000000,7845.102539,211
greenland,greenland-outlets-v1,gate-12,277,-259147.50,-1981492.50,-0.687258612,-0.726412830,120.000,0.990028316,2023-01,annual,7529.821027,41.000000,7535.514160,180
greenland,greenland-outlets-v1,gate-12,278,-259027.50,-1981612.50,-0.687258612,-0.726412830,120.000,0.990033497,2023-01,annual,7307.165429,46.000000,7314.885254,168
greenland,greenland-outlets-v1,gate-12,279,-259027.50,-1981612.50,-0.687258612,-0.726412830,120.000,0.990033497,2023-01,annual,7307.165429,46.000000,7314.885254,168
greenland,greenland-outlets-v1,gate-12,280,-258907.50,-1981732.50,-0.687258612,-0.726412830,120.000,0.990038679,2023-01,annual,7173.087837,51.000000,7180.798340,144
greenland,greenland-outlets-v1,gate-12,281,-258787.50,-1981852.50,-0.687258612,-0.726412830,120.000,0.990043862,2023-01,annual,2085.873306,60.000000,2169.360352,103
greenland,greenland-outlets-v1,gate-12,282,-258787.50,-1981852.50,-0.687258612,-0.726412830,120.000,0.990043862,2023-01,annual,2085.873306,60.000000,2169.360352,103
greenland,greenland-outlets-v1,gate-12,283,-258667.50,-1981972.50,-0.687258612,-0.726412830,120.000,0.990049045,2023-01,annual,970.464448,72.000000,1002.772339,49
greenland,greenland-outlets-v1,gate-12,284,-258547.50,-1982092.50,-0.687258612,-0.726412830,120.000,0.990054229,2023-01,annual,-0.893206,0.000000,1.387706,5254
greenland,greenland-outlets-v1,gate-12,285,-258427.50,-1982092.50,-0.687258612,-0.726412830,120.000,0.990053452,2023-01,annual,-0.441784,0.000000,0.579404,5315
greenland,greenland-outlets-v1,gate-01,0,-167827.50,-3142852.50,-0.139044586,0.990286122,120.000,1.065551284,2024-01,annual,39.261628,0.000000,99.495934,5894
greenland,greenland-outlets-v1,gate-01,1,-167947.50,-3142852.50,-0.139044586,0.990286122,120.000,1.065551809,2024-01,annual,38.429242,0.000000,98.853279,5897
greenland,greenland-outlets-v1,gate-01,2,-168067.50,-3142852.50,-0.139044586,0.990286122,120.000,1.065552334,2024-01,annual,37.285150,0.000000,97.193214,5932
greenland,greenland-outlets-v1,gate-01,3,-168187.50,-3142852.50,-0.139044586,0.990286122,120.000,1.065552859,2024-01,annual,35.693568,0.000000,97.454987,5970
greenland,greenland-outlets-v1,gate-01,4,-168307.50,-3142852.50,-0.139044586,0.990286122,120.000,1.065553384,2024-01,annual,33.036623,0.000000,97.128082,6000
greenland,greenland-outlets-v1,gate-01,5,-168427.50,-3142852.50,-0.139044586,0.990286122,120.000,1.065553910,2024-01,annual,29.337394,0.000000,94.075462,6050
greenland,greenland-outlets-v1,gate-01,6,-168547.50,-3142852.50,-0.139044586,0.990286122,120.000,1.065554436,2024-01,annual,26.019491,0.000000,90.093376,6133
greenland,greenland-outlets-v1,gate-01,7,-168667.50,-3142852.50,-0.139044586,0.990286122,120.000,1.065554963,2024-01,annual,23.535524,0.000000,82.722534,6169
greenland,greenland-outlets-v1,gate-01,8,-168787.50,-3142972.50,-0.139044586,0.990286122,120.000,1.065565307,2024-01,annual,19.328857,0.000000,81.066124,5812
greenland,greenland-outlets-v1,gate-01,9,-168907.50,-3142972.50,-0.139044586,0.990286122,120.000,1.065565834,2024-01,annual,17.425189,0.000000,77.448036,5806
greenland,greenland-outlets-v1,gate-01,10,-169027.50,-3142972.50,-0.139044586,0.990286122,120.000,1.065566362,2024-01,annual,16.467421,0.000000,72.646294,5813
greenland,greenland-outlets-v1,gate-01,11,-169147.50,-3142972.50,-0.139044586,0.990286122,120.000,1.065566890,2024-01,annual,15.594121,0.000000,72.770203,5876
greenland,greenland-outlets-v1,gate-01,12,-169267.50,-3142972.50,-0.139044586,0.990286122,120.000,1.065567419,2024-01,annual,14.685132,0.000000,73.494629,5900
greenland,greenland-outlets-v1,gate-01,13,-169387.50,-3142972.50,-0.139044586,0.990286122,120.000,1.065567948,2024-01,annual,14.989609,0.000000,72.160576,5929
greenland,greenland-outlets-v1,gate-01,14,-169507.50,-3142972.50,-0.139044586,0.990286122,120.000,1.065568477,2024-01,annual,16.810530,0.000000,68.746712,5870
greenland,greenland-outlets-v1,gate-01,15,-169627.50,-3143092.50,-0.139044586,0.990286122,120.000,1.065578824,2024-01,annual,15.838960,0.000000,54.645237,5737
greenland,greenland-outlets-v1,gate-01,16,-169747.50,-3143092.50,-0.139044586,0.990286122,120.000,1.065579354,2024-01,annual,16.183881,0.000000,51.148273,5675
greenland,greenland-outlets-v1,gate-01,17,-169867.50,-3143092.50,-0.139044586,0.990286122,120.000,1.065579884,2024-01,annual,15.409621,0.000000,53.417038,5703
greenland,greenland-outlets-v1,gate-01,18,-169987.50,-3143092.50,-0.139044586,0.990286122,120.000,1.065580415,2024-01,annual,13.945612,0.000000,51.062260,5730
greenland,greenland-outlets-v1,gate-01,19,-170107.50,-3143092.50,-0.139044586,0.990286122,120.000,1.065580946,2024-01,annual,13.372058,0.000000,47.272404,5801
greenland,greenland-outlets-v1,gate-01,20,-170227.50,-3143092.50,-0.139044586,0.990286122,120.000,1.065581478,2024-01,annual,12.789313,0.000000,45.620846,5698
greenland,greenland-outlets-v1,gate-01,21,-170347.50,-3143092.50,-0.139044586,0.990286122,120.000,1.065582010,2024-01,annual,11.806406,0.000000,46.509258,5574
greenland,greenland-outlets-v1,gate-01,22,-170467.50,-3143212.50,-0.139044586,0.990286122,120.000,1.065592360,2024-01,annual,10.268493,0.000000,37.476814,3688
greenland,greenland-outlets-v1,gate-01,23,-170587.50,-3143212.50,-0.139044586,0.990286122,120.000,1.065592893,2024-01,annual,6.910188,0.000000,36.256790,3608
greenland,greenland-outlets-v1,gate-01,24,-170707.50,-3143212.50,-0.139044586,0.990286122,120.000,1.065593426,2024-01,annual,5.702599,0.000000,33.930138,3529
greenland,greenland-outlets-v1,gate-01,25,-170827.50,-3143212.50,-0.139044586,0.990286122,120.000,1.065593959,2024-01,annual,5.028409,0.000000,32.638077,3382
greenland,greenland-outlets-v1,gate-01,26,-170947.50,-3143212.50,-0.139044586,0.990286122,120.000,1.065594493,2024-01,annual,3.604733,0.000000,26.759390,4406
greenland,greenland-outlets-v1,gate-01,27,-171067.50,-3143212.50,-0.139044586,0.990286122,120.000,1.065595027,2024-01,annual,2.410326,0.000000,25.348387,4424
greenland,greenland-outlets-v1,gate-01,28,-171187.50,-3143212.50,-0.139044586,0.990286122,120.000,1.065595561,2024-01,annual,2.331880,0.000000,26.783165,4446
greenland,greenland-outlets-v1,gate-01,29,-172387.50,-3143452.50,-0.139044586,0.990286122,120.000,1.065620564,2024-01,annual,-0.789932,0.000000,11.433280,4850
greenland,greenland-outlets-v1,gate-01,30,-172507.50,-3143452.50,-0.139044586,0.990286122,120.000,1.065621103,2024-01,annual,-1.187691,0.000000,9.338330,4696
greenland,greenland-outlets-v1,gate-01,31,-172627.50,-3143452.50,-0.139044586,0.990286122,120.000,1.065621642,2024-01,annual,-1.194982,0.000000,7.564831,4577
greenland,greenland-outlets-v1,gate-01,32,-172747.50,-3143452.50,-0.139044586,0.990286122,120.000,1.065622181,2024-01,annual,-0.102489,0.000000,4.850818,4571
greenland,greenland-outlets-v1,gate-01,33,-172867.50,-3143452.50,-0.139044586,0.990286122,120.000,1.065622721,2024-01,annual,-0.728462,0.000000,1.781210,4588
greenland,greenland-outlets-v1,gate-02,34,-196387.50,-2272852.50,-0.999160466,0.040967840,120.000,1.005265518,2024-01,annual,10271.721071,295.000000,10302.210938,97
greenland,greenland-outlets-v1,gate-02,35,-196387.50,-2272972.50,-0.999160466,0.040967840,120.000,1.005272409,2024-01,annual,10265.979344,295.000000,10296.561523,97
greenland,greenland-outlets-v1,gate-02,36,-196387.50,-2273092.50,-0.999160466,0.040967840,120.000,1.005279300,2024-01,annual,10229.504769,295.000000,10261.160156,97
greenland,greenland-outlets-v1,gate-02,37,-196387.50,-2273212.50,-0.999160466,0.040967840,120.000,1.005286191,2024-01,annual,10155.590434,292.000000,10185.732422,99
greenland,greenland-outlets-v1,gate-02,38,-196387.50,-2273332.50,-0.999160466,0.040967840,120.000,1.005293083,2024-01,annual,10122.205599,292.000000,10152.191406,99
greenland,greenland-outlets-v1,gate-02,39,-196387.50,-2273452.50,-0.999160466,0.040967840,120.000,1.005299976,2024-01,annual,10166.905772,295.000000,10194.892578,98
greenland,greenland-outlets-v1,gate-02,40,-196387.50,-2273572.50,-0.999160466,0.040967840,120.000,1.005306868,2024-01,annual,9536.953104,349.000000,9553.470703,85
greenland,greenland-outlets-v1,gate-02,41,-196387.50,-2273692.50,-0.999160466,0.040967840,120.000,1.005313762,2024-01,annual,6590.972005,314.000000,6608.882324,90
greenland,greenland-outlets-v1,gate-02,42,-196387.50,-2273812.50,-0.999160466,0.040967840,120.000,1.005320655,2024-01,annual,10662.079750,183.000000,10669.999023,95
greenland,greenland-outlets-v1,gate-02,43,-196387.50,-2273932.50,-0.999160466,0.040967840,120.000,1.005327549,2024-01,annual,14003.923131,97.000000,14006.641602,103
greenland,greenland-outlets-v1,gate-02,44,-196387.50,-2274052.50,-0.999160466,0.040967840,120.000,1.005334443,2024-01,annual,12002.082203,131.000000,12002.879883,101
greenland,greenland-outlets-v1,gate-02,45,-196387.50,-2274172.50,-0.999160466,0.040967840,120.000,1.005341338,2024-01,annual,5235.253420,307.000000,5240.764160,92
greenland,greenland-outlets-v1,gate-02,46,-196387.50,-2274292.50,-0.999160466,0.040967840,120.000,1.005348233,2024-01,annual,13199.956430,113.000000,13202.438477,97
greenland,greenland-outlets-v1,gate-02,47,-196507.50,-2274412.50,-0.999160466,0.040967840,120.000,1.005355724,2024-01,annual,3675.029929,133.000000,3676.072021,93
greenland,greenland-outlets-v1,gate-02,48,-196507.50,-2274532.50,-0.999160466,0.040967840,120.000,1.005362620,2024-01,annual,2877.226718,58.000000,2879.793945,101
greenland,greenland-outlets-v1,gate-02,49,-196507.50,-2274652.50,-0.999160466,0.040967840,120.000,1.005369516,2024-01,annual,2870.035784,19.000000,2876.299561,170
greenland,greenland-outlets-v1,gate-02,50,-196507.50,-2274772.50,-0.999160466,0.040967840,120.000,1.005376413,2024-01,annual,2856.760885,14.000000,2863.955566,189
greenland,greenland-outlets-v1,gate-02,51,-196507.50,-2274892.50,-0.999160466,0.040967840,120.000,1.005383310,2024-01,annual,3014.972704,14.000000,3046.277588,194
greenland,greenland-outlets-v1,gate-02,52,-196507.50,-2275012.50,-0.999160466,0.040967840,120.000,1.005390207,2024-01,annual,2928.638830,12.000000,2959.531250,202
greenland,greenland-outlets-v1,gate-02,53,-196507.50,-2275132.50,-0.999160466,0.040967840,120.000,1.005397105,2024-01,annual,2043.548718,11.000000,2074.456055,210
greenland,greenland-outlets-v1,gate-02,54,-196507.50,-2275252.50,-0.999160466,0.040967840,120.000,1.005404003,2024-01,annual,2118.370313,11.000000,2157.658447,214
greenland,greenland-outlets-v1,gate-02,55,-196507.50,-2275372.50,-0.999160466,0.040967840,120.000,1.005410901,2024-01,annual,1893.423128,11.000000,1931.609985,210
greenland,greenland-outlets-v1,gate-02,56,-196507.50,-2275492.50,-0.999160466,0.040967840,120.000,1.005417800,2024-01,annual,1534.683362,10.000000,1583.288818,209
greenland,greenland-outlets-v1,gate-02,57,-196507.50,-2275612.50,-0.999160466,0.040967840,120.000,1.005424700,2024-01,annual,1185.286931,9.000000,1283.816162,197
greenland,greenland-outlets-v1,gate-02,58,-196507.50,-2275732.50,-0.999160466,0.040967840,120.000,1.005431599,2024-01,annual,1365.427444,8.000000,1440.977051,210
greenland,greenland-outlets-v1,gate-02,59,-196507.50,-2275852.50,-0.999160466,0.040967840,120.000,1.005438500,2024-01,annual,888.999043,6.000000,1009.129333,219
greenland,greenland-outlets-v1,gate-03,60,-324907.50,-1773052.50,-0.960147262,-0.279494607,120.000,0.980723532,2024-01,annual,2607.702475,8.000000,3157.086426,382
greenland,greenland-outlets-v1,gate-03,61,-324907.50,-1773172.50,-0.960147262,-0.279494607,120.000,0.980728839,2024-01,annual,2436.296806,8.000000,2967.338867,384
greenland,greenland-outlets-v1,gate-03,62,-324787.50,-1773292.50,-0.960147262,-0.279494607,120.000,0.980733175,2024-01,annual,2575.671980,8.000000,3064.672363,384
greenland,greenland-outlets-v1,gate-03,63,-324787.50,-1773412.50,-0.960147262,-0.279494607,120.000,0.980738484,2024-01,annual,2502.323423,9.000000,2998.284424,380
greenland,greenland-outlets-v1,gate-03,64,-324787.50,-1773532.50,-0.960147262,-0.279494607,120.000,0.980743793,2024-01,annual,2482.339502,10.000000,2949.675537,355
greenland,greenland-outlets-v1,gate-03,65,-324787.50,-1773652.50,-0.960147262,-0.279494607,120.000,0.980749102,2024-01,annual,2396.580647,17.000000,2792.456543,300
greenland,greenland-outlets-v1,gate-03,66,-324667.50,-1773772.50,-0.960147262,-0.279494607,120.000,0.980753440,2024-01,annual,2276.129381,18.000000,2556.095215,284
greenland,greenland-outlets-v1,gate-03,67,-324667.50,-1773892.50,-0.960147262,-0.279494607,120.000,0.980758750,2024-01,annual,2174.237267,26.000000,2400.993896,236
greenland,greenland-outlets-v1,gate-03,68,-324667.50,-1774012.50,-0.960147262,-0.279494607,120.000,0.980764060,2024-01,annual,1860.050904,29.000000,2030.190430,226
greenland,greenland-outlets-v1,gate-03,69,-324547.50,-1774132.50,-0.960147262,-0.279494607,120.000,0.980768399,2024-01,annual,1898.334790,21.000000,2116.383301,251
greenland,greenland-outlets-v1,gate-03,70,-324547.50,-1774252.50,-0.960147262,-0.279494607,120.000,0.980773711,2024-01,annual,1755.854860,31.000000,1922.400513,190
greenland,greenland-outlets-v1,gate-03,71,-324547.50,-1774372.50,-0.960147262,-0.279494607,120.000,0.980779022,2024-01,annual,1601.392042,36.000000,1703.984497,171
greenland,greenland-outlets-v1,gate-03,72,-324547.50,-1774492.50,-0.960147262,-0.279494607,120.000,0.980784334,2024-01,annual,1063.333105,58.000000,1070.975220,139
greenland,greenland-outlets-v1,gate-03,73,-324427.50,-1774492.50,-0.960147262,-0.279494607,120.000,0.980783363,2024-01,annual,2042.233671,48.000000,2101.673096,141
greenland,greenland-outlets-v1,gate-03,74,-324427.50,-1774612.50,-0.960147262,-0.279494607,120.000,0.980788675,2024-01,annual,1250.216560,63.000000,1256.135498,112
greenland,greenland-outlets-v1,gate-03,75,-324427.50,-1774732.50,-0.960147262,-0.279494607,120.000,0.980793988,2024-01,annual,354.128121,87.000000,436.172638,84
greenland,greenland-outlets-v1,gate-03,76,-324427.50,-1774852.50,-0.960147262,-0.279494607,120.000,0.980799301,2024-01,annual,326.720645,99.000000,461.298828,64
greenland,greenland-outlets-v1,gate-03,77,-324307.50,-1774972.50,-0.960147262,-0.279494607,120.000,0.980803643,2024-01,annual,876.897551,200.000000,1254.998901,31
greenland,greenland-outlets-v1,gate-03,78,-324307.50,-1775092.50,-0.960147262,-0.279494607,120.000,0.980808957,2024-01,annual,2229.207943,176.000000,2698.893311,26
greenland,greenland-outlets-v1,gate-03,79,-324307.50,-1775212.50,-0.960147262,-0.279494607,120.000,0.980814271,2024-01,annual,5667.248734,184.000000,6423.231934,24
greenland,greenland-outlets-v1,gate-03,80,-324187.50,-1775332.50,-0.960147262,-0.279494607,120.000,0.980818615,2024-01,annual,6163.010387,135.000000,7148.104004,47
greenland,greenland-outlets-v1,gate-03,81,-324187.50,-1775452.50,-0.960147262,-0.279494607,120.000,0.980823930,2024-01,annual,6659.340112,113.000000,7670.439941,53
greenland,greenland-outlets-v1,gate-03,82,-324187.50,-1775572.50,-0.960147262,-0.279494607,120.000,0.980829245,2024-01,annual,6742.943922,113.000000,7728.196777,61
greenland,greenland-outlets-v1,gate-03,83,-324187.50,-1775692.50,-0.960147262,-0.279494607,120.000,0.980834561,2024-01,annual,6578.569563,112.000000,7575.930176,65
greenland,greenland-outlets-v1,gate-03,84,-324067.50,-1775812.50,-0.960147262,-0.279494607,120.000,0.980838907,2024-01,annual,6218.905821,111.000000,7400.150879,65
greenland,greenland-outlets-v1,gate-03,85,-324067.50,-1775932.50,-0.960147262,-0.279494607,120.000,0.980844223,2024-01,annual,5810.689365,107.000000,7210.669434,63
greenland,greenland-outlets-v1,gate-04,86,183652.50,-2727652.50,0.502097806,-0.864810843,120.000,1.034142090,2024-01,annual,0.416267,1.000000,1.442066,1051
greenland,greenland-outlets-v1,gate-04,87,183772.50,-2727532.50,0.502097806,-0.864810843,120.000,1.034134265,2024-01,annual,3083.668975,126.000000,3084.579102,41
greenland,greenland-outlets-v1,gate-04,88,183892.50,-2727532.50,0.502097806,-0.864810843,120.000,1.034134831,2024-01,annual,5144.431176,130.000000,5268.315918,42
greenland,greenland-outlets-v1,gate-04,89,183892.50,-2727412.50,0.502097806,-0.864810843,120.000,1.034126441,2024-01,annual,10044.303833,465.000000,10050.029297,27
greenland,greenland-outlets-v1,gate-04,90,184012.50,-2727412.50,0.502097806,-0.864810843,120.000,1.034127007,2024-01,annual,10686.455724,342.000000,10710.864258,38
greenland,greenland-outlets-v1,gate-04,91,185812.50,-2726332.50,0.502097806,-0.864810843,120.000,1.034060049,2024-01,annual,10450.837321,211.000000,10452.249023,88
greenland,greenland-outlets-v1,gate-04,92,185932.50,-2726212.50,0.502097806,-0.864810843,120.000,1.034052235,2024-01,annual,9463.441912,533.000000,9478.240234,33
greenland,greenland-outlets-v1,gate-04,93,186052.50,-2726212.50,0.502097806,-0.864810843,120.000,1.034052807,2024-01,annual,7763.013880,547.000000,7767.923340,31
greenland,greenland-outlets-v1,gate-04,94,186172.50,-2726092.50,0.502097806,-0.864810843,120.000,1.034044995,2024-01,annual,256.962339,42.000000,258.463806,97
greenland,greenland-outlets-v1,gate-04,95,186172.50,-2726092.50,0.502097806,-0.864810843,120.000,1.034044995,2024-01,annual,256.962339,42.000000,258.463806,97
greenland,greenland-outlets-v1,gate-04,96,186292.50,-2725972.50,0.502097806,-0.864810843,120.000,1.034037183,2024-01,annual,-23.231084,48.000000,538.847351,232
greenland,greenland-outlets-v1,gate-04,97,186412.50,-2725972.50,0.502097806,-0.864810843,120.000,1.034037756,2024-01,annual,-18.337673,14.000000,564.288025,534
greenland,greenland-outlets-v1,gate-04,98,186532.50,-2725852.50,0.502097806,-0.864810843,120.000,1.034029945,2024-01,annual,-54.287716,10.000000,698.906128,522
greenland,greenland-outlets-v1,gate-04,99,186652.50,-2725852.50,0.502097806,-0.864810843,120.000,1.034030519,2024-01,annual,-36.348274,7.000000,534.281555,790
greenland,greenland-outlets-v1,gate-04,100,186772.50,-2725732.50,0.502097806,-0.864810843,120.000,1.034022709,2024-01,annual,-68.924767,6.000000,570.805725,812
greenland,greenland-outlets-v1,gate-04,101,186892.50,-2725732.50,0.502097806,-0.864810843,120.000,1.034023284,2024-01,annual,-65.016631,4.000000,444.595886,1022
greenland,greenland-outlets-v1,gate-04,102,187012.50,-2725612.50,0.502097806,-0.864810843,120.000,1.034015475,2024-01,annual,-102.700227,4.000000,485.091064,1060
greenland,greenland-outlets-v1,gate-04,103,187012.50,-2725612.50,0.502097806,-0.864810843,120.000,1.034015475,2024-01,annual,-102.700227,4.000000,485.091064,1060
greenland,greenland-outlets-v1,gate-04,104,187132.50,-2725492.50,0.502097806,-0.864810843,120.000,1.034007667,2024-01,annual,-156.634188,4.000000,511.016937,1078
greenland,greenland-outlets-v1,gate-04,105,187252.50,-2725492.50,0.502097806,-0.864810843,120.000,1.034008243,2024-01,annual,-153.505381,3.000000,472.908691,1115
greenland,greenland-outlets-v1,gate-04,106,187372.50,-2725372.50,0.502097806,-0.864810843,120.000,1.034000436,2024-01,annual,-149.174144,4.000000,489.342133,1111
greenland,greenland-outlets-v1,gate-04,107,187492.50,-2725372.50,0.502097806,-0.864810843,120.000,1.034001013,2024-01,annual,-143.507833,3.000000,468.960693,1115
greenland,greenland-outlets-v1,gate-04,108,187612.50,-2725252.50,0.502097806,-0.864810843,120.000,1.033993207,2024-01,annual,-143.668521,3.000000,487.779266,1119
greenland,greenland-outlets-v1,gate-04,109,187732.50,-2725252.50,0.502097806,-0.864810843,120.000,1.033993784,2024-01,annual,-137.382781,3.000000,448.254913,1082
greenland,greenland-outlets-v1,gate-04,110,187732.50,-2725132.50,0.502097806,-0.864810843,120.000,1.033985402,2024-01,annual,-142.848362,3.000000,483.731750,1070
greenland,greenland-outlets-v1,gate-04,111,187852.50,-2725132.50,0.502097806,-0.864810843,120.000,1.033985980,2024-01,annual,-143.503860,3.000000,432.002136,1077
greenland,greenland-outlets-v1,gate-04,112,187972.50,-2725012.50,0.502097806,-0.864810843,120.000,1.033978176,2024-01,annual,-148.606791,3.000000,409.374542,1002
greenland,greenland-outlets-v1,gate-04,113,188092.50,-2725012.50,0.502097806,-0.864810843,120.000,1.033978754,2024-01,annual,-150.194610,3.000000,370.361145,1074
greenland,greenland-outlets-v1,gate-04,114,188212.50,-2724892.50,0.502097806,-0.864810843,120.000,1.033970952,2024-01,annual,-149.623247,3.000000,365.698059,1048
greenland,greenland-outlets-v1,gate-04,115,188332.50,-2724892.50,0.502097806,-0.864810843,120.000,1.033971531,2024-01,annual,-150.027507,3.000000,340.296021,974
greenland,greenland-outlets-v1,gate-04,116,188452.50,-2724772.50,0.502097806,-0.864810843,120.000,1.033963730,2024-01,annual,-164.476168,3.000000,361.508881,864
greenland,greenland-outlets-v1,gate-05,117,494332.50,-2296372.50,0.931437169,-0.363902185,120.000,1.009226686,2024-01,annual,5975.305418,18.000000,5977.597168,332
greenland,greenland-outlets-v1,gate-05,118,495412.50,-2293612.50,0.931437169,-0.363902185,120.000,1.009079871,2024-01,annual,7489.543950,3.000000,7490.043457,1115
greenland,greenland-outlets-v1,gate-05,119,495412.50,-2293492.50,0.931437169,-0.363902185,120.000,1.009072904,2024-01,annual,7449.290479,3.000000,7449.711426,1114
greenland,greenland-outlets-v1,gate-05,120,495532.50,-2293372.50,0.931437169,-0.363902185,120.000,1.009067443,2024-01,annual,7409.735668,2.000000,7410.442383,1120
greenland,greenland-outlets-v1,gate-05,121,495532.50,-2293252.50,0.931437169,-0.363902185,120.000,1.009060477,2024-01,annual,7408.674194,2.000000,7409.198730,1132
greenland,greenland-outlets-v1,gate-05,122,495532.50,-2293132.50,0.931437169,-0.363902185,120.000,1.009053511,2024-01,annual,7327.818520,2.000000,7328.423828,1116
greenland,greenland-outlets-v1,gate-05,123,495652.50,-2293012.50,0.931437169,-0.363902185,120.000,1.009048051,2024-01,annual,7098.007116,2.000000,7099.054199,1086
greenland,greenland-outlets-v1,gate-05,124,495652.50,-2292892.50,0.931437169,-0.363902185,120.000,1.009041086,2024-01,annual,7007.592647,2.000000,7009.298340,1059
greenland,greenland-outlets-v1,gate-05,125,495772.50,-2292772.50,0.931437169,-0.363902185,120.000,1.009035627,2024-01,annual,6818.747615,3.000000,6822.889648,740
greenland,greenland-outlets-v1,gate-05,126,495772.50,-2292772.50,0.931437169,-0.363902185,120.000,1.009035627,2024-01,annual,6818.747615,3.000000,6822.889648,740
greenland,greenland-outlets-v1,gate-05,127,495772.50,-2292652.50,0.931437169,-0.363902185,120.000,1.009028663,2024-01,annual,6107.096742,21.000000,6119.120605,328
greenland,greenland-outlets-v1,gate-05,128,495892.50,-2292532.50,0.931437169,-0.363902185,120.000,1.009023206,2024-01,annual,4791.617883,22.000000,4848.909668,286
greenland,greenland-outlets-v1,gate-05,129,495892.50,-2292412.50,0.931437169,-0.363902185,120.000,1.009016242,2024-01,annual,3829.570326,21.000000,3894.279785,294
greenland,greenland-outlets-v1,gate-05,130,495892.50,-2292292.50,0.931437169,-0.363902185,120.000,1.009009279,2024-01,annual,2814.030278,46.000000,2938.042725,99
greenland,greenland-outlets-v1,gate-05,131,496012.50,-2292172.50,0.931437169,-0.363902185,120.000,1.009003823,2024-01,annual,1263.187632,13.000000,1363.859741,419
greenland,greenland-outlets-v1,gate-05,132,496012.50,-2292052.50,0.931437169,-0.363902185,120.000,1.008996861,2024-01,annual,990.453623,10.000000,1091.582764,536
greenland,greenland-outlets-v1,gate-05,133,496012.50,-2291932.50,0.931437169,-0.363902185,120.000,1.008989899,2024-01,annual,440.160390,9.000000,535.800476,593
greenland,greenland-outlets-v1,gate-05,134,496132.50,-2291812.50,0.931437169,-0.363902185,120.000,1.008984444,2024-01,annual,502.142937,8.000000,608.926514,619
greenland,greenland-outlets-v1,gate-05,135,496132.50,-2291692.50,0.931437169,-0.363902185,120.000,1.008977483,2024-01,annual,282.483984,7.000000,393.212402,693
greenland,greenland-outlets-v1,gate-05,136,496252.50,-2291572.50,0.931437169,-0.363902185,120.000,1.008972030,2024-01,annual,124.827365,6.000000,229.861816,717
greenland,greenland-outlets-v1,gate-05,137,496252.50,-2291452.50,0.931437169,-0.363902185,120.000,1.008965070,2024-01,annual,72.485051,5.000000,169.785187,733
greenland,greenland-outlets-v1,gate-05,138,496252.50,-2291332.50,0.931437169,-0.363902185,120.000,1.008958110,2024-01,annual,37.380832,4.000000,118.164528,826
greenland,greenland-outlets-v1,gate-05,139,496372.50,-2291212.50,0.931437169,-0.363902185,120.000,1.008952658,2024-01,annual,11.824631,2.000000,77.226608,1130
greenland,greenland-outlets-v1,gate-05,140,496372.50,-2291212.50,0.931437169,-0.363902185,120.000,1.008952658,2024-01,annual,11.824631,2.000000,77.226608,1130
greenland,greenland-outlets-v1,gate-05,141,496372.50,-2291092.50,0.931437169,-0.363902185,120.000,1.008945699,2024-01,annual,-3.318304,1.000000,49.493050,1564
greenland,greenland-outlets-v1,gate-05,142,496492.50,-2290972.50,0.931437169,-0.363902185,120.000,1.008940248,2024-01,annual,-2.073256,1.000000,18.599800,1824
greenland,greenland-outlets-v1,gate-05,143,496492.50,-2290852.50,0.931437169,-0.363902185,120.000,1.008933289,2024-01,annual,-1.774561,0.000000,6.778782,2800
greenland,greenland-outlets-v1,gate-06,144,-328987.50,-1718692.50,-0.815309184,-0.579025850,120.000,0.978390724,2024-01,annual,-1.361883,0.000000,2.004786,2454
greenland,greenland-outlets-v1,gate-06,145,-328987.50,-1718812.50,-0.815309184,-0.579025850,120.000,0.978395863,2024-01,annual,0.855120,1.000000,1.603706,839
greenland,greenland-outlets-v1,gate-06,146,-328867.50,-1718932.50,-0.815309184,-0.579025850,120.000,0.978400019,2024-01,annual,387.946644,23.000000,486.163696,433
greenland,greenland-outlets-v1,gate-06,147,-328747.50,-1718932.50,-0.815309184,-0.579025850,120.000,0.978399036,2024-01,annual,328.650601,20.000000,434.936310,478
greenland,greenland-outlets-v1,gate-06,148,-328747.50,-1719052.50,-0.815309184,-0.579025850,120.000,0.978404175,2024-01,annual,451.422119,20.000000,547.401978,474
greenland,greenland-outlets-v1,gate-06,149,-328627.50,-1719172.50,-0.815309184,-0.579025850,120.000,0.978408333,2024-01,annual,798.660238,23.000000,829.055237,442
greenland,greenland-outlets-v1,gate-06,150,-328627.50,-1719292.50,-0.815309184,-0.579025850,120.000,0.978413473,2024-01,annual,681.853468,30.000000,768.887268,378
greenland,greenland-outlets-v1,gate-06,151,-328507.50,-1719412.50,-0.815309184,-0.579025850,120.000,0.978417631,2024-01,annual,662.823124,36.000000,721.421692,338
greenland,greenland-outlets-v1,gate-06,152,-328507.50,-1719412.50,-0.815309184,-0.579025850,120.000,0.978417631,2024-01,annual,662.823124,36.000000,721.421692,338
greenland,greenland-outlets-v1,gate-06,153,-328387.50,-1719532.50,-0.815309184,-0.579025850,120.000,0.978421790,2024-01,annual,648.717743,40.000000,659.587036,302
greenland,greenland-outlets-v1,gate-06,154,-328267.50,-1719652.50,-0.815309184,-0.579025850,120.000,0.978425950,2024-01,annual,993.406322,38.000000,994.184998,265
greenland,greenland-outlets-v1,gate-06,155,-328267.50,-1719772.50,-0.815309184,-0.579025850,120.000,0.978431092,2024-01,annual,1399.472885,43.000000,1401.695190,229
greenland,greenland-outlets-v1,gate-06,156,-328147.50,-1719892.50,-0.815309184,-0.579025850,120.000,0.978435253,2024-01,annual,1696.969227,44.000000,1697.925537,226
greenland,greenland-outlets-v1,gate-06,157,-328147.50,-1719892.50,-0.815309184,-0.579025850,120.000,0.978435253,2024-01,annual,1696.969227,44.000000,1697.925537,226
greenland,greenland-outlets-v1,gate-06,158,-328027.50,-1720012.50,-0.815309184,-0.579025850,120.000,0.978439414,2024-01,annual,-268.277786,31.000000,1911.096802,240
greenland,greenland-outlets-v1,gate-06,159,-327907.50,-1720132.50,-0.815309184,-0.579025850,120.000,0.978443576,2024-01,annual,2981.940974,38.000000,3116.209229,252
greenland,greenland-outlets-v1,gate-06,160,-327907.50,-1720252.50,-0.815309184,-0.579025850,120.000,0.978448720,2024-01,annual,2546.256678,39.000000,2730.803711,259
greenland,greenland-outlets-v1,gate-06,161,-327787.50,-1720372.50,-0.815309184,-0.579025850,120.000,0.978452883,2024-01,annual,3116.128220,51.000000,3283.103027,238
greenland,greenland-outlets-v1,gate-06,162,-327787.50,-1720492.50,-0.815309184,-0.579025850,120.000,0.978458027,2024-01,annual,4346.828742,51.000000,4579.694824,235
greenland,greenland-outlets-v1,gate-06,163,-327667.50,-1720492.50,-0.815309184,-0.579025850,120.000,0.978457047,2024-01,annual,4446.017499,50.000000,4552.970703,241
greenland,greenland-outlets-v1,gate-06,164,-327667.50,-1720612.50,-0.815309184,-0.579025850,120.000,0.978462192,2024-01,annual,3601.866630,45.000000,3638.469482,235
greenland,greenland-outlets-v1,gate-06,165,-327547.50,-1720732.50,-0.815309184,-0.579025850,120.000,0.978466357,2024-01,annual,7525.054068,63.000000,7551.420410,171
greenland,greenland-outlets-v1,gate-07,166,314812.50,-2575852.50,0.995898935,-0.090472708,120.000,1.024683918,2024-01,annual,8579.141340,4.000000,8598.363281,646
greenland,greenland-outlets-v1,gate-07,167,314812.50,-2575732.50,0.995898935,-0.090472708,120.000,1.024676032,2024-01,annual,8585.311163,4.000000,8605.455078,646
greenland,greenland-outlets-v1,gate-07,168,314812.50,-2575612.50,0.995898935,-0.090472708,120.000,1.024668146,2024-01,annual,8518.613809,5.000000,8535.524414,597
greenland,greenland-outlets-v1,gate-07,169,314812.50,-2575492.50,0.995898935,-0.090472708,120.000,1.024660261,2024-01,annual,5105.843922,5.000000,5131.049316,519
greenland,greenland-outlets-v1,gate-08,170,-62947.50,-3181372.50,0.915217150,-0.402961001,120.000,1.068408715,2024-01,annual,0.370558,0.000000,0.378457,3679
greenland,greenland-outlets-v1,gate-08,171,-62947.50,-3181252.50,0.915217150,-0.402961001,120.000,1.068398764,2024-01,annual,0.081741,0.000000,0.088286,3351
greenland,greenland-outlets-v1,gate-08,172,-62827.50,-3181132.50,0.915217150,-0.402961001,120.000,1.068388618,2024-01,annual,0.486443,0.000000,0.492659,3847
greenland,greenland-outlets-v1,gate-08,173,-62827.50,-3181012.50,0.915217150,-0.402961001,120.000,1.068378668,2024-01,annual,1.073045,0.000000,1.103350,3779
greenland,greenland-outlets-v1,gate-08,174,-62707.50,-3180892.50,0.915217150,-0.402961001,120.000,1.068368523,2024-01,annual,0.918210,0.000000,0.921420,3872
greenland,greenland-outlets-v1,gate-08,175,-62707.50,-3180772.50,0.915217150,-0.402961001,120.000,1.068358574,2024-01,annual,0.840441,0.000000,0.858429,3858
greenland,greenland-outlets-v1,gate-08,176,-62707.50,-3180652.50,0.915217150,-0.402961001,120.000,1.068348625,2024-01,annual,0.640982,0.000000,0.654981,3841
greenland,greenland-outlets-v1,gate-08,177,-62107.50,-3179452.50,0.915217150,-0.402961001,120.000,1.068248190,2024-01,annual,27.376111,1.000000,32.953411,1103
greenland,greenland-outlets-v1,gate-08,178,-62107.50,-3179332.50,0.915217150,-0.402961001,120.000,1.068238246,2024-01,annual,31.339908,1.000000,35.657593,930
greenland,greenland-outlets-v1,gate-08,179,-61987.50,-3179212.50,0.915217150,-0.402961001,120.000,1.068228109,2024-01,annual,33.680512,1.000000,37.153633,884
greenland,greenland-outlets-v1,gate-08,180,-61987.50,-3179212.50,0.915217150,-0.402961001,120.000,1.068228109,2024-01,annual,33.680512,1.000000,37.153633,884
greenland,greenland-outlets-v1,gate-08,181,-61987.50,-3179092.50,0.915217150,-0.402961001,120.000,1.068218166,2024-01,annual,11682.290140,150.000000,11683.310547,18
greenland,greenland-outlets-v1,gate-08,182,-61867.50,-3178972.50,0.915217150,-0.402961001,120.000,1.068208030,2024-01,annual,11630.129458,74.000000,11639.879883,39
greenland,greenland-outlets-v1,gate-08,183,-61867.50,-3178852.50,0.915217150,-0.402961001,120.000,1.068198088,2024-01,annual,11527.732337,50.000000,11541.321289,57
greenland,greenland-outlets-v1,gate-08,184,-61747.50,-3178732.50,0.915217150,-0.402961001,120.000,1.068187953,2024-01,annual,11459.704573,42.000000,11468.886719,79
greenland,greenland-outlets-v1,gate-08,185,-61747.50,-3178612.50,0.915217150,-0.402961001,120.000,1.068178012,2024-01,annual,11782.909111,41.000000,11791.187500,82
greenland,greenland-outlets-v1,gate-08,186,-61747.50,-3178492.50,0.915217150,-0.402961001,120.000,1.068168071,2024-01,annual,10607.229512,43.000000,10617.428711,81
greenland,greenland-outlets-v1,gate-08,187,-61627.50,-3178372.50,0.915217150,-0.402961001,120.000,1.068157938,2024-01,annual,-0.120689,0.000000,0.318865,1245
greenland,greenland-outlets-v1,gate-09,188,191212.50,-2757412.50,0.391380699,0.920228856,120.000,1.036271676,2024-01,annual,1029.564201,53.000000,1031.294556,189
greenland,greenland-outlets-v1,gate-09,189,191092.50,-2757412.50,0.391380699,0.920228856,120.000,1.036271088,2024-01,annual,3576.156924,54.000000,3584.620605,195
greenland,greenland-outlets-v1,gate-09,190,190972.50,-2757412.50,0.391380699,0.920228856,120.000,1.036270500,2024-01,annual,4439.440137,80.000000,4443.565430,152
greenland,greenland-outlets-v1,gate-09,191,190852.50,-2757292.50,0.391380699,0.920228856,120.000,1.036261421,2024-01,annual,6177.215698,79.000000,6182.786133,160
greenland,greenland-outlets-v1,gate-09,192,190732.50,-2757292.50,0.391380699,0.920228856,120.000,1.036260834,2024-01,annual,6415.398853,72.000000,6415.769531,167
greenland,greenland-outlets-v1,gate-09,193,190732.50,-2757172.50,0.391380699,0.920228856,120.000,1.036252344,2024-01,annual,6106.843153,7.000000,6141.519531,674
greenland,greenland-outlets-v1,gate-09,194,190612.50,-2757172.50,0.391380699,0.920228856,120.000,1.036251756,2024-01,annual,6357.912661,7.000000,6385.961426,700
greenland,greenland-outlets-v1,gate-09,195,190492.50,-2757172.50,0.391380699,0.920228856,120.000,1.036251170,2024-01,annual,6471.202790,7.000000,6499.654785,690
greenland,greenland-outlets-v1,gate-09,196,190372.50,-2757052.50,0.391380699,0.920228856,120.000,1.036242094,2024-01,annual,6366.296864,8.000000,6419.279297,681
greenland,greenland-outlets-v1,gate-09,197,190252.50,-2757052.50,0.391380699,0.920228856,120.000,1.036241507,2024-01,annual,6502.911648,7.000000,6556.950684,710
greenland,greenland-outlets-v1,gate-09,198,190132.50,-2756932.50,0.391380699,0.920228856,120.000,1.036232433,2024-01,annual,6752.189324,6.000000,6822.852051,741
greenland,greenland-outlets-v1,gate-09,199,190012.50,-2756932.50,0.391380699,0.920228856,120.000,1.036231847,2024-01,annual,6644.747735,6.000000,6720.786621,743
greenland,greenland-outlets-v1,gate-09,200,189892.50,-2756932.50,0.391380699,0.920228856,120.000,1.036231262,2024-01,annual,6452.354055,6.000000,6642.171387,739
greenland,greenland-outlets-v1,gate-10,201,-244747.50,-2776372.50,-0.883452245,0.468521218,120.000,1.037917946,2024-01,annual,-1.337583,0.000000,1.389208,699
greenland,greenland-outlets-v1,gate-10,202,-244747.50,-2776492.50,-0.883452245,0.468521218,120.000,1.037926502,2024-01,annual,-1.243333,0.000000,1.247411,1024
greenland,greenland-outlets-v1,gate-10,203,-244747.50,-2776612.50,-0.883452245,0.468521218,120.000,1.037935059,2024-01,annual,-1.283215,0.000000,1.289568,1623
greenland,greenland-outlets-v1,gate-10,204,-244867.50,-2776732.50,-0.883452245,0.468521218,120.000,1.037944370,2024-01,annual,1435.814031,27.000000,1444.872314,102
greenland,greenland-outlets-v1,gate-10,205,-244867.50,-2776732.50,-0.883452245,0.468521218,120.000,1.037944370,2024-01,annual,1435.814031,27.000000,1444.872314,102
greenland,greenland-outlets-v1,gate-10,206,-244987.50,-2776852.50,-0.883452245,0.468521218,120.000,1.037953683,2024-01,annual,66.442154,19.000000,487.442688,109
greenland,greenland-outlets-v1,gate-10,207,-244987.50,-2776972.50,-0.883452245,0.468521218,120.000,1.037962240,2024-01,annual,1124.781481,16.000000,1145.340942,106
greenland,greenland-outlets-v1,gate-10,208,-245107.50,-2777092.50,-0.883452245,0.468521218,120.000,1.037971554,2024-01,annual,930.963188,31.000000,935.206787,78
greenland,greenland-outlets-v1,gate-10,209,-245107.50,-2777212.50,-0.883452245,0.468521218,120.000,1.037980113,2024-01,annual,1527.786497,31.000000,1564.534790,71
greenland,greenland-outlets-v1,gate-10,210,-245227.50,-2777332.50,-0.883452245,0.468521218,120.000,1.037989427,2024-01,annual,,,,0
greenland,greenland-outlets-v1,gate-10,211,-245227.50,-2777452.50,-0.883452245,0.468521218,120.000,1.037997987,2024-01,annual,,,,0
greenland,greenland-outlets-v1,gate-10,212,-245347.50,-2777572.50,-0.883452245,0.468521218,120.000,1.038007303,2024-01,annual,,,,0
greenland,greenland-outlets-v1,gate-10,213,-245347.50,-2777572.50,-0.883452245,0.468521218,120.000,1.038007303,2024-01,annual,,,,0
greenland,greenland-outlets-v1,gate-10,214,-245467.50,-2777692.50,-0.883452245,0.468521218,120.000,1.038016620,2024-01,annual,,,,0
greenland,greenland-outlets-v1,gate-10,215,-245467.50,-2777812.50,-0.883452245,0.468521218,120.000,1.038025180,2024-01,annual,9370.633334,136.000000,9377.741211,26
greenland,greenland-outlets-v1,gate-10,216,-245587.50,-2778052.50,-0.883452245,0.468521218,120.000,1.038043060,2024-01,annual,10053.148356,99.000000,10056.771484,55
greenland,greenland-outlets-v1,gate-10,217,-245587.50,-2778172.50,-0.883452245,0.468521218,120.000,1.038051622,2024-01,annual,10448.682442,92.000000,10451.912109,59
greenland,greenland-outlets-v1,gate-10,218,-245707.50,-2778292.50,-0.883452245,0.468521218,120.000,1.038060942,2024-01,annual,10428.740928,89.000000,10429.616211,60
greenland,greenland-outlets-v1,gate-10,219,-245707.50,-2778412.50,-0.883452245,0.468521218,120.000,1.038069504,2024-01,annual,10927.768442,83.000000,10928.052734,63
greenland,greenland-outlets-v1,gate-10,220,-245827.50,-2778532.50,-0.883452245,0.468521218,120.000,1.038078825,2024-01,annual,10996.001320,109.000000,10996.000977,31
greenland,greenland-outlets-v1,gate-10,221,-245827.50,-2778532.50,-0.883452245,0.468521218,120.000,1.038078825,2024-01,annual,10996.001320,109.000000,10996.000977,31
greenland,greenland-outlets-v1,gate-10,222,-245947.50,-2778652.50,-0.883452245,0.468521218,120.000,1.038088147,2024-01,annual,10837.838032,81.000000,10838.067383,66
greenland,greenland-outlets-v1,gate-10,223,-245947.50,-2778772.50,-0.883452245,0.468521218,120.000,1.038096711,2024-01,annual,10740.479922,77.000000,10741.009766,68
greenland,greenland-outlets-v1,gate-10,224,-246067.50,-2778892.50,-0.883452245,0.468521218,120.000,1.038106033,2024-01,annual,10768.728078,78.000000,10768.771484,68
greenland,greenland-outlets-v1,gate-10,225,-246067.50,-2779012.50,-0.883452245,0.468521218,120.000,1.038114598,2024-01,annual,10761.735808,75.000000,10761.871094,69
greenland,greenland-outlets-v1,gate-10,226,-246187.50,-2779132.50,-0.883452245,0.468521218,120.000,1.038123922,2024-01,annual,10684.802605,77.000000,10684.816406,68
greenland,greenland-outlets-v1,gate-10,227,-246187.50,-2779252.50,-0.883452245,0.468521218,120.000,1.038132488,2024-01,annual,10601.504465,79.000000,10601.622070,65
greenland,greenland-outlets-v1,gate-10,228,-246307.50,-2779372.50,-0.883452245,0.468521218,120.000,1.038141813,2024-01,annual,10775.877821,83.000000,10775.941406,63
greenland,greenland-outlets-v1,gate-10,229,-246307.50,-2779372.50,-0.883452245,0.468521218,120.000,1.038141813,2024-01,annual,10775.877821,83.000000,10775.941406,63
greenland,greenland-outlets-v1,gate-10,230,-246427.50,-2779492.50,-0.883452245,0.468521218,120.000,1.038151139,2024-01,annual,10543.090216,110.000000,10543.228516,43
greenland,greenland-outlets-v1,gate-10,231,-246427.50,-2779612.50,-0.883452245,0.468521218,120.000,1.038159705,2024-01,annual,11681.005689,118.000000,11681.544922,36
greenland,greenland-outlets-v1,gate-10,232,-246427.50,-2779732.50,-0.883452245,0.468521218,120.000,1.038168273,2024-01,annual,10603.900845,149.000000,10604.025391,22
greenland,greenland-outlets-v1,gate-10,233,-246547.50,-2779852.50,-0.883452245,0.468521218,120.000,1.038177600,2024-01,annual,3267.568986,141.000000,3268.404541,28
greenland,greenland-outlets-v1,gate-10,234,-246547.50,-2779972.50,-0.883452245,0.468521218,120.000,1.038186168,2024-01,annual,1060.850421,104.000000,1061.258057,44
greenland,greenland-outlets-v1,gate-10,235,-246667.50,-2780092.50,-0.883452245,0.468521218,120.000,1.038195497,2024-01,annual,55.505855,4.000000,55.703529,86
greenland,greenland-outlets-v1,gate-10,236,-246667.50,-2780212.50,-0.883452245,0.468521218,120.000,1.038204066,2024-01,annual,-2.146132,1.000000,2.703450,341
greenland,greenland-outlets-v1,gate-10,237,-246787.50,-2780332.50,-0.883452245,0.468521218,120.000,1.038213396,2024-01,annual,-1.761811,1.000000,2.564900,669
greenland,greenland-outlets-v1,gate-10,238,-246787.50,-2780332.50,-0.883452245,0.468521218,120.000,1.038213396,2024-01,annual,-1.761811,1.000000,2.564900,669
greenland,greenland-outlets-v1,gate-11,239,664252.50,-2270332.50,0.832079762,-0.554655993,120.000,1.010213585,2024-01,annual,0.038515,0.000000,0.437392,3583
greenland,greenland-outlets-v1,gate-11,240,664372.50,-2270212.50,0.832079762,-0.554655993,120.000,1.010208704,2024-01,annual,-0.224951,0.000000,1.543329,4365
greenland,greenland-outlets-v1,gate-11,241,664372.50,-2270092.50,0.832079762,-0.554655993,120.000,1.010201804,2024-01,annual,-0.335347,0.000000,1.663183,4753
greenland,greenland-outlets-v1,gate-11,242,664492.50,-2269972.50,0.832079762,-0.554655993,120.000,1.010196924,2024-01,annual,-0.161672,0.000000,0.570782,5274
greenland,greenland-outlets-v1,gate-11,243,664852.50,-2269372.50,0.832079762,-0.554655993,120.000,1.010168494,2024-01,annual,0.538003,0.000000,0.972492,2554
greenland,greenland-outlets-v1,gate-11,244,664972.50,-2269252.50,0.832079762,-0.554655993,120.000,1.010163618,2024-01,annual,0.358577,0.000000,0.821131,1320
greenland,greenland-outlets-v1,gate-11,245,664972.50,-2269252.50,0.832079762,-0.554655993,120.000,1.010163618,2024-01,annual,0.358577,0.000000,0.821131,1320
greenland,greenland-outlets-v1,gate-11,246,665092.50,-2269132.50,0.832079762,-0.554655993,120.000,1.010158742,2024-01,annual,1.770476,0.000000,1.799894,1314
greenland,greenland-outlets-v1,gate-11,247,665092.50,-2269012.50,0.832079762,-0.554655993,120.000,1.010151846,2024-01,annual,0.911070,0.000000,0.911314,2450
greenland,greenland-outlets-v1,gate-11,248,665212.50,-2268892.50,0.832079762,-0.554655993,120.000,1.010146972,2024-01,annual,5003.777377,29.000000,5003.927734,128
greenland,greenland-outlets-v1,gate-11,249,665212.50,-2268772.50,0.832079762,-0.554655993,120.000,1.010140076,2024-01,annual,4587.729566,34.000000,4588.229004,109
greenland,greenland-outlets-v1,gate-11,250,665332.50,-2268652.50,0.832079762,-0.554655993,120.000,1.010135203,2024-01,annual,3805.269421,56.000000,3812.411377,113
greenland,greenland-outlets-v1,gate-11,251,665452.50,-2268652.50,0.832079762,-0.554655993,120.000,1.010137225,2024-01,annual,4088.109208,48.000000,4107.725098,154
greenland,greenland-outlets-v1,gate-11,252,665452.50,-2268532.50,0.832079762,-0.554655993,120.000,1.010130331,2024-01,annual,5181.640039,45.000000,5181.664551,161
greenland,greenland-outlets-v1,gate-11,253,665572.50,-2268412.50,0.832079762,-0.554655993,120.000,1.010125459,2024-01,annual,6593.856528,39.000000,6724.786621,185
greenland,greenland-outlets-v1,gate-11,254,665572.50,-2268292.50,0.832079762,-0.554655993,120.000,1.010118565,2024-01,annual,6453.542211,39.000000,6549.267090,182
greenland,greenland-outlets-v1,gate-11,255,665692.50,-2268172.50,0.832079762,-0.554655993,120.000,1.010113694,2024-01,annual,6515.336280,34.000000,6529.869141,189
greenland,greenland-outlets-v1,gate-11,256,665692.50,-2268052.50,0.832079762,-0.554655993,120.000,1.010106801,2024-01,annual,8062.348766,31.000000,8065.202637,191
greenland,greenland-outlets-v1,gate-11,257,665812.50,-2268052.50,0.832079762,-0.554655993,120.000,1.010108825,2024-01,annual,8042.927220,27.000000,8045.586426,208
greenland,greenland-outlets-v1,gate-11,258,665812.50,-2267932.50,0.832079762,-0.554655993,120.000,1.010101932,2024-01,annual,8057.140490,28.000000,8063.947754,201
greenland,greenland-outlets-v1,gate-11,259,665932.50,-2267812.50,0.832079762,-0.554655993,120.000,1.010097063,2024-01,annual,7714.987505,28.000000,7717.025879,186
greenland,greenland-outlets-v1,gate-11,260,666172.50,-2267452.50,0.832079762,-0.554655993,120.000,1.010080436,2024-01,annual,2388.055595,50.000000,2390.676514,121
greenland,greenland-outlets-v1,gate-12,261,-260587.50,-1980172.50,-0.687258612,-0.726412830,120.000,0.989972154,2024-01,annual,-8.837792,0.000000,9.543685,1409
greenland,greenland-outlets-v1,gate-12,262,-260467.50,-1980292.50,-0.687258612,-0.726412830,120.000,0.989977327,2024-01,annual,9112.055308,64.000000,9174.455078,169
greenland,greenland-outlets-v1,gate-12,263,-260347.50,-1980292.50,-0.687258612,-0.726412830,120.000,0.989976544,2024-01,annual,9690.903390,51.000000,9760.485352,189
greenland,greenland-outlets-v1,gate-12,264,-260347.50,-1980412.50,-0.687258612,-0.726412830,120.000,0.989982500,2024-01,annual,9599.863444,51.000000,9671.920898,183
greenland,greenland-outlets-v1,gate-12,265,-260227.50,-1980532.50,-0.687258612,-0.726412830,120.000,0.989987675,2024-01,annual,8512.107404,49.000000,8602.072266,198
greenland,greenland-outlets-v1,gate-12,266,-260107.50,-1980532.50,-0.687258612,-0.726412830,120.000,0.989986892,2024-01,annual,9571.551689,46.000000,9644.294922,214
greenland,greenland-outlets-v1,gate-12,267,-259987.50,-1980652.50,-0.687258612,-0.726412830,120.000,0.989992067,2024-01,annual,9802.909599,46.000000,9858.605469,218
greenland,greenland-outlets-v1,gate-12,268,-259987.50,-1980772.50,-0.687258612,-0.726412830,120.000,0.989998025,2024-01,annual,9648.839522,47.000000,9700.587891,205
greenland,greenland-outlets-v1,gate-12,269,-259867.50,-1980772.50,-0.687258612,-0.726412830,120.000,0.989997244,2024-01,annual,9909.904730,46.000000,9957.904297,217
greenland,greenland-outlets-v1,gate-12,270,-259747.50,-1980892.50,-0.687258612,-0.726412830,120.000,0.990002420,2024-01,annual,9867.176857,51.000000,9906.374023,212
greenland,greenland-outlets-v1,gate-12,271,-259747.50,-1981012.50,-0.687258612,-0.726412830,120.000,0.990008379,2024-01,annual,9542.574868,56.000000,9576.137695,194
greenland,greenland-outlets-v1,gate-12,272,-259627.50,-1981132.50,-0.687258612,-0.726412830,120.000,0.990013557,2024-01,annual,9315.365525,61.000000,9338.244141,188
greenland,greenland-outlets-v1,gate-12,273,-259507.50,-1981132.50,-0.687258612,-0.726412830,120.000,0.990012776,2024-01,annual,9345.317641,58.000000,9361.678711,191
greenland,greenland-outlets-v1,gate-12,274,-259387.50,-1981252.50,-0.687258612,-0.726412830,120.000,0.990017955,2024-01,annual,9102.534078,70.000000,9111.278320,160
greenland,greenland-outlets-v1,gate-12,275,-259387.50,-1981372.50,-0.687258612,-0.726412830,120.000,0.990023915,2024-01,annual,8994.232246,72.000000,9000.486328,145
greenland,greenland-outlets-v1,gate-12,276,-259267.50,-1981372.50,-0.687258612,-0.726412830,120.000,0.990023135,2024-01,annual,8828.739290,78.000000,8831.519531,132
greenland,greenland-outlets-v1,gate-12,277,-259147.50,-1981492.50,-0.687258612,-0.726412830,120.000,0.990028316,2024-01,annual,8506.472192,84.000000,8511.855469,119
greenland,greenland-outlets-v1,gate-12,278,-259027.50,-1981612.50,-0.687258612,-0.726412830,120.000,0.990033497,2024-01,annual,8421.826095,89.000000,8426.889648,115
greenland,greenland-outlets-v1,gate-12,279,-259027.50,-1981612.50,-0.687258612,-0.726412830,120.000,0.990033497,2024-01,annual,8421.826095,89.000000,8426.889648,115
greenland,greenland-outlets-v1,gate-12,280,-258907.50,-1981732.50,-0.687258612,-0.726412830,120.000,0.990038679,2024-01,annual,8401.834738,100.000000,8402.333984,101
greenland,greenland-outlets-v1,gate-12,281,-258787.50,-1981852.50,-0.687258612,-0.726412830,120.000,0.990043862,2024-01,annual,4702.250020,110.000000,4706.483887,90
greenland,greenland-outlets-v1,gate-12,282,-258787.50,-1981852.50,-0.687258612,-0.726412830,120.000,0.990043862,2024-01,annual,4702.250020,110.000000,4706.483887,90
greenland,greenland-outlets-v1,gate-12,283,-258667.50,-1981972.50,-0.687258612,-0.726412830,120.000,0.990049045,2024-01,annual,2105.763824,82.000000,2113.834961,69
greenland,greenland-outlets-v1,gate-12,284,-258547.50,-1982092.50,-0.687258612,-0.726412830,120.000,0.990054229,2024-01,annual,0.103803,0.000000,0.982083,3969
greenland,greenland-outlets-v1,gate-12,285,-258427.50,-1982092.50,-0.687258612,-0.726412830,120.000,0.990053452,2024-01,annual,-0.375396,0.000000,0.443534,4072
