ice_sheet,domain,month,value_km3,uncertainty_km3,uncertainty_correlated_km3,area_km2,n_cells,sampling,epoch_date,product
antarctica,grounded,2003-01,2.391896,2.250395,2697.942188,12334777.08,3270748,monthly,2003-01-16,itslive
antarctica,grounded,2003-02,248.240986,2.215110,2553.604139,12334777.08,3270748,monthly,2003-02-15,itslive
antarctica,grounded,2003-03,444.552911,2.229872,2577.897348,12334777.08,3270748,monthly,2003-03-18,itslive
antarctica,grounded,2003-04,594.311741,2.245602,2600.374671,12334777.08,3270748,monthly,2003-04-17,itslive
antarctica,grounded,2003-05,613.366353,2.378642,2823.468281,12334777.08,3270748,monthly,2003-05-17,itslive
antarctica,grounded,2003-06,615.842821,2.540869,2999.625986,12334777.08,3270748,monthly,2003-06-17,itslive
antarctica,grounded,2003-07,572.018549,2.683531,3140.769746,12334777.08,3270748,monthly,2003-07-17,itslive
antarctica,grounded,2003-08,587.174674,2.594641,2896.593449,12334777.08,3270748,monthly,2003-08-17,itslive
antarctica,grounded,2003-09,553.518063,2.375125,2684.744801,12334777.08,3270748,monthly,2003-09-16,itslive
antarctica,grounded,2003-10,499.151592,2.197959,2487.736777,12334777.08,3270748,monthly,2003-10-16,itslive
antarctica,grounded,2003-11,410.331178,2.252541,2530.811213,12334777.08,3270748,monthly,2003-11-16,itslive
antarctica,grounded,2003-12,231.467213,2.396573,2637.323056,12334777.08,3270748,monthly,2003-12-16,itslive
antarctica,grounded,2004-01,-33.899365,2.469674,2691.160558,12334777.08,3270748,monthly,2004-01-16,itslive
antarctica,grounded,2004-02,3.220281,2.229884,2484.340993,12334777.08,3270748,monthly,2004-02-15,itslive
antarctica,grounded,2004-03,120.275939,2.229726,2486.798279,12334777.08,3270748,monthly,2004-03-17,itslive
antarctica,grounded,2004-04,343.093302,2.205851,2457.719962,12334777.08,3270748,monthly,2004-04-16,itslive
antarctica,grounded,2004-05,486.591540,2.212715,2447.028420,12334777.08,3270748,monthly,2004-05-17,itslive
antarctica,grounded,2004-06,553.867251,2.187425,2415.912609,12334777.08,3270748,monthly,2004-06-16,itslive
antarctica,grounded,2004-07,510.019074,2.326170,2558.676529,12334777.08,3270748,monthly,2004-07-17,itslive
antarctica,grounded,2004-08,357.598190,2.698400,3140.712559,12334777.08,3270748,monthly,2004-08-16,itslive
antarctica,grounded,2004-09,470.648125,2.302438,2576.409019,12334777.08,3270748,monthly,2004-09-16,itslive
antarctica,grounded,2004-10,472.028258,2.207215,2484.793793,12334777.08,3270748,monthly,2004-10-16,itslive
antarctica,grounded,2004-11,386.974413,2.189242,2453.537596,12334777.08,3270748,monthly,2004-11-16,itslive
antarctica,grounded,2004-12,291.544525,2.525155,2782.264068,12334777.08,3270748,monthly,2004-12-16,itslive
antarctica,grounded,2005-01,132.470372,2.489086,2736.037723,12334777.08,3270748,monthly,2005-01-16,itslive
antarctica,grounded,2005-02,152.626224,2.206185,2475.166434,12334777.08,3270748,monthly,2005-02-15,itslive
antarctica,grounded,2005-03,229.872197,2.172303,2435.007799,12334777.08,3270748,monthly,2005-03-18,itslive
antarctica,grounded,2005-04,265.617460,2.145653,2404.544219,12334777.08,3270748,monthly,2005-04-17,itslive
antarctica,grounded,2005-05,278.631697,2.123097,2378.701925,12334777.08,3270748,monthly,2005-05-17,itslive
antarctica,grounded,2005-06,320.562404,2.112893,2370.532685,12334777.08,3270748,monthly,2005-06-17,itslive
antarctica,grounded,2005-07,389.693406,2.285133,2543.365092,12334777.08,3270748,monthly,2005-07-17,itslive
antarctica,grounded,2005-08,573.180236,2.735355,3180.475155,12334777.08,3270748,monthly,2005-08-17,itslive
antarctica,grounded,2005-09,780.485296,2.491583,2738.295977,12334777.08,3270748,monthly,2005-09-16,itslive
antarctica,grounded,2005-10,821.442883,2.207105,2467.899362,12334777.08,3270748,monthly,2005-10-16,itslive
antarctica,grounded,2005-11,765.175490,2.209550,2447.574504,12334777.08,3270748,monthly,2005-11-16,itslive
antarctica,grounded,2005-12,636.044277,2.373595,2605.981454,12334777.08,3270748,monthly,2005-12-16,itslive
antarctica,grounded,2006-01,510.016389,2.555134,2774.162345,12334777.08,3270748,monthly,2006-01-16,itslive
antarctica,grounded,2006-02,434.454953,2.248725,2496.588882,12334777.08,3270748,monthly,2006-02-15,itslive
antarctica,grounded,2006-03,465.505596,2.233810,2460.881207,12334777.08,3270748,monthly,2006-03-18,itslive
antarctica,grounded,2006-04,517.695788,2.226450,2452.081303,12334777.08,3270748,monthly,2006-04-17,itslive
antarctica,grounded,2006-05,622.291540,2.202289,2425.403022,12334777.08,3270748,monthly,2006-05-17,itslive
antarctica,grounded,2006-06,725.007741,2.153821,2403.893873,12334777.08,3270748,monthly,2006-06-17,itslive
antarctica,grounded,2006-07,742.154898,2.253866,2510.248409,12334777.08,3270748,monthly,2006-07-17,itslive
antarctica,grounded,2006-08,810.391757,2.729590,3169.808947,12334777.08,3270748,monthly,2006-08-17,itslive
antarctica,grounded,2006-09,805.274629,2.568336,2822.692976,12334777.08,3270748,monthly,2006-09-16,itslive
antarctica,grounded,2006-10,795.438055,2.243810,2503.551860,12334777.08,3270748,monthly,2006-10-16,itslive
antarctica,grounded,2006-11,762.801271,2.212355,2455.047981,12334777.08,3270748,monthly,2006-11-16,itslive
antarctica,grounded,2006-12,746.035540,2.323153,2577.711654,12334777.08,3270748,monthly,2006-12-16,itslive
antarctica,grounded,2007-01,613.099757,2.724541,3136.264686,12334777.08,3270748,monthly,2007-01-16,itslive
antarctica,grounded,2007-02,535.123027,2.392204,2633.781909,12334777.08,3270748,monthly,2007-02-15,itslive
antarctica,grounded,2007-03,407.271296,2.178646,2417.792503,12334777.08,3270748,monthly,2007-03-18,itslive
antarctica,grounded,2007-04,516.415115,2.166528,2408.852059,12334777.08,3270748,monthly,2007-04-17,itslive
antarctica,grounded,2007-05,644.945464,2.383279,2604.272051,12334777.08,3270748,monthly,2007-05-17,itslive
antarctica,grounded,2007-06,801.582382,2.666040,3081.928486,12334777.08,3270748,monthly,2007-06-17,itslive
antarctica,grounded,2007-07,793.416458,2.662901,3073.880720,12334777.08,3270748,monthly,2007-07-17,itslive
antarctica,grounded,2007-08,787.050507,2.679068,3098.509901,12334777.08,3270748,monthly,2007-08-17,itslive
antarctica,grounded,2007-09,611.335246,2.236428,2493.051504,12334777.08,3270748,monthly,2007-09-16,itslive
antarctica,grounded,2007-10,494.497601,2.175050,2424.961740,12334777.08,3270748,monthly,2007-10-16,itslive
antarctica,grounded,2007-11,382.188858,2.179602,2428.417385,12334777.08,3270748,monthly,2007-11-16,itslive
antarctica,grounded,2007-12,279.960694,2.611221,2851.890156,12334777.08,3270748,monthly,2007-12-16,itslive
antarctica,grounded,2008-01,161.835242,2.423015,2644.687311,12334777.08,3270748,monthly,2008-01-16,itslive
antarctica,grounded,2008-02,138.178474,2.177504,2411.442221,12334777.08,3270748,monthly,2008-02-15,itslive
antarctica,grounded,2008-03,212.224880,2.178957,2414.453934,12334777.08,3270748,monthly,2008-03-17,itslive
antarctica,grounded,2008-04,370.010336,2.322984,2548.446405,12334777.08,3270748,monthly,2008-04-16,itslive
antarctica,grounded,2008-05,503.097591,2.668886,3090.312919,12334777.08,3270748,monthly,2008-05-17,itslive
antarctica,grounded,2008-06,510.003396,2.670394,3094.246801,12334777.08,3270748,monthly,2008-06-16,itslive
antarctica,grounded,2008-07,541.009034,2.674149,3109.490360,12334777.08,3270748,monthly,2008-07-17,itslive
antarctica,grounded,2008-08,641.378345,2.700166,3164.438380,12334777.08,3270748,monthly,2008-08-16,itslive
antarctica,grounded,2008-09,648.142797,2.395684,2632.676039,12334777.08,3270748,monthly,2008-09-16,itslive
antarctica,grounded,2008-10,640.152118,2.323235,2557.102290,12334777.08,3270748,monthly,2008-10-16,itslive
antarctica,grounded,2008-11,558.936336,2.154564,2390.438305,12334777.08,3270748,monthly,2008-11-16,itslive
antarctica,grounded,2008-12,413.042489,2.330357,2552.647713,12334777.08,3270748,monthly,2008-12-16,itslive
antarctica,grounded,2009-01,314.050723,2.416889,2629.112192,12334777.08,3270748,monthly,2009-01-16,itslive
antarctica,grounded,2009-02,430.589528,2.369692,2588.032141,12334777.08,3270748,monthly,2009-02-15,itslive
antarctica,grounded,2009-03,582.576347,2.326573,2551.228243,12334777.08,3270748,monthly,2009-03-18,itslive
antarctica,grounded,2009-04,669.794989,2.307942,2532.327610,12334777.08,3270748,monthly,2009-04-17,itslive
antarctica,grounded,2009-05,684.617831,2.564951,2778.880473,12334777.08,3270748,monthly,2009-05-17,itslive
antarctica,grounded,2009-06,325.106195,2.618688,2976.016677,12334777.08,3270748,monthly,2009-06-17,itslive
antarctica,grounded,2009-07,354.188934,2.628107,2995.967732,12334777.08,3270748,monthly,2009-07-17,itslive
antarctica,grounded,2009-08,556.710885,2.916282,3129.377923,12334777.08,3270748,monthly,2009-08-17,itslive
antarctica,grounded,2009-09,643.153360,2.927530,3140.950558,12334777.08,3270748,monthly,2009-09-16,itslive
antarctica,grounded,2009-10,591.448298,2.920951,3133.571693,12334777.08,3270748,monthly,2009-10-16,itslive
antarctica,grounded,2009-11,425.564409,2.665534,3073.741742,12334777.08,3270748,monthly,2009-11-16,itslive
antarctica,grounded,2009-12,218.082353,2.688291,3106.472990,12334777.08,3270748,monthly,2009-12-16,itslive
antarctica,grounded,2010-01,135.205234,2.719465,3140.481012,12334777.08,3270748,monthly,2010-01-16,itslive
antarctica,grounded,2010-02,173.536971,2.759024,3196.131900,12334777.08,3270748,monthly,2010-02-15,itslive
antarctica,grounded,2010-03,309.587995,2.779554,3226.192309,12334777.08,3270748,monthly,2010-03-18,itslive
antarctica,grounded,2010-04,485.720358,2.767757,3207.043909,12334777.08,3270748,monthly,2010-04-17,itslive
antarctica,grounded,2010-05,547.682842,2.757126,3196.236157,12334777.08,3270748,monthly,2010-05-17,itslive
antarctica,grounded,2010-06,603.818039,2.971348,3173.308619,12334777.08,3270748,monthly,2010-06-17,itslive
antarctica,grounded,2010-07,535.110652,2.444325,2693.253092,12334777.08,3270748,monthly,2010-07-17,itslive
antarctica,grounded,2010-08,589.094227,2.191898,2468.310763,12334777.08,3270748,monthly,2010-08-17,itslive
antarctica,grounded,2010-09,574.155539,2.098205,2393.162385,12334777.08,3270748,monthly,2010-09-16,itslive
antarctica,grounded,2010-10,610.107166,2.004829,2347.254136,12334777.08,3270748,monthly,2010-10-16,itslive
antarctica,grounded,2010-11,609.540857,1.994646,2363.799835,12334777.08,3270748,monthly,2010-11-16,itslive
antarctica,grounded,2010-12,583.912840,1.933099,2300.603430,12334777.08,3270748,monthly,2010-12-16,itslive
antarctica,grounded,2011-01,485.971506,1.989834,2342.995432,12334777.08,3270748,monthly,2011-01-16,itslive
antarctica,grounded,2011-02,438.858746,1.955134,2310.447877,12334777.08,3270748,monthly,2011-02-15,itslive
antarctica,grounded,2011-03,459.166068,1.938724,2300.116927,12334777.08,3270748,monthly,2011-03-18,itslive
antarctica,grounded,2011-04,463.667495,1.930703,2290.250205,12334777.08,3270748,monthly,2011-04-17,itslive
antarctica,grounded,2011-05,426.828207,1.938039,2290.255555,12334777.08,3270748,monthly,2011-05-17,itslive
antarctica,grounded,2011-06,418.255704,1.927143,2293.428113,12334777.08,3270748,monthly,2011-06-17,itslive
antarctica,grounded,2011-07,415.137287,1.927537,2294.996623,12334777.08,3270748,monthly,2011-07-17,itslive
antarctica,grounded,2011-08,411.436283,1.924981,2282.111639,12334777.08,3270748,monthly,2011-08-17,itslive
antarctica,grounded,2011-09,444.391968,1.929064,2276.808260,12334777.08,3270748,monthly,2011-09-16,itslive
antarctica,grounded,2011-10,473.808102,1.926486,2278.237697,12334777.08,3270748,monthly,2011-10-16,itslive
antarctica,grounded,2011-11,406.232316,1.935487,2289.937769,12334777.08,3270748,monthly,2011-11-16,itslive
antarctica,grounded,2011-12,319.057736,1.934888,2291.556849,12334777.08,3270748,monthly,2011-12-16,itslive
antarctica,grounded,2012-01,264.529866,1.922693,2280.791329,12334777.08,3270748,monthly,2012-01-16,itslive
antarctica,grounded,2012-02,309.575519,1.908497,2263.359641,12334777.08,3270748,monthly,2012-02-15,itslive
antarctica,grounded,2012-03,286.182826,1.903523,2257.834910,12334777.08,3270748,monthly,2012-03-17,itslive
antarctica,grounded,2012-04,318.361711,1.914931,2270.095670,12334777.08,3270748,monthly,2012-04-16,itslive
antarctica,grounded,2012-05,352.960844,1.932834,2293.145961,12334777.08,3270748,monthly,2012-05-17,itslive
antarctica,grounded,2012-06,384.688187,1.936701,2305.706220,12334777.08,3270748,monthly,2012-06-16,itslive
antarctica,grounded,2012-07,344.040187,1.932817,2300.772350,12334777.08,3270748,monthly,2012-07-17,itslive
antarctica,grounded,2012-08,384.305971,1.909489,2280.619343,12334777.08,3270748,monthly,2012-08-16,itslive
antarctica,grounded,2012-09,439.084491,1.911439,2276.968524,12334777.08,3270748,monthly,2012-09-16,itslive
antarctica,grounded,2012-10,358.680898,1.914745,2279.162318,12334777.08,3270748,monthly,2012-10-16,itslive
antarctica,grounded,2012-11,131.153333,1.917872,2283.934139,12334777.08,3270748,monthly,2012-11-16,itslive
antarctica,grounded,2012-12,-4.198223,1.913570,2280.920365,12334777.08,3270748,monthly,2012-12-16,itslive
antarctica,grounded,2013-01,-23.510631,1.910887,2279.937981,12334777.08,3270748,monthly,2013-01-16,itslive
antarctica,grounded,2013-02,60.461265,1.914275,2273.463912,12334777.08,3270748,monthly,2013-02-15,itslive
antarctica,grounded,2013-03,111.214633,1.917549,2273.624429,12334777.08,3270748,monthly,2013-03-18,itslive
antarctica,grounded,2013-04,131.714848,1.924898,2278.045715,12334777.08,3270748,monthly,2013-04-17,itslive
antarctica,grounded,2013-05,130.256277,1.963981,2319.335366,12334777.08,3270748,monthly,2013-05-17,itslive
antarctica,grounded,2013-06,104.134460,1.952011,2317.327318,12334777.08,3270748,monthly,2013-06-17,itslive
antarctica,grounded,2013-07,120.246455,1.941176,2310.341385,12334777.08,3270748,monthly,2013-07-17,itslive
antarctica,grounded,2013-08,96.464602,1.905954,2268.952995,12334777.08,3270748,monthly,2013-08-17,itslive
antarctica,grounded,2013-09,101.133792,1.911792,2262.126885,12334777.08,3270748,monthly,2013-09-16,itslive
antarctica,grounded,2013-10,131.542846,1.902202,2252.846537,12334777.08,3270748,monthly,2013-10-16,itslive
antarctica,grounded,2013-11,110.041610,1.905988,2265.081093,12334777.08,3270748,monthly,2013-11-16,itslive
antarctica,grounded,2013-12,0.000000,1.902636,2267.154676,12334777.08,3270748,monthly,2013-12-16,itslive
antarctica,grounded,2014-01,-98.417172,1.903444,2261.988843,12334777.08,3270748,monthly,2014-01-16,itslive
antarctica,grounded,2014-02,-191.212464,1.898598,2246.090977,12334777.08,3270748,monthly,2014-02-15,itslive
antarctica,grounded,2014-03,-227.615252,1.886026,2233.333228,12334777.08,3270748,monthly,2014-03-18,itslive
antarctica,grounded,2014-04,-269.678781,1.883861,2233.043518,12334777.08,3270748,monthly,2014-04-17,itslive
antarctica,grounded,2014-05,-198.547358,1.888339,2241.054595,12334777.08,3270748,monthly,2014-05-17,itslive
antarctica,grounded,2014-06,-155.250820,1.897299,2254.534258,12334777.08,3270748,monthly,2014-06-17,itslive
antarctica,grounded,2014-07,-144.891852,1.897255,2257.080708,12334777.08,3270748,monthly,2014-07-17,itslive
antarctica,grounded,2014-08,-98.816960,1.896689,2257.770327,12334777.08,3270748,monthly,2014-08-17,itslive
antarctica,grounded,2014-09,-69.435130,1.901186,2254.257303,12334777.08,3270748,monthly,2014-09-16,itslive
antarctica,grounded,2014-10,-142.759201,1.897912,2258.519166,12334777.08,3270748,monthly,2014-10-16,itslive
antarctica,grounded,2014-11,-365.654769,1.897475,2270.531152,12334777.08,3270748,monthly,2014-11-16,itslive
antarctica,grounded,2014-12,-511.530319,1.902093,2282.429621,12334777.08,3270748,monthly,2014-12-16,itslive
antarctica,grounded,2015-01,-535.027775,1.900322,2277.176200,12334777.08,3270748,monthly,2015-01-16,itslive
antarctica,grounded,2015-02,-496.325042,1.900561,2271.585839,12334777.08,3270748,monthly,2015-02-15,itslive
antarctica,grounded,2015-03,-489.804061,1.894899,2265.250324,12334777.08,3270748,monthly,2015-03-18,itslive
antarctica,grounded,2015-04,-433.210604,1.893039,2266.160784,12334777.08,3270748,monthly,2015-04-17,itslive
antarctica,grounded,2015-05,-427.509517,1.894833,2271.995689,12334777.08,3270748,monthly,2015-05-17,itslive
antarctica,grounded,2015-06,-401.506803,1.900930,2280.163429,12334777.08,3270748,monthly,2015-06-17,itslive
antarctica,grounded,2015-07,-431.429840,1.904602,2285.017806,12334777.08,3270748,monthly,2015-07-17,itslive
antarctica,grounded,2015-08,-463.863280,1.900012,2270.696640,12334777.08,3270748,monthly,2015-08-17,itslive
antarctica,grounded,2015-09,-495.037105,1.894773,2262.782527,12334777.08,3270748,monthly,2015-09-16,itslive
antarctica,grounded,2015-10,-525.785372,1.893143,2260.927968,12334777.08,3270748,monthly,2015-10-16,itslive
antarctica,grounded,2015-11,-569.865848,1.898303,2270.062844,12334777.08,3270748,monthly,2015-11-16,itslive
antarctica,grounded,2015-12,-613.748416,1.901695,2273.065722,12334777.08,3270748,monthly,2015-12-16,itslive
antarctica,grounded,2016-01,-614.461039,1.893756,2264.805122,12334777.08,3270748,monthly,2016-01-16,itslive
antarctica,grounded,2016-02,-515.893161,1.893439,2255.422176,12334777.08,3270748,monthly,2016-02-15,itslive
antarctica,grounded,2016-03,-428.528373,1.882764,2243.357190,12334777.08,3270748,monthly,2016-03-17,itslive
antarctica,grounded,2016-04,-290.731845,1.884462,2242.873204,12334777.08,3270748,monthly,2016-04-16,itslive
antarctica,grounded,2016-05,-132.035395,1.897510,2259.563644,12334777.08,3270748,monthly,2016-05-17,itslive
antarctica,grounded,2016-06,-44.668135,1.909481,2276.540178,12334777.08,3270748,monthly,2016-06-16,itslive
antarctica,grounded,2016-07,-2.454947,1.919157,2292.859425,12334777.08,3270748,monthly,2016-07-17,itslive
antarctica,grounded,2016-08,22.494829,1.912541,2283.197868,12334777.08,3270748,monthly,2016-08-16,itslive
antarctica,grounded,2016-09,182.690436,1.906202,2279.842221,12334777.08,3270748,monthly,2016-09-16,itslive
antarctica,grounded,2016-10,203.892759,1.903876,2273.795238,12334777.08,3270748,monthly,2016-10-16,itslive
antarctica,grounded,2016-11,51.035532,1.899035,2277.897295,12334777.08,3270748,monthly,2016-11-16,itslive
antarctica,grounded,2016-12,-180.112210,1.892663,2273.903568,12334777.08,3270748,monthly,2016-12-16,itslive
antarctica,grounded,2017-01,-310.808552,1.889547,2268.087670,12334777.08,3270748,monthly,2017-01-16,itslive
antarctica,grounded,2017-02,-282.603451,1.889606,2254.480553,12334777.08,3270748,monthly,2017-02-15,itslive
antarctica,grounded,2017-03,-189.842049,1.876087,2240.656090,12334777.08,3270748,monthly,2017-03-18,itslive
antarctica,grounded,2017-04,-94.509409,1.877810,2246.174474,12334777.08,3270748,monthly,2017-04-17,itslive
antarctica,grounded,2017-05,-73.782866,1.901804,2269.666056,12334777.08,3270748,monthly,2017-05-17,itslive
antarctica,grounded,2017-06,-90.289757,1.904646,2276.023770,12334777.08,3270748,monthly,2017-06-17,itslive
antarctica,grounded,2017-07,-65.949436,1.908088,2276.623980,12334777.08,3270748,monthly,2017-07-17,itslive
antarctica,grounded,2017-08,-50.242318,1.904860,2270.495216,12334777.08,3270748,monthly,2017-08-17,itslive
antarctica,grounded,2017-09,-89.928183,1.900036,2265.734802,12334777.08,3270748,monthly,2017-09-16,itslive
antarctica,grounded,2017-10,-204.130865,1.908382,2273.272096,12334777.08,3270748,monthly,2017-10-16,itslive
antarctica,grounded,2017-11,-270.361055,1.925602,2290.237467,12334777.08,3270748,monthly,2017-11-16,itslive
antarctica,grounded,2017-12,-325.295977,1.932972,2314.583167,12334777.08,3270748,monthly,2017-12-16,itslive
antarctica,grounded,2018-01,-367.555308,1.924186,2304.703233,12334777.08,3270748,monthly,2018-01-16,itslive
antarctica,grounded,2018-02,-425.823893,1.910779,2280.842733,12334777.08,3270748,monthly,2018-02-15,itslive
antarctica,grounded,2018-03,-372.247680,1.893418,2248.236843,12334777.08,3270748,monthly,2018-03-18,itslive
antarctica,grounded,2018-04,-341.108995,1.887558,2242.360189,12334777.08,3270748,monthly,2018-04-17,itslive
antarctica,grounded,2018-05,-331.458081,1.891572,2249.373473,12334777.08,3270748,monthly,2018-05-17,itslive
antarctica,grounded,2018-06,-329.213454,1.897318,2258.175332,12334777.08,3270748,monthly,2018-06-17,itslive
antarctica,grounded,2018-07,-321.464532,1.897680,2255.356006,12334777.08,3270748,monthly,2018-07-17,itslive
antarctica,grounded,2018-08,-293.486436,1.902776,2259.268832,12334777.08,3270748,monthly,2018-08-17,itslive
antarctica,grounded,2018-09,-289.255793,1.887169,2227.196467,12334777.08,3270748,monthly,2018-09-16,itslive
antarctica,grounded,2018-10,-361.970831,1.781304,2109.230297,12334777.08,3270748,monthly,2018-10-16,itslive
antarctica,grounded,2018-11,-484.948487,1.711089,2010.714660,12334777.08,3270748,monthly,2018-11-16,itslive
antarctica,grounded,2018-12,-683.371068,1.708810,1980.845820,12334777.08,3270748,monthly,2018-12-16,itslive
antarctica,grounded,2019-01,-813.234418,1.780297,2040.632282,12334777.08,3270748,monthly,2019-01-16,itslive
antarctica,grounded,2019-02,-867.616821,1.850575,2102.098773,12334777.08,3270748,monthly,2019-02-15,itslive
antarctica,grounded,2019-03,-885.892748,1.755933,1999.020120,12334777.08,3270748,monthly,2019-03-18,itslive
antarctica,grounded,2019-04,-944.279977,1.667962,1895.099268,12334777.08,3270748,monthly,2019-04-17,itslive
antarctica,grounded,2019-05,-958.655416,1.578218,1779.075877,12334777.08,3270748,monthly,2019-05-17,itslive
antarctica,grounded,2019-06,-933.735990,1.594560,1785.167878,12334777.08,3270748,monthly,2019-06-17,itslive
antarctica,grounded,2019-07,-822.557502,1.618612,1793.741900,12334777.08,3270748,monthly,2019-07-17,itslive
antarctica,grounded,2019-08,-658.863728,1.596291,1782.030913,12334777.08,3270748,monthly,2019-08-17,itslive
antarctica,grounded,2019-09,-597.458808,1.575700,1769.220456,12334777.08,3270748,monthly,2019-09-16,itslive
antarctica,grounded,2019-10,-567.180386,1.577624,1767.333189,12334777.08,3270748,monthly,2019-10-16,itslive
antarctica,grounded,2019-11,-749.891535,1.581404,1767.553272,12334777.08,3270748,monthly,2019-11-16,itslive
antarctica,grounded,2019-12,-993.024727,1.573354,1765.195655,12334777.08,3270748,monthly,2019-12-16,itslive
antarctica,grounded,2020-01,-1181.820636,1.575130,1766.151546,12334777.08,3270748,monthly,2020-01-16,itslive
antarctica,grounded,2020-02,-1217.512130,1.579605,1766.926965,12334777.08,3270748,monthly,2020-02-15,itslive
antarctica,grounded,2020-03,-1156.602766,1.573064,1767.141822,12334777.08,3270748,monthly,2020-03-17,itslive
antarctica,grounded,2020-04,-1047.360672,1.576691,1770.457198,12334777.08,3270748,monthly,2020-04-16,itslive
antarctica,grounded,2020-05,-964.258644,1.577179,1769.309791,12334777.08,3270748,monthly,2020-05-17,itslive
antarctica,grounded,2020-06,-776.275824,1.573741,1767.899777,12334777.08,3270748,monthly,2020-06-16,itslive
antarctica,grounded,2020-07,-725.438662,1.570714,1766.268776,12334777.08,3270748,monthly,2020-07-17,itslive
antarctica,grounded,2020-08,-640.714310,1.576362,1769.752177,12334777.08,3270748,monthly,2020-08-16,itslive
antarctica,grounded,2020-09,-612.337485,1.601129,1780.901316,12334777.08,3270748,monthly,2020-09-16,itslive
antarctica,grounded,2020-10,-580.133488,1.764527,1858.246593,12334777.08,3270748,monthly,2020-10-16,itslive
antarctica,grounded,2020-11,-543.257987,2.627267,2382.641082,12334777.08,3270748,monthly,2020-11-16,itslive
antarctica,grounded,2020-12,-613.838290,0.530269,520.219416,12334777.08,3270748,monthly,2020-12-16,itslive
greenland,ice_sheet,1992-01,3775.985530,12.754403,4312.314363,1732985.13,464999,monthly,1992-01-15,itslive
greenland,ice_sheet,1992-02,3941.838850,9.434153,2865.689862,1732985.13,464999,monthly,1992-02-14,itslive
greenland,ice_sheet,1992-03,4093.377591,9.210210,2836.767310,1732985.13,464999,monthly,1992-03-15,itslive
greenland,ice_sheet,1992-04,4146.549260,8.689873,2780.829518,1732985.13,464999,monthly,1992-04-15,itslive
greenland,ice_sheet,1992-05,4172.246700,8.581969,2834.355041,1732985.13,464999,monthly,1992-05-14,itslive
greenland,ice_sheet,1992-06,4214.357050,8.681128,2761.830546,1732985.13,464999,monthly,1992-06-15,itslive
greenland,ice_sheet,1992-07,4251.316634,8.103292,2642.349989,1732985.13,464999,monthly,1992-07-15,itslive
greenland,ice_sheet,1992-08,4251.606533,8.645517,2775.484464,1732985.13,464999,monthly,1992-08-14,itslive
greenland,ice_sheet,1992-09,4186.940381,8.594408,2785.756846,1732985.13,464999,monthly,1992-09-14,itslive
greenland,ice_sheet,1992-10,4110.146777,9.210500,2991.498474,1732985.13,464999,monthly,1992-10-15,itslive
greenland,ice_sheet,1992-11,4032.166192,8.577800,2801.773604,1732985.13,464999,monthly,1992-11-14,itslive
greenland,ice_sheet,1992-12,3972.166018,9.091291,2939.177997,1732985.13,464999,monthly,1992-12-15,itslive
greenland,ice_sheet,1993-01,3912.845194,8.272871,2729.847949,1732985.13,464999,monthly,1993-01-14,itslive
greenland,ice_sheet,1993-02,3805.795230,8.893786,2878.101907,1732985.13,464999,monthly,1993-02-15,itslive
greenland,ice_sheet,1993-03,3707.437277,8.606699,2830.375116,1732985.13,464999,monthly,1993-03-14,itslive
greenland,ice_sheet,1993-04,3675.532832,9.233597,2929.808949,1732985.13,464999,monthly,1993-04-15,itslive
greenland,ice_sheet,1993-05,3686.968943,9.056404,2975.740502,1732985.13,464999,monthly,1993-05-15,itslive
greenland,ice_sheet,1993-06,3741.329505,8.645943,2854.443780,1732985.13,464999,monthly,1993-06-15,itslive
greenland,ice_sheet,1993-07,3813.219985,9.145987,2940.502381,1732985.13,464999,monthly,1993-07-15,itslive
greenland,ice_sheet,1993-08,3808.168101,8.209242,2682.618446,1732985.13,464999,monthly,1993-08-15,itslive
greenland,ice_sheet,1993-09,3772.740161,8.454030,2726.517975,1732985.13,464999,monthly,1993-09-14,itslive
greenland,ice_sheet,1993-10,3693.536500,7.890212,2589.010915,1732985.13,464999,monthly,1993-10-14,itslive
greenland,ice_sheet,1993-11,3544.077985,8.245504,2683.879049,1732985.13,464999,monthly,1993-11-14,itslive
greenland,ice_sheet,1993-12,3392.424614,249.364118,5321.730702,1732985.13,464999,monthly,1993-12-14,itslive
greenland,ice_sheet,1994-01,3304.959600,8.639966,2819.973104,1732985.13,464999,monthly,1994-01-14,itslive
greenland,ice_sheet,1994-02,3317.871645,9.576522,3091.649829,1732985.13,464999,monthly,1994-02-15,itslive
greenland,ice_sheet,1994-03,3385.910505,9.998678,3307.628331,1732985.13,464999,monthly,1994-03-14,itslive
greenland,ice_sheet,1994-04,3418.481088,10.564116,3456.519140,1732985.13,464999,monthly,1994-04-15,itslive
greenland,ice_sheet,1994-05,3369.814530,10.772455,3534.027562,1732985.13,464999,monthly,1994-05-15,itslive
greenland,ice_sheet,1994-06,3306.080339,11.129562,3657.358225,1732985.13,464999,monthly,1994-06-15,itslive
greenland,ice_sheet,1994-07,3258.008208,11.083414,3707.182260,1732985.13,464999,monthly,1994-07-15,itslive
greenland,ice_sheet,1994-08,3154.811141,12.838987,3697.133784,1732985.13,464999,monthly,1994-08-15,itslive
greenland,ice_sheet,1994-09,2971.153529,10.788006,3598.162265,1732985.13,464999,monthly,1994-09-14,itslive
greenland,ice_sheet,1994-10,2832.354150,10.695069,3587.054562,1732985.13,464999,monthly,1994-10-14,itslive
greenland,ice_sheet,1994-11,2760.496177,10.300562,3525.732151,1732985.13,464999,monthly,1994-11-14,itslive
greenland,ice_sheet,1994-12,2747.503071,10.172338,3542.344433,1732985.13,464999,monthly,1994-12-14,itslive
greenland,ice_sheet,1995-01,2835.902724,10.282783,3645.738651,1732985.13,464999,monthly,1995-01-14,itslive
greenland,ice_sheet,1995-02,2954.721758,10.034503,3549.278128,1732985.13,464999,monthly,1995-02-15,itslive
greenland,ice_sheet,1995-03,2975.668901,9.790030,3381.265971,1732985.13,464999,monthly,1995-03-14,itslive
greenland,ice_sheet,1995-04,2944.226528,8.636825,2914.295391,1732985.13,464999,monthly,1995-04-15,itslive
greenland,ice_sheet,1995-05,2931.726604,8.158629,2711.270998,1732985.13,464999,monthly,1995-05-15,itslive
greenland,ice_sheet,1995-06,2994.378532,7.796521,2619.624272,1732985.13,464999,monthly,1995-06-15,itslive
greenland,ice_sheet,1995-07,3133.554920,7.847857,2577.811320,1732985.13,464999,monthly,1995-07-15,itslive
greenland,ice_sheet,1995-08,3308.649577,7.797019,2567.165692,1732985.13,464999,monthly,1995-08-15,itslive
greenland,ice_sheet,1995-09,3494.818484,7.447186,2480.413622,1732985.13,464999,monthly,1995-09-14,itslive
greenland,ice_sheet,1995-10,3592.957219,7.546610,2511.922103,1732985.13,464999,monthly,1995-10-14,itslive
greenland,ice_sheet,1995-11,3557.970662,7.332689,2514.322352,1732985.13,464999,monthly,1995-11-14,itslive
greenland,ice_sheet,1995-12,3522.962982,7.509320,2604.867874,1732985.13,464999,monthly,1995-12-14,itslive
greenland,ice_sheet,1996-01,3565.544036,7.543732,2609.119485,1732985.13,464999,monthly,1996-01-15,itslive
greenland,ice_sheet,1996-02,3610.596502,7.622193,2619.560330,1732985.13,464999,monthly,1996-02-14,itslive
greenland,ice_sheet,1996-03,3620.945684,7.811992,2608.553932,1732985.13,464999,monthly,1996-03-15,itslive
greenland,ice_sheet,1996-04,3644.503769,7.923764,2584.426003,1732985.13,464999,monthly,1996-04-15,itslive
greenland,ice_sheet,1996-05,3683.709111,9.207509,2580.816357,1732985.13,464999,monthly,1996-05-14,itslive
greenland,ice_sheet,1996-06,3690.081998,7.794788,2607.202729,1732985.13,464999,monthly,1996-06-15,itslive
greenland,ice_sheet,1996-07,3658.811731,8.162239,2691.267515,1732985.13,464999,monthly,1996-07-15,itslive
greenland,ice_sheet,1996-08,3625.519525,8.429112,2741.534811,1732985.13,464999,monthly,1996-08-14,itslive
greenland,ice_sheet,1996-09,3618.209502,7.955151,2663.615309,1732985.13,464999,monthly,1996-09-14,itslive
greenland,ice_sheet,1996-10,3625.752647,7.592116,2600.149651,1732985.13,464999,monthly,1996-10-15,itslive
greenland,ice_sheet,1996-11,3644.319077,7.343920,2522.678792,1732985.13,464999,monthly,1996-11-14,itslive
greenland,ice_sheet,1996-12,3662.102162,7.096767,2499.462368,1732985.13,464999,monthly,1996-12-15,itslive
greenland,ice_sheet,1997-01,3671.451078,7.034110,2485.200635,1732985.13,464999,monthly,1997-01-14,itslive
greenland,ice_sheet,1997-02,3620.609588,7.132154,2510.108364,1732985.13,464999,monthly,1997-02-15,itslive
greenland,ice_sheet,1997-03,3529.728289,7.037691,2486.537239,1732985.13,464999,monthly,1997-03-14,itslive
greenland,ice_sheet,1997-04,3455.292189,9.122287,2447.769167,1732985.13,464999,monthly,1997-04-15,itslive
greenland,ice_sheet,1997-05,3470.757975,7.535745,2524.621796,1732985.13,464999,monthly,1997-05-15,itslive
greenland,ice_sheet,1997-06,3545.216557,8.137829,2649.123635,1732985.13,464999,monthly,1997-06-15,itslive
greenland,ice_sheet,1997-07,3613.403985,8.509593,2745.289364,1732985.13,464999,monthly,1997-07-15,itslive
greenland,ice_sheet,1997-08,3697.012614,8.299180,2685.052859,1732985.13,464999,monthly,1997-08-15,itslive
greenland,ice_sheet,1997-09,3786.559212,7.782426,2584.763191,1732985.13,464999,monthly,1997-09-14,itslive
greenland,ice_sheet,1997-10,3801.686017,7.361320,2495.010812,1732985.13,464999,monthly,1997-10-14,itslive
greenland,ice_sheet,1997-11,3741.412445,7.074299,2435.185757,1732985.13,464999,monthly,1997-11-14,itslive
greenland,ice_sheet,1997-12,3712.052558,6.949824,2407.268922,1732985.13,464999,monthly,1997-12-14,itslive
greenland,ice_sheet,1998-01,3763.138085,7.170739,2383.067518,1732985.13,464999,monthly,1998-01-14,itslive
greenland,ice_sheet,1998-02,3894.265167,6.904921,2387.487517,1732985.13,464999,monthly,1998-02-15,itslive
greenland,ice_sheet,1998-03,4031.448485,7.007720,2407.830956,1732985.13,464999,monthly,1998-03-14,itslive
greenland,ice_sheet,1998-04,4052.727812,7.692061,2559.746105,1732985.13,464999,monthly,1998-04-15,itslive
greenland,ice_sheet,1998-05,3991.846590,8.711339,2825.755242,1732985.13,464999,monthly,1998-05-15,itslive
greenland,ice_sheet,1998-06,3950.612919,9.377692,3058.115686,1732985.13,464999,monthly,1998-06-15,itslive
greenland,ice_sheet,1998-07,3975.207367,9.499657,3180.073657,1732985.13,464999,monthly,1998-07-15,itslive
greenland,ice_sheet,1998-08,4059.096220,9.710069,3142.598814,1732985.13,464999,monthly,1998-08-15,itslive
greenland,ice_sheet,1998-09,4149.382687,9.412086,2998.560392,1732985.13,464999,monthly,1998-09-14,itslive
greenland,ice_sheet,1998-10,4180.888399,8.442836,2746.848608,1732985.13,464999,monthly,1998-10-14,itslive
greenland,ice_sheet,1998-11,4138.045952,7.233420,2493.817245,1732985.13,464999,monthly,1998-11-14,itslive
greenland,ice_sheet,1998-12,4066.161623,6.655111,2335.963945,1732985.13,464999,monthly,1998-12-14,itslive
greenland,ice_sheet,1999-01,4038.196579,6.614585,2303.649096,1732985.13,464999,monthly,1999-01-14,itslive
greenland,ice_sheet,1999-02,4085.528960,6.956054,2390.951306,1732985.13,464999,monthly,1999-02-15,itslive
greenland,ice_sheet,1999-03,4187.249869,7.420993,2541.792822,1732985.13,464999,monthly,1999-03-14,itslive
greenland,ice_sheet,1999-04,4285.004549,8.021777,2711.598589,1732985.13,464999,monthly,1999-04-15,itslive
greenland,ice_sheet,1999-05,4300.273902,8.757154,2914.836729,1732985.13,464999,monthly,1999-05-15,itslive
greenland,ice_sheet,1999-06,4259.428069,9.006473,3043.070348,1732985.13,464999,monthly,1999-06-15,itslive
greenland,ice_sheet,1999-07,4240.745760,9.380168,3166.791165,1732985.13,464999,monthly,1999-07-15,itslive
greenland,ice_sheet,1999-08,4257.249627,9.801659,3224.829934,1732985.13,464999,monthly,1999-08-15,itslive
greenland,ice_sheet,1999-09,4296.365584,9.628867,3156.860296,1732985.13,464999,monthly,1999-09-14,itslive
greenland,ice_sheet,1999-10,4280.792753,8.837477,2985.515207,1732985.13,464999,monthly,1999-10-14,itslive
greenland,ice_sheet,1999-11,4204.808581,8.642777,2940.405468,1732985.13,464999,monthly,1999-11-14,itslive
greenland,ice_sheet,1999-12,4158.846460,8.277293,2860.013922,1732985.13,464999,monthly,1999-12-14,itslive
greenland,ice_sheet,2000-01,4181.987215,8.254611,2868.851976,1732985.13,464999,monthly,2000-01-15,itslive
greenland,ice_sheet,2000-02,4239.745265,8.242649,2865.338125,1732985.13,464999,monthly,2000-02-14,itslive
greenland,ice_sheet,2000-03,4269.981367,8.420008,2918.176279,1732985.13,464999,monthly,2000-03-15,itslive
greenland,ice_sheet,2000-04,4265.467939,8.823055,3020.813246,1732985.13,464999,monthly,2000-04-15,itslive
greenland,ice_sheet,2000-05,4244.046073,9.338250,3147.825791,1732985.13,464999,monthly,2000-05-14,itslive
greenland,ice_sheet,2000-06,4177.977509,9.668495,3224.011813,1732985.13,464999,monthly,2000-06-15,itslive
greenland,ice_sheet,2000-07,4120.220846,9.834856,3224.797058,1732985.13,464999,monthly,2000-07-15,itslive
greenland,ice_sheet,2000-08,4092.176194,10.304853,3291.083637,1732985.13,464999,monthly,2000-08-14,itslive
greenland,ice_sheet,2000-09,4049.480800,10.180808,3220.933447,1732985.13,464999,monthly,2000-09-14,itslive
greenland,ice_sheet,2000-10,4021.852440,9.864847,3111.428252,1732985.13,464999,monthly,2000-10-15,itslive
greenland,ice_sheet,2000-11,4007.953036,9.751855,3065.737327,1732985.13,464999,monthly,2000-11-14,itslive
greenland,ice_sheet,2000-12,3983.967854,8.788810,3013.347687,1732985.13,464999,monthly,2000-12-15,itslive
greenland,ice_sheet,2001-01,3960.023444,8.909345,3081.515685,1732985.13,464999,monthly,2001-01-14,itslive
greenland,ice_sheet,2001-02,3952.112463,9.037291,3115.390776,1732985.13,464999,monthly,2001-02-15,itslive
greenland,ice_sheet,2001-03,3964.963155,9.572146,3366.045183,1732985.13,464999,monthly,2001-03-14,itslive
greenland,ice_sheet,2001-04,3958.238977,9.734779,3452.639025,1732985.13,464999,monthly,2001-04-15,itslive
greenland,ice_sheet,2001-05,3913.835463,10.500865,3643.970903,1732985.13,464999,monthly,2001-05-15,itslive
greenland,ice_sheet,2001-06,3901.394850,10.835968,3768.279954,1732985.13,464999,monthly,2001-06-15,itslive
greenland,ice_sheet,2001-07,3942.476441,11.406882,3930.509865,1732985.13,464999,monthly,2001-07-15,itslive
greenland,ice_sheet,2001-08,3966.064929,11.893538,4034.566518,1732985.13,464999,monthly,2001-08-15,itslive
greenland,ice_sheet,2001-09,3919.486560,12.767609,4131.321985,1732985.13,464999,monthly,2001-09-14,itslive
greenland,ice_sheet,2001-10,3858.788778,10.570393,3679.680224,1732985.13,464999,monthly,2001-10-14,itslive
greenland,ice_sheet,2001-11,3844.853580,9.613095,3376.861804,1732985.13,464999,monthly,2001-11-14,itslive
greenland,ice_sheet,2001-12,3875.659400,9.079183,3195.184043,1732985.13,464999,monthly,2001-12-14,itslive
greenland,ice_sheet,2002-01,3918.500504,8.843189,3091.349514,1732985.13,464999,monthly,2002-01-14,itslive
greenland,ice_sheet,2002-02,3930.692245,8.684031,3045.412567,1732985.13,464999,monthly,2002-02-15,itslive
greenland,ice_sheet,2002-03,3920.011025,8.605198,3001.795098,1732985.13,464999,monthly,2002-03-14,itslive
greenland,ice_sheet,2002-04,3938.318012,8.442049,2891.476065,1732985.13,464999,monthly,2002-04-15,itslive
greenland,ice_sheet,2002-05,3992.173637,8.267125,2776.900660,1732985.13,464999,monthly,2002-05-15,itslive
greenland,ice_sheet,2002-06,4043.386136,8.180351,2739.356569,1732985.13,464999,monthly,2002-06-15,itslive
greenland,ice_sheet,2002-07,4061.837304,8.906728,2881.505061,1732985.13,464999,monthly,2002-07-15,itslive
greenland,ice_sheet,2002-08,4059.724133,10.741565,3144.403921,1732985.13,464999,monthly,2002-08-15,itslive
greenland,ice_sheet,2002-09,4077.150856,11.154674,3180.608213,1732985.13,464999,monthly,2002-09-14,itslive
greenland,ice_sheet,2002-10,4099.551180,9.627609,3039.772885,1732985.13,464999,monthly,2002-10-14,itslive
greenland,ice_sheet,2002-11,4154.307514,9.419461,2957.310769,1732985.13,464999,monthly,2002-11-14,itslive
greenland,ice_sheet,2002-12,4233.975904,7.803272,2643.481242,1732985.13,464999,monthly,2002-12-14,itslive
greenland,ice_sheet,2003-01,4230.682501,7.430781,2527.208374,1732985.13,464999,monthly,2003-01-14,itslive
greenland,ice_sheet,2003-02,4148.294629,7.427439,2486.887683,1732985.13,464999,monthly,2003-02-15,itslive
greenland,ice_sheet,2003-03,4056.414223,7.241013,2493.729219,1732985.13,464999,monthly,2003-03-14,itslive
greenland,ice_sheet,2003-04,3964.883786,8.060160,2660.448732,1732985.13,464999,monthly,2003-04-15,itslive
greenland,ice_sheet,2003-05,3903.659175,8.873120,2847.893112,1732985.13,464999,monthly,2003-05-15,itslive
greenland,ice_sheet,2003-06,3875.181465,10.481786,3246.075835,1732985.13,464999,monthly,2003-06-15,itslive
greenland,ice_sheet,2003-07,3862.998164,10.811626,3264.708307,1732985.13,464999,monthly,2003-07-15,itslive
greenland,ice_sheet,2003-08,3845.250000,7.705694,2384.015491,1732985.13,464999,monthly,2003-08-15,itslive
greenland,ice_sheet,2003-09,3788.343844,6.395000,1835.039024,1732985.13,464999,monthly,2003-09-14,itslive
greenland,ice_sheet,2003-10,3736.787015,5.219774,1576.448798,1732985.13,464999,monthly,2003-10-14,itslive
greenland,ice_sheet,2003-11,3732.307016,4.840926,1502.930987,1732985.13,464999,monthly,2003-11-14,itslive
greenland,ice_sheet,2003-12,3745.102557,4.433602,1456.629941,1732985.13,464999,monthly,2003-12-14,itslive
greenland,ice_sheet,2004-01,3749.070544,4.470554,1490.348935,1732985.13,464999,monthly,2004-01-15,itslive
greenland,ice_sheet,2004-02,3732.529620,4.663565,1511.499374,1732985.13,464999,monthly,2004-02-14,itslive
greenland,ice_sheet,2004-03,3689.771216,4.466443,1418.264564,1732985.13,464999,monthly,2004-03-15,itslive
greenland,ice_sheet,2004-04,3655.603935,4.106178,1334.373949,1732985.13,464999,monthly,2004-04-15,itslive
greenland,ice_sheet,2004-05,3646.928843,4.749584,1460.311998,1732985.13,464999,monthly,2004-05-14,itslive
greenland,ice_sheet,2004-06,3665.057060,4.940029,1571.642891,1732985.13,464999,monthly,2004-06-15,itslive
greenland,ice_sheet,2004-07,3689.207348,5.435485,1771.571655,1732985.13,464999,monthly,2004-07-15,itslive
greenland,ice_sheet,2004-08,3669.503765,5.174449,1684.941214,1732985.13,464999,monthly,2004-08-14,itslive
greenland,ice_sheet,2004-09,3635.166200,5.444022,1693.189051,1732985.13,464999,monthly,2004-09-14,itslive
greenland,ice_sheet,2004-10,3624.160419,4.584260,1474.893764,1732985.13,464999,monthly,2004-10-15,itslive
greenland,ice_sheet,2004-11,3637.204455,4.628394,1528.724943,1732985.13,464999,monthly,2004-11-14,itslive
greenland,ice_sheet,2004-12,3653.655466,4.651341,1580.077862,1732985.13,464999,monthly,2004-12-15,itslive
greenland,ice_sheet,2005-01,3657.081691,5.061596,1680.354832,1732985.13,464999,monthly,2005-01-14,itslive
greenland,ice_sheet,2005-02,3636.028036,4.976561,1612.891475,1732985.13,464999,monthly,2005-02-15,itslive
greenland,ice_sheet,2005-03,3591.073988,4.718569,1500.309310,1732985.13,464999,monthly,2005-03-14,itslive
greenland,ice_sheet,2005-04,3542.361728,4.486265,1420.764813,1732985.13,464999,monthly,2005-04-15,itslive
greenland,ice_sheet,2005-05,3509.816665,4.936812,1485.643059,1732985.13,464999,monthly,2005-05-15,itslive
greenland,ice_sheet,2005-06,3499.976352,5.427523,1618.022561,1732985.13,464999,monthly,2005-06-15,itslive
greenland,ice_sheet,2005-07,3495.936759,5.812339,1790.332861,1732985.13,464999,monthly,2005-07-15,itslive
greenland,ice_sheet,2005-08,3454.051199,6.413681,2033.483130,1732985.13,464999,monthly,2005-08-15,itslive
greenland,ice_sheet,2005-09,3390.485785,6.209462,1899.039741,1732985.13,464999,monthly,2005-09-14,itslive
greenland,ice_sheet,2005-10,3359.285676,4.847023,1587.752413,1732985.13,464999,monthly,2005-10-14,itslive
greenland,ice_sheet,2005-11,3357.478334,4.550076,1501.672544,1732985.13,464999,monthly,2005-11-14,itslive
greenland,ice_sheet,2005-12,3358.514759,4.797746,1602.117950,1732985.13,464999,monthly,2005-12-14,itslive
greenland,ice_sheet,2006-01,3345.812794,4.369258,1493.119644,1732985.13,464999,monthly,2006-01-14,itslive
greenland,ice_sheet,2006-02,3319.521344,4.417457,1483.361923,1732985.13,464999,monthly,2006-02-15,itslive
greenland,ice_sheet,2006-03,3292.825705,4.217583,1382.795518,1732985.13,464999,monthly,2006-03-14,itslive
greenland,ice_sheet,2006-04,3261.565512,4.234075,1355.500269,1732985.13,464999,monthly,2006-04-15,itslive
greenland,ice_sheet,2006-05,3226.124981,4.601178,1415.292198,1732985.13,464999,monthly,2006-05-15,itslive
greenland,ice_sheet,2006-06,3193.444539,5.180803,1579.790966,1732985.13,464999,monthly,2006-06-15,itslive
greenland,ice_sheet,2006-07,3156.577249,5.311658,1716.105664,1732985.13,464999,monthly,2006-07-15,itslive
greenland,ice_sheet,2006-08,3106.672009,6.166527,1992.094487,1732985.13,464999,monthly,2006-08-15,itslive
greenland,ice_sheet,2006-09,3050.083544,6.363792,1887.321493,1732985.13,464999,monthly,2006-09-14,itslive
greenland,ice_sheet,2006-10,3001.873858,4.858904,1583.022968,1732985.13,464999,monthly,2006-10-14,itslive
greenland,ice_sheet,2006-11,2964.619420,4.372343,1438.215947,1732985.13,464999,monthly,2006-11-14,itslive
greenland,ice_sheet,2006-12,2937.125333,4.618274,1561.823859,1732985.13,464999,monthly,2006-12-14,itslive
greenland,ice_sheet,2007-01,2923.121518,4.430972,1533.404185,1732985.13,464999,monthly,2007-01-14,itslive
greenland,ice_sheet,2007-02,2920.413153,4.397195,1506.165641,1732985.13,464999,monthly,2007-02-15,itslive
greenland,ice_sheet,2007-03,2921.525057,4.099193,1364.387960,1732985.13,464999,monthly,2007-03-14,itslive
greenland,ice_sheet,2007-04,2912.556523,4.622394,1445.746144,1732985.13,464999,monthly,2007-04-15,itslive
greenland,ice_sheet,2007-05,2883.461402,5.506662,1701.770103,1732985.13,464999,monthly,2007-05-15,itslive
greenland,ice_sheet,2007-06,2830.982977,8.156686,2553.266235,1732985.13,464999,monthly,2007-06-15,itslive
greenland,ice_sheet,2007-07,2742.146808,11.101424,3415.054133,1732985.13,464999,monthly,2007-07-15,itslive
greenland,ice_sheet,2007-08,2638.868735,6.701482,2143.721341,1732985.13,464999,monthly,2007-08-15,itslive
greenland,ice_sheet,2007-09,2563.853132,6.219152,1742.170412,1732985.13,464999,monthly,2007-09-14,itslive
greenland,ice_sheet,2007-10,2508.337078,4.748612,1520.406348,1732985.13,464999,monthly,2007-10-14,itslive
greenland,ice_sheet,2007-11,2467.831072,4.685866,1548.756243,1732985.13,464999,monthly,2007-11-14,itslive
greenland,ice_sheet,2007-12,2463.169620,4.561305,1559.386515,1732985.13,464999,monthly,2007-12-14,itslive
greenland,ice_sheet,2008-01,2477.294802,4.680625,1559.471261,1732985.13,464999,monthly,2008-01-15,itslive
greenland,ice_sheet,2008-02,2467.897374,4.395297,1431.792998,1732985.13,464999,monthly,2008-02-14,itslive
greenland,ice_sheet,2008-03,2439.315776,4.441137,1417.952338,1732985.13,464999,monthly,2008-03-15,itslive
greenland,ice_sheet,2008-04,2388.579505,5.003496,1600.132643,1732985.13,464999,monthly,2008-04-15,itslive
greenland,ice_sheet,2008-05,2281.184828,7.168822,2228.071669,1732985.13,464999,monthly,2008-05-14,itslive
greenland,ice_sheet,2008-06,2163.555528,11.425443,3397.262204,1732985.13,464999,monthly,2008-06-15,itslive
greenland,ice_sheet,2008-07,2130.652340,11.267806,3407.429125,1732985.13,464999,monthly,2008-07-15,itslive
greenland,ice_sheet,2008-08,2169.232023,8.052761,2516.357644,1732985.13,464999,monthly,2008-08-14,itslive
greenland,ice_sheet,2008-09,2194.901391,7.827524,2306.190941,1732985.13,464999,monthly,2008-09-14,itslive
greenland,ice_sheet,2008-10,2195.672306,5.448597,1707.860628,1732985.13,464999,monthly,2008-10-15,itslive
greenland,ice_sheet,2008-11,2200.628581,5.178878,1628.635052,1732985.13,464999,monthly,2008-11-14,itslive
greenland,ice_sheet,2008-12,2221.296870,5.256431,1653.744682,1732985.13,464999,monthly,2008-12-15,itslive
greenland,ice_sheet,2009-01,2239.910587,4.566364,1500.655779,1732985.13,464999,monthly,2009-01-14,itslive
greenland,ice_sheet,2009-02,2232.495266,4.022106,1336.060351,1732985.13,464999,monthly,2009-02-15,itslive
greenland,ice_sheet,2009-03,2183.624193,4.220352,1330.793542,1732985.13,464999,monthly,2009-03-14,itslive
greenland,ice_sheet,2009-04,2092.208158,4.466333,1398.258778,1732985.13,464999,monthly,2009-04-15,itslive
greenland,ice_sheet,2009-05,1936.827692,5.145314,1626.141750,1732985.13,464999,monthly,2009-05-15,itslive
greenland,ice_sheet,2009-06,1725.013389,8.562744,2604.060503,1732985.13,464999,monthly,2009-06-15,itslive
greenland,ice_sheet,2009-07,1580.136099,10.719674,3309.076056,1732985.13,464999,monthly,2009-07-15,itslive
greenland,ice_sheet,2009-08,1561.461216,8.560460,2651.290302,1732985.13,464999,monthly,2009-08-15,itslive
greenland,ice_sheet,2009-09,1574.525995,9.000568,2546.002208,1732985.13,464999,monthly,2009-09-14,itslive
greenland,ice_sheet,2009-10,1559.065548,7.487895,2294.896355,1732985.13,464999,monthly,2009-10-14,itslive
greenland,ice_sheet,2009-11,1498.288372,7.000545,2263.339422,1732985.13,464999,monthly,2009-11-14,itslive
greenland,ice_sheet,2009-12,1394.717201,7.015454,2338.568286,1732985.13,464999,monthly,2009-12-14,itslive
greenland,ice_sheet,2010-01,1300.820714,8.722985,2902.089379,1732985.13,464999,monthly,2010-01-14,itslive
greenland,ice_sheet,2010-02,1286.777233,8.721613,2894.121918,1732985.13,464999,monthly,2010-02-15,itslive
greenland,ice_sheet,2010-03,1318.424246,8.835600,2952.220527,1732985.13,464999,monthly,2010-03-14,itslive
greenland,ice_sheet,2010-04,1311.470947,9.783606,3154.370603,1732985.13,464999,monthly,2010-04-15,itslive
greenland,ice_sheet,2010-05,1239.606611,8.714057,2738.017224,1732985.13,464999,monthly,2010-05-15,itslive
greenland,ice_sheet,2010-06,1137.852672,5.557118,1881.817455,1732985.13,464999,monthly,2010-06-15,itslive
greenland,ice_sheet,2010-07,1047.331118,4.032274,1418.862207,1732985.13,464999,monthly,2010-07-15,itslive
greenland,ice_sheet,2010-08,993.270798,3.778552,1291.914932,1732985.13,464999,monthly,2010-08-15,itslive
greenland,ice_sheet,2010-09,965.085621,3.151368,1108.472515,1732985.13,464999,monthly,2010-09-14,itslive
greenland,ice_sheet,2010-10,956.277595,2.757037,1015.400845,1732985.13,464999,monthly,2010-10-14,itslive
greenland,ice_sheet,2010-11,963.468818,2.430728,924.269189,1732985.13,464999,monthly,2010-11-14,itslive
greenland,ice_sheet,2010-12,978.368341,2.229129,882.063057,1732985.13,464999,monthly,2010-12-14,itslive
greenland,ice_sheet,2011-01,985.584144,2.155376,864.534817,1732985.13,464999,monthly,2011-01-14,itslive
greenland,ice_sheet,2011-02,974.059007,2.147231,861.584118,1732985.13,464999,monthly,2011-02-15,itslive
greenland,ice_sheet,2011-03,941.457249,2.144461,859.672562,1732985.13,464999,monthly,2011-03-14,itslive
greenland,ice_sheet,2011-04,889.956138,2.129206,863.760968,1732985.13,464999,monthly,2011-04-15,itslive
greenland,ice_sheet,2011-05,823.411678,2.136474,872.135574,1732985.13,464999,monthly,2011-05-15,itslive
greenland,ice_sheet,2011-06,751.751153,2.139255,881.750999,1732985.13,464999,monthly,2011-06-15,itslive
greenland,ice_sheet,2011-07,687.882044,2.139089,882.495739,1732985.13,464999,monthly,2011-07-15,itslive
greenland,ice_sheet,2011-08,631.387609,2.140225,876.314675,1732985.13,464999,monthly,2011-08-15,itslive
greenland,ice_sheet,2011-09,584.610791,2.082551,860.489953,1732985.13,464999,monthly,2011-09-14,itslive
greenland,ice_sheet,2011-10,557.752572,2.047470,852.219133,1732985.13,464999,monthly,2011-10-14,itslive
greenland,ice_sheet,2011-11,556.871523,2.090752,861.205574,1732985.13,464999,monthly,2011-11-14,itslive
greenland,ice_sheet,2011-12,571.880618,2.087425,857.899228,1732985.13,464999,monthly,2011-12-14,itslive
greenland,ice_sheet,2012-01,589.554096,2.032010,843.571843,1732985.13,464999,monthly,2012-01-15,itslive
greenland,ice_sheet,2012-02,605.215940,1.987874,830.424286,1732985.13,464999,monthly,2012-02-14,itslive
greenland,ice_sheet,2012-03,614.624212,1.937127,820.059399,1732985.13,464999,monthly,2012-03-15,itslive
greenland,ice_sheet,2012-04,608.588540,1.857280,807.422168,1732985.13,464999,monthly,2012-04-15,itslive
greenland,ice_sheet,2012-05,563.231877,1.848205,808.924351,1732985.13,464999,monthly,2012-05-14,itslive
greenland,ice_sheet,2012-06,452.906654,1.932777,839.156454,1732985.13,464999,monthly,2012-06-15,itslive
greenland,ice_sheet,2012-07,287.510485,1.995159,858.528338,1732985.13,464999,monthly,2012-07-15,itslive
greenland,ice_sheet,2012-08,129.864420,2.015373,857.919433,1732985.13,464999,monthly,2012-08-14,itslive
greenland,ice_sheet,2012-09,38.646620,1.978138,839.696241,1732985.13,464999,monthly,2012-09-14,itslive
greenland,ice_sheet,2012-10,22.666017,1.924932,819.920829,1732985.13,464999,monthly,2012-10-15,itslive
greenland,ice_sheet,2012-11,53.659624,1.899621,808.794369,1732985.13,464999,monthly,2012-11-14,itslive
greenland,ice_sheet,2012-12,97.484065,1.830559,793.970211,1732985.13,464999,monthly,2012-12-15,itslive
greenland,ice_sheet,2013-01,126.235666,1.793524,787.246505,1732985.13,464999,monthly,2013-01-14,itslive
greenland,ice_sheet,2013-02,128.240571,1.787723,785.345096,1732985.13,464999,monthly,2013-02-15,itslive
greenland,ice_sheet,2013-03,104.918490,1.788661,786.373580,1732985.13,464999,monthly,2013-03-14,itslive
greenland,ice_sheet,2013-04,67.477204,1.757809,784.289881,1732985.13,464999,monthly,2013-04-15,itslive
greenland,ice_sheet,2013-05,28.702896,1.781965,793.878378,1732985.13,464999,monthly,2013-05-15,itslive
greenland,ice_sheet,2013-06,-8.933509,1.826104,806.106283,1732985.13,464999,monthly,2013-06-15,itslive
greenland,ice_sheet,2013-07,-43.743425,1.853719,813.241184,1732985.13,464999,monthly,2013-07-15,itslive
greenland,ice_sheet,2013-08,-67.134239,1.868782,817.515530,1732985.13,464999,monthly,2013-08-15,itslive
greenland,ice_sheet,2013-09,-71.548359,1.836668,805.299731,1732985.13,464999,monthly,2013-09-14,itslive
greenland,ice_sheet,2013-10,-57.842233,1.770035,786.008685,1732985.13,464999,monthly,2013-10-14,itslive
greenland,ice_sheet,2013-11,-34.672441,1.723999,773.973283,1732985.13,464999,monthly,2013-11-14,itslive
greenland,ice_sheet,2013-12,-12.255896,1.719353,771.512229,1732985.13,464999,monthly,2013-12-14,itslive
greenland,ice_sheet,2014-01,2.520235,1.716046,770.794085,1732985.13,464999,monthly,2014-01-14,itslive
greenland,ice_sheet,2014-02,5.528446,1.732856,775.212706,1732985.13,464999,monthly,2014-02-15,itslive
greenland,ice_sheet,2014-03,-7.075363,1.731649,776.406174,1732985.13,464999,monthly,2014-03-14,itslive
greenland,ice_sheet,2014-04,-32.724190,1.728338,779.246701,1732985.13,464999,monthly,2014-04-15,itslive
greenland,ice_sheet,2014-05,-65.405505,1.755360,787.570531,1732985.13,464999,monthly,2014-05-15,itslive
greenland,ice_sheet,2014-06,-105.119664,1.805528,799.158215,1732985.13,464999,monthly,2014-06-15,itslive
greenland,ice_sheet,2014-07,-150.403801,1.826116,805.974781,1732985.13,464999,monthly,2014-07-15,itslive
greenland,ice_sheet,2014-08,-190.314628,1.834795,805.122745,1732985.13,464999,monthly,2014-08-15,itslive
greenland,ice_sheet,2014-09,-215.118252,1.797621,792.928815,1732985.13,464999,monthly,2014-09-14,itslive
greenland,ice_sheet,2014-10,-221.906054,1.798430,789.878296,1732985.13,464999,monthly,2014-10-14,itslive
greenland,ice_sheet,2014-11,-212.265530,1.782142,784.762983,1732985.13,464999,monthly,2014-11-14,itslive
greenland,ice_sheet,2014-12,-193.335231,1.733878,772.885589,1732985.13,464999,monthly,2014-12-14,itslive
greenland,ice_sheet,2015-01,-173.720270,1.714325,767.849258,1732985.13,464999,monthly,2015-01-14,itslive
greenland,ice_sheet,2015-02,-157.964415,1.695565,765.007181,1732985.13,464999,monthly,2015-02-15,itslive
greenland,ice_sheet,2015-03,-150.286989,1.694711,766.471289,1732985.13,464999,monthly,2015-03-14,itslive
greenland,ice_sheet,2015-04,-161.371820,1.734419,775.982952,1732985.13,464999,monthly,2015-04-15,itslive
greenland,ice_sheet,2015-05,-195.384177,1.733768,781.723168,1732985.13,464999,monthly,2015-05-15,itslive
greenland,ice_sheet,2015-06,-243.116485,1.769270,792.034262,1732985.13,464999,monthly,2015-06-15,itslive
greenland,ice_sheet,2015-07,-292.022432,1.786504,797.063066,1732985.13,464999,monthly,2015-07-15,itslive
greenland,ice_sheet,2015-08,-322.811370,1.758079,785.279169,1732985.13,464999,monthly,2015-08-15,itslive
greenland,ice_sheet,2015-09,-322.724340,1.738648,776.014327,1732985.13,464999,monthly,2015-09-14,itslive
greenland,ice_sheet,2015-10,-301.673100,1.731522,771.404346,1732985.13,464999,monthly,2015-10-14,itslive
greenland,ice_sheet,2015-11,-281.659710,1.697203,760.911270,1732985.13,464999,monthly,2015-11-14,itslive
greenland,ice_sheet,2015-12,-274.655101,1.684378,758.695129,1732985.13,464999,monthly,2015-12-14,itslive
greenland,ice_sheet,2016-01,-276.393361,1.687351,758.542820,1732985.13,464999,monthly,2016-01-15,itslive
greenland,ice_sheet,2016-02,-271.390978,1.713273,763.417771,1732985.13,464999,monthly,2016-02-14,itslive
greenland,ice_sheet,2016-03,-249.835423,1.719038,764.829490,1732985.13,464999,monthly,2016-03-15,itslive
greenland,ice_sheet,2016-04,-230.359624,1.710154,766.285745,1732985.13,464999,monthly,2016-04-15,itslive
greenland,ice_sheet,2016-05,-247.091960,1.691741,764.482013,1732985.13,464999,monthly,2016-05-14,itslive
greenland,ice_sheet,2016-06,-314.851133,1.706238,772.691457,1732985.13,464999,monthly,2016-06-15,itslive
greenland,ice_sheet,2016-07,-410.375545,1.736683,782.728681,1732985.13,464999,monthly,2016-07-15,itslive
greenland,ice_sheet,2016-08,-487.061878,1.733846,779.743361,1732985.13,464999,monthly,2016-08-14,itslive
greenland,ice_sheet,2016-09,-517.632368,1.711271,768.485870,1732985.13,464999,monthly,2016-09-14,itslive
greenland,ice_sheet,2016-10,-513.405618,1.700808,762.973009,1732985.13,464999,monthly,2016-10-15,itslive
greenland,ice_sheet,2016-11,-498.827622,1.697360,758.246970,1732985.13,464999,monthly,2016-11-14,itslive
greenland,ice_sheet,2016-12,-481.686360,1.688932,756.356884,1732985.13,464999,monthly,2016-12-15,itslive
greenland,ice_sheet,2017-01,-456.116153,1.683112,754.521123,1732985.13,464999,monthly,2017-01-14,itslive
greenland,ice_sheet,2017-02,-424.996406,1.670711,752.821867,1732985.13,464999,monthly,2017-02-15,itslive
greenland,ice_sheet,2017-03,-400.720522,1.656115,750.168272,1732985.13,464999,monthly,2017-03-14,itslive
greenland,ice_sheet,2017-04,-394.491423,1.667509,755.532964,1732985.13,464999,monthly,2017-04-15,itslive
greenland,ice_sheet,2017-05,-412.215129,1.706741,768.362906,1732985.13,464999,monthly,2017-05-15,itslive
greenland,ice_sheet,2017-06,-446.964182,1.755782,785.980932,1732985.13,464999,monthly,2017-06-15,itslive
greenland,ice_sheet,2017-07,-475.631316,1.780354,795.028760,1732985.13,464999,monthly,2017-07-15,itslive
greenland,ice_sheet,2017-08,-474.542311,1.768285,790.607803,1732985.13,464999,monthly,2017-08-15,itslive
greenland,ice_sheet,2017-09,-439.840601,1.748619,781.999023,1732985.13,464999,monthly,2017-09-14,itslive
greenland,ice_sheet,2017-10,-389.710497,1.732158,774.946996,1732985.13,464999,monthly,2017-10-14,itslive
greenland,ice_sheet,2017-11,-347.876749,1.713837,767.755427,1732985.13,464999,monthly,2017-11-14,itslive
greenland,ice_sheet,2017-12,-329.306743,1.719596,767.234714,1732985.13,464999,monthly,2017-12-14,itslive
greenland,ice_sheet,2018-01,-333.506530,1.735207,769.373914,1732985.13,464999,monthly,2018-01-14,itslive
greenland,ice_sheet,2018-02,-342.808311,1.768100,775.754476,1732985.13,464999,monthly,2018-02-15,itslive
greenland,ice_sheet,2018-03,-351.883328,1.727897,769.618196,1732985.13,464999,monthly,2018-03-14,itslive
greenland,ice_sheet,2018-04,-367.445484,1.696314,764.348774,1732985.13,464999,monthly,2018-04-15,itslive
greenland,ice_sheet,2018-05,-384.482215,1.717961,770.368319,1732985.13,464999,monthly,2018-05-15,itslive
greenland,ice_sheet,2018-06,-398.541967,1.742661,777.534242,1732985.13,464999,monthly,2018-06-15,itslive
greenland,ice_sheet,2018-07,-412.625592,1.784850,788.111395,1732985.13,464999,monthly,2018-07-15,itslive
greenland,ice_sheet,2018-08,-428.028647,1.655356,679.088550,1732985.13,464999,monthly,2018-08-15,itslive
greenland,ice_sheet,2018-09,-443.871398,1.502405,561.648092,1732985.13,464999,monthly,2018-09-14,itslive
greenland,ice_sheet,2018-10,-459.703728,1.422411,498.223874,1732985.13,464999,monthly,2018-10-14,itslive
greenland,ice_sheet,2018-11,-474.560103,1.428917,480.232238,1732985.13,464999,monthly,2018-11-14,itslive
greenland,ice_sheet,2018-12,-488.206258,1.421452,473.705822,1732985.13,464999,monthly,2018-12-14,itslive
greenland,ice_sheet,2019-01,-494.110049,1.446470,477.822128,1732985.13,464999,monthly,2019-01-14,itslive
greenland,ice_sheet,2019-02,-475.418460,1.428451,472.797127,1732985.13,464999,monthly,2019-02-15,itslive
greenland,ice_sheet,2019-03,-430.934293,1.361363,457.696028,1732985.13,464999,monthly,2019-03-14,itslive
greenland,ice_sheet,2019-04,-399.882869,1.290831,441.055022,1732985.13,464999,monthly,2019-04-15,itslive
greenland,ice_sheet,2019-05,-438.313658,1.266014,438.137020,1732985.13,464999,monthly,2019-05-15,itslive
greenland,ice_sheet,2019-06,-571.599398,1.244724,435.597716,1732985.13,464999,monthly,2019-06-15,itslive
greenland,ice_sheet,2019-07,-757.214992,1.228422,432.421992,1732985.13,464999,monthly,2019-07-15,itslive
greenland,ice_sheet,2019-08,-912.090100,1.195835,420.732273,1732985.13,464999,monthly,2019-08-15,itslive
greenland,ice_sheet,2019-09,-981.869892,1.179412,413.437664,1732985.13,464999,monthly,2019-09-14,itslive
greenland,ice_sheet,2019-10,-978.032167,1.166843,405.828119,1732985.13,464999,monthly,2019-10-14,itslive
greenland,ice_sheet,2019-11,-945.221309,1.169598,403.442830,1732985.13,464999,monthly,2019-11-14,itslive
greenland,ice_sheet,2019-12,-914.932329,1.147960,400.220341,1732985.13,464999,monthly,2019-12-14,itslive
greenland,ice_sheet,2020-01,-897.010827,1.128628,398.337583,1732985.13,464999,monthly,2020-01-15,itslive
greenland,ice_sheet,2020-02,-891.059324,1.130686,398.147425,1732985.13,464999,monthly,2020-02-14,itslive
greenland,ice_sheet,2020-03,-893.493659,1.105234,393.309612,1732985.13,464999,monthly,2020-03-15,itslive
greenland,ice_sheet,2020-04,-908.436867,1.102388,392.593122,1732985.13,464999,monthly,2020-04-15,itslive
greenland,ice_sheet,2020-05,-946.114663,1.092719,391.499524,1732985.13,464999,monthly,2020-05-14,itslive
greenland,ice_sheet,2020-06,-1004.489987,1.089432,393.684984,1732985.13,464999,monthly,2020-06-15,itslive
greenland,ice_sheet,2020-07,-1061.513283,1.097086,395.968393,1732985.13,464999,monthly,2020-07-15,itslive
greenland,ice_sheet,2020-08,-1088.422488,1.106733,399.433728,1732985.13,464999,monthly,2020-08-14,itslive
greenland,ice_sheet,2020-09,-1072.507824,1.120497,400.809518,1732985.13,464999,monthly,2020-09-14,itslive
greenland,ice_sheet,2020-10,-1028.096970,1.119348,401.197526,1732985.13,464999,monthly,2020-10-15,itslive
greenland,ice_sheet,2020-11,-979.241548,1.113655,398.047251,1732985.13,464999,monthly,2020-11-14,itslive
greenland,ice_sheet,2020-12,-938.620292,1.103896,396.038341,1732985.13,464999,monthly,2020-12-15,itslive
greenland,ice_sheet,2021-01,-906.967664,1.096879,392.818078,1732985.13,464999,monthly,2021-01-14,itslive
greenland,ice_sheet,2021-02,-884.273043,1.083631,390.638082,1732985.13,464999,monthly,2021-02-15,itslive
greenland,ice_sheet,2021-03,-875.745079,1.072163,387.876743,1732985.13,464999,monthly,2021-03-14,itslive
greenland,ice_sheet,2021-04,-891.935583,1.071316,386.541779,1732985.13,464999,monthly,2021-04-15,itslive
greenland,ice_sheet,2021-05,-942.374205,1.075094,387.702970,1732985.13,464999,monthly,2021-05-15,itslive
greenland,ice_sheet,2021-06,-1024.730144,1.089990,392.116576,1732985.13,464999,monthly,2021-06-15,itslive
greenland,ice_sheet,2021-07,-1119.866175,1.101899,398.039676,1732985.13,464999,monthly,2021-07-15,itslive
greenland,ice_sheet,2021-08,-1199.017384,1.138135,406.724459,1732985.13,464999,monthly,2021-08-15,itslive
greenland,ice_sheet,2021-09,-1238.772009,1.157360,408.973196,1732985.13,464999,monthly,2021-09-14,itslive
greenland,ice_sheet,2021-10,-1235.570181,1.158015,406.249169,1732985.13,464999,monthly,2021-10-14,itslive
greenland,ice_sheet,2021-11,-1205.658958,1.158470,404.217871,1732985.13,464999,monthly,2021-11-14,itslive
greenland,ice_sheet,2021-12,-1165.731297,1.154712,402.917146,1732985.13,464999,monthly,2021-12-14,itslive
greenland,ice_sheet,2022-01,-1122.424841,1.167830,406.266364,1732985.13,464999,monthly,2022-01-14,itslive
greenland,ice_sheet,2022-02,-1083.620093,1.196802,413.312461,1732985.13,464999,monthly,2022-02-15,itslive
greenland,ice_sheet,2022-03,-1063.253620,1.198741,414.562868,1732985.13,464999,monthly,2022-03-14,itslive
greenland,ice_sheet,2022-04,-1074.383719,1.195553,414.463649,1732985.13,464999,monthly,2022-04-15,itslive
greenland,ice_sheet,2022-05,-1122.434973,1.194879,410.700958,1732985.13,464999,monthly,2022-05-15,itslive
greenland,ice_sheet,2022-06,-1198.811412,1.194108,411.673754,1732985.13,464999,monthly,2022-06-15,itslive
greenland,ice_sheet,2022-07,-1280.329319,1.215895,418.287041,1732985.13,464999,monthly,2022-07-15,itslive
greenland,ice_sheet,2022-08,-1329.242308,1.262616,432.236733,1732985.13,464999,monthly,2022-08-15,itslive
greenland,ice_sheet,2022-09,-1314.792488,1.281291,439.885486,1732985.13,464999,monthly,2022-09-14,itslive
greenland,ice_sheet,2022-10,-1245.804048,1.298030,440.753580,1732985.13,464999,monthly,2022-10-14,itslive
greenland,ice_sheet,2022-11,-1164.054211,1.328299,441.486895,1732985.13,464999,monthly,2022-11-14,itslive
greenland,ice_sheet,2022-12,-1104.403283,1.322660,435.925118,1732985.13,464999,monthly,2022-12-14,itslive
greenland,ice_sheet,2023-01,-1072.112308,1.301421,431.015275,1732985.13,464999,monthly,2023-01-14,itslive
greenland,ice_sheet,2023-02,-1056.803930,1.284311,427.857439,1732985.13,464999,monthly,2023-02-15,itslive
greenland,ice_sheet,2023-03,-1053.460279,1.274837,424.398166,1732985.13,464999,monthly,2023-03-14,itslive
greenland,ice_sheet,2023-04,-1063.450958,1.263461,422.823384,1732985.13,464999,monthly,2023-04-15,itslive
greenland,ice_sheet,2023-05,-1087.312693,1.268253,428.254436,1732985.13,464999,monthly,2023-05-15,itslive
greenland,ice_sheet,2023-06,-1129.122981,1.316626,453.624278,1732985.13,464999,monthly,2023-06-15,itslive
greenland,ice_sheet,2023-07,-1200.670430,1.506564,531.926778,1732985.13,464999,monthly,2023-07-15,itslive
greenland,ice_sheet,2023-08,-1292.535686,1.812289,688.276426,1732985.13,464999,monthly,2023-08-15,itslive
greenland,ice_sheet,2023-09,-1360.638586,2.083684,862.954913,1732985.13,464999,monthly,2023-09-14,itslive
greenland,ice_sheet,2023-10,-1384.492459,2.059762,851.617228,1732985.13,464999,monthly,2023-10-14,itslive
greenland,ice_sheet,2023-11,-1386.430596,2.035059,846.121008,1732985.13,464999,monthly,2023-11-14,itslive
greenland,ice_sheet,2023-12,-1383.796351,2.074442,866.692074,1732985.13,464999,monthly,2023-12-14,itslive
greenland,peripheral_glaciers,1992-01,569.055543,6.236204,722.472960,89376.73,23827,monthly,1992-01-15,itslive
greenland,peripheral_glaciers,1992-02,585.576147,6.204269,651.231223,89376.73,23827,monthly,1992-02-14,itslive
greenland,peripheral_glaciers,1992-03,589.899073,8.254595,732.737375,89376.73,23827,monthly,1992-03-15,itslive
greenland,peripheral_glaciers,1992-04,587.228189,5.758795,623.952620,89376.73,23827,monthly,1992-04-15,itslive
greenland,peripheral_glaciers,1992-05,600.207671,6.453842,667.390161,89376.73,23827,monthly,1992-05-14,itslive
greenland,peripheral_glaciers,1992-06,628.796701,5.985961,668.746746,89376.73,23827,monthly,1992-06-15,itslive
greenland,peripheral_glaciers,1992-07,667.873129,5.112547,611.607952,89376.73,23827,monthly,1992-07-15,itslive
greenland,peripheral_glaciers,1992-08,694.470517,5.691502,651.274612,89376.73,23827,monthly,1992-08-14,itslive
greenland,peripheral_glaciers,1992-09,686.026860,5.685696,659.632273,89376.73,23827,monthly,1992-09-14,itslive
greenland,peripheral_glaciers,1992-10,662.168520,5.827758,688.687888,89376.73,23827,monthly,1992-10-15,itslive
greenland,peripheral_glaciers,1992-11,638.450298,5.629395,660.818919,89376.73,23827,monthly,1992-11-14,itslive
greenland,peripheral_glaciers,1992-12,603.596867,6.061315,678.748916,89376.73,23827,monthly,1992-12-15,itslive
greenland,peripheral_glaciers,1993-01,564.465088,5.453110,605.477433,89376.73,23827,monthly,1993-01-14,itslive
greenland,peripheral_glaciers,1993-02,532.050933,6.095346,680.861142,89376.73,23827,monthly,1993-02-15,itslive
greenland,peripheral_glaciers,1993-03,513.677777,5.925026,692.262191,89376.73,23827,monthly,1993-03-14,itslive
greenland,peripheral_glaciers,1993-04,511.450925,6.103231,732.889666,89376.73,23827,monthly,1993-04-15,itslive
greenland,peripheral_glaciers,1993-05,514.750887,6.248567,744.177032,89376.73,23827,monthly,1993-05-15,itslive
greenland,peripheral_glaciers,1993-06,530.406888,6.884638,728.159084,89376.73,23827,monthly,1993-06-15,itslive
greenland,peripheral_glaciers,1993-07,564.171653,21.918193,739.035154,89376.73,23827,monthly,1993-07-15,itslive
greenland,peripheral_glaciers,1993-08,585.893109,19.141487,668.655089,89376.73,23827,monthly,1993-08-15,itslive
greenland,peripheral_glaciers,1993-09,572.704426,5.540686,621.079345,89376.73,23827,monthly,1993-09-14,itslive
greenland,peripheral_glaciers,1993-10,541.227146,16.244799,637.386637,89376.73,23827,monthly,1993-10-14,itslive
greenland,peripheral_glaciers,1993-11,508.331980,4.877897,554.628942,89376.73,23827,monthly,1993-11-14,itslive
greenland,peripheral_glaciers,1993-12,487.130219,213.538505,2622.980505,89376.73,23827,monthly,1993-12-14,itslive
greenland,peripheral_glaciers,1994-01,479.928023,5.071362,569.144317,89376.73,23827,monthly,1994-01-14,itslive
greenland,peripheral_glaciers,1994-02,472.424895,5.430640,627.680559,89376.73,23827,monthly,1994-02-15,itslive
greenland,peripheral_glaciers,1994-03,452.830780,5.301456,613.339565,89376.73,23827,monthly,1994-03-14,itslive
greenland,peripheral_glaciers,1994-04,432.843760,5.621028,630.661707,89376.73,23827,monthly,1994-04-15,itslive
greenland,peripheral_glaciers,1994-05,416.823701,6.006054,698.536772,89376.73,23827,monthly,1994-05-15,itslive
greenland,peripheral_glaciers,1994-06,399.618621,7.184465,815.645427,89376.73,23827,monthly,1994-06-15,itslive
greenland,peripheral_glaciers,1994-07,396.073331,7.612932,916.207245,89376.73,23827,monthly,1994-07-15,itslive
greenland,peripheral_glaciers,1994-08,416.790296,8.971019,909.780787,89376.73,23827,monthly,1994-08-15,itslive
greenland,peripheral_glaciers,1994-09,429.898233,6.988160,870.702929,89376.73,23827,monthly,1994-09-14,itslive
greenland,peripheral_glaciers,1994-10,425.029499,6.817939,849.457274,89376.73,23827,monthly,1994-10-14,itslive
greenland,peripheral_glaciers,1994-11,431.355493,6.587640,818.214453,89376.73,23827,monthly,1994-11-14,itslive
greenland,peripheral_glaciers,1994-12,440.550215,6.082515,782.676032,89376.73,23827,monthly,1994-12-14,itslive
greenland,peripheral_glaciers,1995-01,443.846541,6.221738,807.109605,89376.73,23827,monthly,1995-01-14,itslive
greenland,peripheral_glaciers,1995-02,452.655499,6.340493,809.771476,89376.73,23827,monthly,1995-02-15,itslive
greenland,peripheral_glaciers,1995-03,447.526171,6.225958,721.079589,89376.73,23827,monthly,1995-03-14,itslive
greenland,peripheral_glaciers,1995-04,428.403960,5.003284,575.377204,89376.73,23827,monthly,1995-04-15,itslive
greenland,peripheral_glaciers,1995-05,418.862162,4.271267,477.043397,89376.73,23827,monthly,1995-05-15,itslive
greenland,peripheral_glaciers,1995-06,440.522519,4.003542,463.152286,89376.73,23827,monthly,1995-06-15,itslive
greenland,peripheral_glaciers,1995-07,469.460226,4.748171,519.781495,89376.73,23827,monthly,1995-07-15,itslive
greenland,peripheral_glaciers,1995-08,480.199134,4.911492,529.152031,89376.73,23827,monthly,1995-08-15,itslive
greenland,peripheral_glaciers,1995-09,477.634519,4.229731,475.176405,89376.73,23827,monthly,1995-09-14,itslive
greenland,peripheral_glaciers,1995-10,469.657515,3.726515,414.959491,89376.73,23827,monthly,1995-10-14,itslive
greenland,peripheral_glaciers,1995-11,470.340382,3.884841,418.960223,89376.73,23827,monthly,1995-11-14,itslive
greenland,peripheral_glaciers,1995-12,476.866488,4.051192,436.637830,89376.73,23827,monthly,1995-12-14,itslive
greenland,peripheral_glaciers,1996-01,482.800119,3.924624,425.469231,89376.73,23827,monthly,1996-01-15,itslive
greenland,peripheral_glaciers,1996-02,491.596169,3.677551,406.316701,89376.73,23827,monthly,1996-02-14,itslive
greenland,peripheral_glaciers,1996-03,505.849868,3.594857,397.023026,89376.73,23827,monthly,1996-03-15,itslive
greenland,peripheral_glaciers,1996-04,511.114950,4.281558,421.803054,89376.73,23827,monthly,1996-04-15,itslive
greenland,peripheral_glaciers,1996-05,490.514492,4.065346,405.998183,89376.73,23827,monthly,1996-05-14,itslive
greenland,peripheral_glaciers,1996-06,456.208261,4.114247,445.708013,89376.73,23827,monthly,1996-06-15,itslive
greenland,peripheral_glaciers,1996-07,445.720663,4.206948,462.731511,89376.73,23827,monthly,1996-07-15,itslive
greenland,peripheral_glaciers,1996-08,466.634193,4.032462,461.154073,89376.73,23827,monthly,1996-08-14,itslive
greenland,peripheral_glaciers,1996-09,495.209092,4.154348,453.368285,89376.73,23827,monthly,1996-09-14,itslive
greenland,peripheral_glaciers,1996-10,508.566940,4.028783,451.776733,89376.73,23827,monthly,1996-10-15,itslive
greenland,peripheral_glaciers,1996-11,493.140639,4.115130,442.381686,89376.73,23827,monthly,1996-11-14,itslive
greenland,peripheral_glaciers,1996-12,461.101455,3.667507,420.656186,89376.73,23827,monthly,1996-12-15,itslive
greenland,peripheral_glaciers,1997-01,439.009730,3.689522,403.245168,89376.73,23827,monthly,1997-01-14,itslive
greenland,peripheral_glaciers,1997-02,424.012191,3.721857,412.725034,89376.73,23827,monthly,1997-02-15,itslive
greenland,peripheral_glaciers,1997-03,415.579118,3.662012,407.520140,89376.73,23827,monthly,1997-03-14,itslive
greenland,peripheral_glaciers,1997-04,418.629151,3.830692,420.667747,89376.73,23827,monthly,1997-04-15,itslive
greenland,peripheral_glaciers,1997-05,420.283127,4.126612,463.505267,89376.73,23827,monthly,1997-05-15,itslive
greenland,peripheral_glaciers,1997-06,425.048036,4.614252,516.150035,89376.73,23827,monthly,1997-06-15,itslive
greenland,peripheral_glaciers,1997-07,435.986506,4.515227,488.393367,89376.73,23827,monthly,1997-07-15,itslive
greenland,peripheral_glaciers,1997-08,444.591608,4.485500,455.435752,89376.73,23827,monthly,1997-08-15,itslive
greenland,peripheral_glaciers,1997-09,452.034573,4.619583,453.486328,89376.73,23827,monthly,1997-09-14,itslive
greenland,peripheral_glaciers,1997-10,454.196456,4.071990,432.648291,89376.73,23827,monthly,1997-10-14,itslive
greenland,peripheral_glaciers,1997-11,456.922493,3.699952,415.702323,89376.73,23827,monthly,1997-11-14,itslive
greenland,peripheral_glaciers,1997-12,465.523802,3.372685,390.349368,89376.73,23827,monthly,1997-12-14,itslive
greenland,peripheral_glaciers,1998-01,475.985672,3.266127,379.650335,89376.73,23827,monthly,1998-01-14,itslive
greenland,peripheral_glaciers,1998-02,490.541244,3.351542,379.936664,89376.73,23827,monthly,1998-02-15,itslive
greenland,peripheral_glaciers,1998-03,503.280219,3.462207,384.970459,89376.73,23827,monthly,1998-03-14,itslive
greenland,peripheral_glaciers,1998-04,504.941509,4.005322,422.206368,89376.73,23827,monthly,1998-04-15,itslive
greenland,peripheral_glaciers,1998-05,491.976323,4.149158,444.951627,89376.73,23827,monthly,1998-05-15,itslive
greenland,peripheral_glaciers,1998-06,481.698392,4.324726,476.120360,89376.73,23827,monthly,1998-06-15,itslive
greenland,peripheral_glaciers,1998-07,487.955917,4.960537,503.386876,89376.73,23827,monthly,1998-07-15,itslive
greenland,peripheral_glaciers,1998-08,502.501511,5.304554,516.917703,89376.73,23827,monthly,1998-08-15,itslive
greenland,peripheral_glaciers,1998-09,517.913776,5.334019,505.504491,89376.73,23827,monthly,1998-09-14,itslive
greenland,peripheral_glaciers,1998-10,529.292046,4.484914,437.437063,89376.73,23827,monthly,1998-10-14,itslive
greenland,peripheral_glaciers,1998-11,524.496864,3.941035,398.787281,89376.73,23827,monthly,1998-11-14,itslive
greenland,peripheral_glaciers,1998-12,505.809321,3.972216,388.300892,89376.73,23827,monthly,1998-12-14,itslive
greenland,peripheral_glaciers,1999-01,494.564912,3.656966,377.525731,89376.73,23827,monthly,1999-01-14,itslive
greenland,peripheral_glaciers,1999-02,497.403051,3.488102,370.629548,89376.73,23827,monthly,1999-02-15,itslive
greenland,peripheral_glaciers,1999-03,499.073788,3.711848,393.004668,89376.73,23827,monthly,1999-03-14,itslive
greenland,peripheral_glaciers,1999-04,492.697421,4.162295,434.213851,89376.73,23827,monthly,1999-04-15,itslive
greenland,peripheral_glaciers,1999-05,485.313841,4.489668,484.857114,89376.73,23827,monthly,1999-05-15,itslive
greenland,peripheral_glaciers,1999-06,483.757420,4.972236,535.619788,89376.73,23827,monthly,1999-06-15,itslive
greenland,peripheral_glaciers,1999-07,489.459506,4.860462,550.494729,89376.73,23827,monthly,1999-07-15,itslive
greenland,peripheral_glaciers,1999-08,495.427452,5.506279,572.974198,89376.73,23827,monthly,1999-08-15,itslive
greenland,peripheral_glaciers,1999-09,503.516566,5.439371,555.071357,89376.73,23827,monthly,1999-09-14,itslive
greenland,peripheral_glaciers,1999-10,523.691761,5.171425,511.371816,89376.73,23827,monthly,1999-10-14,itslive
greenland,peripheral_glaciers,1999-11,543.966503,6.101886,483.553810,89376.73,23827,monthly,1999-11-14,itslive
greenland,peripheral_glaciers,1999-12,553.475196,4.419796,461.285877,89376.73,23827,monthly,1999-12-14,itslive
greenland,peripheral_glaciers,2000-01,543.632934,4.074799,464.404711,89376.73,23827,monthly,2000-01-15,itslive
greenland,peripheral_glaciers,2000-02,518.081109,4.601354,466.431260,89376.73,23827,monthly,2000-02-14,itslive
greenland,peripheral_glaciers,2000-03,496.432736,3.971159,464.529742,89376.73,23827,monthly,2000-03-15,itslive
greenland,peripheral_glaciers,2000-04,489.098080,4.235927,489.342520,89376.73,23827,monthly,2000-04-15,itslive
greenland,peripheral_glaciers,2000-05,493.846707,4.749733,522.800858,89376.73,23827,monthly,2000-05-14,itslive
greenland,peripheral_glaciers,2000-06,487.788640,5.128793,564.077856,89376.73,23827,monthly,2000-06-15,itslive
greenland,peripheral_glaciers,2000-07,462.662704,6.558373,643.349947,89376.73,23827,monthly,2000-07-15,itslive
greenland,peripheral_glaciers,2000-08,428.510688,6.668802,663.291248,89376.73,23827,monthly,2000-08-14,itslive
greenland,peripheral_glaciers,2000-09,400.719656,7.432150,659.689292,89376.73,23827,monthly,2000-09-14,itslive
greenland,peripheral_glaciers,2000-10,397.816438,6.519556,561.433622,89376.73,23827,monthly,2000-10-15,itslive
greenland,peripheral_glaciers,2000-11,416.508374,6.135613,547.714851,89376.73,23827,monthly,2000-11-14,itslive
greenland,peripheral_glaciers,2000-12,442.683590,4.790383,517.666399,89376.73,23827,monthly,2000-12-15,itslive
greenland,peripheral_glaciers,2001-01,462.152350,4.318730,494.930651,89376.73,23827,monthly,2001-01-14,itslive
greenland,peripheral_glaciers,2001-02,479.212375,4.293182,493.521053,89376.73,23827,monthly,2001-02-15,itslive
greenland,peripheral_glaciers,2001-03,495.269868,4.642363,539.814469,89376.73,23827,monthly,2001-03-14,itslive
greenland,peripheral_glaciers,2001-04,506.244533,5.153227,571.306359,89376.73,23827,monthly,2001-04-15,itslive
greenland,peripheral_glaciers,2001-05,520.366448,5.767049,648.014405,89376.73,23827,monthly,2001-05-15,itslive
greenland,peripheral_glaciers,2001-06,535.216114,6.303868,736.788179,89376.73,23827,monthly,2001-06-15,itslive
greenland,peripheral_glaciers,2001-07,517.305970,7.181345,839.954517,89376.73,23827,monthly,2001-07-15,itslive
greenland,peripheral_glaciers,2001-08,475.315833,7.712228,879.190422,89376.73,23827,monthly,2001-08-15,itslive
greenland,peripheral_glaciers,2001-09,460.759691,8.893325,905.213347,89376.73,23827,monthly,2001-09-14,itslive
greenland,peripheral_glaciers,2001-10,469.672080,5.863282,696.769660,89376.73,23827,monthly,2001-10-14,itslive
greenland,peripheral_glaciers,2001-11,482.864858,4.732465,566.807515,89376.73,23827,monthly,2001-11-14,itslive
greenland,peripheral_glaciers,2001-12,486.467419,4.388389,529.195102,89376.73,23827,monthly,2001-12-14,itslive
greenland,peripheral_glaciers,2002-01,484.334749,4.333986,511.549010,89376.73,23827,monthly,2002-01-14,itslive
greenland,peripheral_glaciers,2002-02,480.609974,4.275870,498.013950,89376.73,23827,monthly,2002-02-15,itslive
greenland,peripheral_glaciers,2002-03,456.577957,4.334223,504.880191,89376.73,23827,monthly,2002-03-14,itslive
greenland,peripheral_glaciers,2002-04,413.579683,4.259599,509.402335,89376.73,23827,monthly,2002-04-15,itslive
greenland,peripheral_glaciers,2002-05,370.497810,5.188089,571.917889,89376.73,23827,monthly,2002-05-15,itslive
greenland,peripheral_glaciers,2002-06,348.312301,5.793185,596.330259,89376.73,23827,monthly,2002-06-15,itslive
greenland,peripheral_glaciers,2002-07,351.738773,8.207645,673.842567,89376.73,23827,monthly,2002-07-15,itslive
greenland,peripheral_glaciers,2002-08,361.009519,9.767205,827.798509,89376.73,23827,monthly,2002-08-15,itslive
greenland,peripheral_glaciers,2002-09,372.485693,10.918120,876.460852,89376.73,23827,monthly,2002-09-14,itslive
greenland,peripheral_glaciers,2002-10,397.209619,8.154966,732.655658,89376.73,23827,monthly,2002-10-14,itslive
greenland,peripheral_glaciers,2002-11,431.547578,7.952300,668.886619,89376.73,23827,monthly,2002-11-14,itslive
greenland,peripheral_glaciers,2002-12,461.255627,3.370062,382.345692,89376.73,23827,monthly,2002-12-14,itslive
greenland,peripheral_glaciers,2003-01,475.412765,3.469555,383.658962,89376.73,23827,monthly,2003-01-14,itslive
greenland,peripheral_glaciers,2003-02,477.813789,3.685521,389.168511,89376.73,23827,monthly,2003-02-15,itslive
greenland,peripheral_glaciers,2003-03,473.172374,4.407515,402.496889,89376.73,23827,monthly,2003-03-14,itslive
greenland,peripheral_glaciers,2003-04,460.380186,7.646365,452.868019,89376.73,23827,monthly,2003-04-15,itslive
greenland,peripheral_glaciers,2003-05,446.679978,6.149630,445.573994,89376.73,23827,monthly,2003-05-15,itslive
greenland,peripheral_glaciers,2003-06,431.192498,9.718224,827.965489,89376.73,23827,monthly,2003-06-15,itslive
greenland,peripheral_glaciers,2003-07,414.354581,7.286620,580.304038,89376.73,23827,monthly,2003-07-15,itslive
greenland,peripheral_glaciers,2003-08,399.500478,3.345054,362.517211,89376.73,23827,monthly,2003-08-15,itslive
greenland,peripheral_glaciers,2003-09,383.463553,2.999983,321.494864,89376.73,23827,monthly,2003-09-14,itslive
greenland,peripheral_glaciers,2003-10,373.076259,2.803690,304.955730,89376.73,23827,monthly,2003-10-14,itslive
greenland,peripheral_glaciers,2003-11,374.528120,2.756099,300.998404,89376.73,23827,monthly,2003-11-14,itslive
greenland,peripheral_glaciers,2003-12,379.652248,2.503148,282.490036,89376.73,23827,monthly,2003-12-14,itslive
greenland,peripheral_glaciers,2004-01,382.809319,2.271962,263.926667,89376.73,23827,monthly,2004-01-15,itslive
greenland,peripheral_glaciers,2004-02,380.519201,2.221875,257.424718,89376.73,23827,monthly,2004-02-14,itslive
greenland,peripheral_glaciers,2004-03,375.571771,2.263942,254.002660,89376.73,23827,monthly,2004-03-15,itslive
greenland,peripheral_glaciers,2004-04,375.741024,2.217395,250.570537,89376.73,23827,monthly,2004-04-15,itslive
greenland,peripheral_glaciers,2004-05,382.856375,2.341408,259.937947,89376.73,23827,monthly,2004-05-14,itslive
greenland,peripheral_glaciers,2004-06,390.719318,2.652213,284.469440,89376.73,23827,monthly,2004-06-15,itslive
greenland,peripheral_glaciers,2004-07,389.574205,2.815624,310.395958,89376.73,23827,monthly,2004-07-15,itslive
greenland,peripheral_glaciers,2004-08,375.196990,3.041130,326.799404,89376.73,23827,monthly,2004-08-14,itslive
greenland,peripheral_glaciers,2004-09,360.942511,2.968466,328.297728,89376.73,23827,monthly,2004-09-14,itslive
greenland,peripheral_glaciers,2004-10,359.110920,2.680598,296.975120,89376.73,23827,monthly,2004-10-15,itslive
greenland,peripheral_glaciers,2004-11,365.068138,2.587409,295.326371,89376.73,23827,monthly,2004-11-14,itslive
greenland,peripheral_glaciers,2004-12,365.128260,2.564067,295.672961,89376.73,23827,monthly,2004-12-15,itslive
greenland,peripheral_glaciers,2005-01,358.219656,2.579556,296.011897,89376.73,23827,monthly,2005-01-14,itslive
greenland,peripheral_glaciers,2005-02,350.645260,2.605112,293.088446,89376.73,23827,monthly,2005-02-15,itslive
greenland,peripheral_glaciers,2005-03,344.765357,2.476648,281.586553,89376.73,23827,monthly,2005-03-14,itslive
greenland,peripheral_glaciers,2005-04,341.433223,2.364374,270.941687,89376.73,23827,monthly,2005-04-15,itslive
greenland,peripheral_glaciers,2005-05,339.417974,2.585402,282.764165,89376.73,23827,monthly,2005-05-15,itslive
greenland,peripheral_glaciers,2005-06,336.248500,3.341403,313.911391,89376.73,23827,monthly,2005-06-15,itslive
greenland,peripheral_glaciers,2005-07,333.766162,3.112086,324.854603,89376.73,23827,monthly,2005-07-15,itslive
greenland,peripheral_glaciers,2005-08,325.033273,3.388426,366.517452,89376.73,23827,monthly,2005-08-15,itslive
greenland,peripheral_glaciers,2005-09,309.273758,3.116905,357.684064,89376.73,23827,monthly,2005-09-14,itslive
greenland,peripheral_glaciers,2005-10,297.393179,2.803754,322.298704,89376.73,23827,monthly,2005-10-14,itslive
greenland,peripheral_glaciers,2005-11,292.885200,2.650063,304.693366,89376.73,23827,monthly,2005-11-14,itslive
greenland,peripheral_glaciers,2005-12,299.405021,2.672805,309.008399,89376.73,23827,monthly,2005-12-14,itslive
greenland,peripheral_glaciers,2006-01,315.442443,2.653661,293.745611,89376.73,23827,monthly,2006-01-14,itslive
greenland,peripheral_glaciers,2006-02,325.489460,2.695708,288.428892,89376.73,23827,monthly,2006-02-15,itslive
greenland,peripheral_glaciers,2006-03,321.984671,2.515979,270.345934,89376.73,23827,monthly,2006-03-14,itslive
greenland,peripheral_glaciers,2006-04,312.057699,2.510320,271.685971,89376.73,23827,monthly,2006-04-15,itslive
greenland,peripheral_glaciers,2006-05,295.292345,3.115196,297.889150,89376.73,23827,monthly,2006-05-15,itslive
greenland,peripheral_glaciers,2006-06,275.322588,3.592098,336.376495,89376.73,23827,monthly,2006-06-15,itslive
greenland,peripheral_glaciers,2006-07,264.564949,3.320690,333.051675,89376.73,23827,monthly,2006-07-15,itslive
greenland,peripheral_glaciers,2006-08,265.047117,3.486984,354.693829,89376.73,23827,monthly,2006-08-15,itslive
greenland,peripheral_glaciers,2006-09,268.071477,3.086103,348.435098,89376.73,23827,monthly,2006-09-14,itslive
greenland,peripheral_glaciers,2006-10,270.740092,2.727672,313.345590,89376.73,23827,monthly,2006-10-14,itslive
greenland,peripheral_glaciers,2006-11,274.850833,2.493479,289.073885,89376.73,23827,monthly,2006-11-14,itslive
greenland,peripheral_glaciers,2006-12,279.150222,2.452068,294.256427,89376.73,23827,monthly,2006-12-14,itslive
greenland,peripheral_glaciers,2007-01,280.927103,2.656796,293.921882,89376.73,23827,monthly,2007-01-14,itslive
greenland,peripheral_glaciers,2007-02,279.477391,2.402925,278.314653,89376.73,23827,monthly,2007-02-15,itslive
greenland,peripheral_glaciers,2007-03,279.521657,2.960982,273.441839,89376.73,23827,monthly,2007-03-14,itslive
greenland,peripheral_glaciers,2007-04,278.747251,3.485910,293.086665,89376.73,23827,monthly,2007-04-15,itslive
greenland,peripheral_glaciers,2007-05,270.332106,3.559303,322.233416,89376.73,23827,monthly,2007-05-15,itslive
greenland,peripheral_glaciers,2007-06,253.604228,5.854671,510.506328,89376.73,23827,monthly,2007-06-15,itslive
greenland,peripheral_glaciers,2007-07,230.270049,12.501318,969.709233,89376.73,23827,monthly,2007-07-15,itslive
greenland,peripheral_glaciers,2007-08,208.594179,3.100123,356.427828,89376.73,23827,monthly,2007-08-15,itslive
greenland,peripheral_glaciers,2007-09,198.495124,2.977340,326.846732,89376.73,23827,monthly,2007-09-14,itslive
greenland,peripheral_glaciers,2007-10,199.858613,2.771027,306.038988,89376.73,23827,monthly,2007-10-14,itslive
greenland,peripheral_glaciers,2007-11,206.958796,3.384940,312.901739,89376.73,23827,monthly,2007-11-14,itslive
greenland,peripheral_glaciers,2007-12,215.925729,2.585046,304.148844,89376.73,23827,monthly,2007-12-14,itslive
greenland,peripheral_glaciers,2008-01,225.562287,2.463509,291.443807,89376.73,23827,monthly,2008-01-15,itslive
greenland,peripheral_glaciers,2008-02,231.006908,2.407862,277.253772,89376.73,23827,monthly,2008-02-14,itslive
greenland,peripheral_glaciers,2008-03,232.894431,2.395491,273.319767,89376.73,23827,monthly,2008-03-15,itslive
greenland,peripheral_glaciers,2008-04,226.791113,2.623063,300.027493,89376.73,23827,monthly,2008-04-15,itslive
greenland,peripheral_glaciers,2008-05,200.062720,3.588462,394.115344,89376.73,23827,monthly,2008-05-14,itslive
greenland,peripheral_glaciers,2008-06,163.113372,13.089482,1080.869294,89376.73,23827,monthly,2008-06-15,itslive
greenland,peripheral_glaciers,2008-07,138.938150,14.580277,1183.408889,89376.73,23827,monthly,2008-07-15,itslive
greenland,peripheral_glaciers,2008-08,130.169124,4.522363,478.329079,89376.73,23827,monthly,2008-08-14,itslive
greenland,peripheral_glaciers,2008-09,131.649741,4.097715,441.352801,89376.73,23827,monthly,2008-09-14,itslive
greenland,peripheral_glaciers,2008-10,136.074638,2.916996,337.498529,89376.73,23827,monthly,2008-10-15,itslive
greenland,peripheral_glaciers,2008-11,138.335399,3.101021,327.839871,89376.73,23827,monthly,2008-11-14,itslive
greenland,peripheral_glaciers,2008-12,142.239486,2.921046,329.311856,89376.73,23827,monthly,2008-12-15,itslive
greenland,peripheral_glaciers,2009-01,152.974800,2.599646,297.351424,89376.73,23827,monthly,2009-01-14,itslive
greenland,peripheral_glaciers,2009-02,163.596247,2.314882,262.402787,89376.73,23827,monthly,2009-02-15,itslive
greenland,peripheral_glaciers,2009-03,162.800764,2.260506,252.892140,89376.73,23827,monthly,2009-03-14,itslive
greenland,peripheral_glaciers,2009-04,144.822559,2.824902,263.208147,89376.73,23827,monthly,2009-04-15,itslive
greenland,peripheral_glaciers,2009-05,111.122754,2.720006,294.104407,89376.73,23827,monthly,2009-05-15,itslive
greenland,peripheral_glaciers,2009-06,73.071299,5.361681,467.221756,89376.73,23827,monthly,2009-06-15,itslive
greenland,peripheral_glaciers,2009-07,52.701711,18.156722,1337.958514,89376.73,23827,monthly,2009-07-15,itslive
greenland,peripheral_glaciers,2009-08,49.700156,4.591330,475.374093,89376.73,23827,monthly,2009-08-15,itslive
greenland,peripheral_glaciers,2009-09,51.895242,4.379244,446.530972,89376.73,23827,monthly,2009-09-14,itslive
greenland,peripheral_glaciers,2009-10,54.626862,3.966666,422.712903,89376.73,23827,monthly,2009-10-14,itslive
greenland,peripheral_glaciers,2009-11,59.297579,4.052299,425.297579,89376.73,23827,monthly,2009-11-14,itslive
greenland,peripheral_glaciers,2009-12,74.934941,4.090122,447.052899,89376.73,23827,monthly,2009-12-14,itslive
greenland,peripheral_glaciers,2010-01,98.466507,7.147826,818.918785,89376.73,23827,monthly,2010-01-14,itslive
greenland,peripheral_glaciers,2010-02,116.917772,7.289136,844.277347,89376.73,23827,monthly,2010-02-15,itslive
greenland,peripheral_glaciers,2010-03,122.865949,7.687722,873.638706,89376.73,23827,monthly,2010-03-14,itslive
greenland,peripheral_glaciers,2010-04,116.463851,9.030492,966.676784,89376.73,23827,monthly,2010-04-15,itslive
greenland,peripheral_glaciers,2010-05,99.547171,4.643459,518.930242,89376.73,23827,monthly,2010-05-15,itslive
greenland,peripheral_glaciers,2010-06,88.192478,3.730175,391.373821,89376.73,23827,monthly,2010-06-15,itslive
greenland,peripheral_glaciers,2010-07,82.476824,2.915410,325.943111,89376.73,23827,monthly,2010-07-15,itslive
greenland,peripheral_glaciers,2010-08,79.610313,3.111445,316.235512,89376.73,23827,monthly,2010-08-15,itslive
greenland,peripheral_glaciers,2010-09,75.439053,2.559646,266.768047,89376.73,23827,monthly,2010-09-14,itslive
greenland,peripheral_glaciers,2010-10,65.775893,2.078589,235.873889,89376.73,23827,monthly,2010-10-14,itslive
greenland,peripheral_glaciers,2010-11,56.726126,1.766889,205.430529,89376.73,23827,monthly,2010-11-14,itslive
greenland,peripheral_glaciers,2010-12,55.594280,1.797945,206.711727,89376.73,23827,monthly,2010-12-14,itslive
greenland,peripheral_glaciers,2011-01,60.932520,1.742379,201.961279,89376.73,23827,monthly,2011-01-14,itslive
greenland,peripheral_glaciers,2011-02,66.825907,1.753427,202.576140,89376.73,23827,monthly,2011-02-15,itslive
greenland,peripheral_glaciers,2011-03,70.763073,1.876776,207.404537,89376.73,23827,monthly,2011-03-14,itslive
greenland,peripheral_glaciers,2011-04,71.812316,1.811691,203.478595,89376.73,23827,monthly,2011-04-15,itslive
greenland,peripheral_glaciers,2011-05,68.591217,1.679577,195.637485,89376.73,23827,monthly,2011-05-15,itslive
greenland,peripheral_glaciers,2011-06,60.083505,1.737532,194.777166,89376.73,23827,monthly,2011-06-15,itslive
greenland,peripheral_glaciers,2011-07,47.738543,1.646192,193.744306,89376.73,23827,monthly,2011-07-15,itslive
greenland,peripheral_glaciers,2011-08,36.425733,1.677278,192.765948,89376.73,23827,monthly,2011-08-15,itslive
greenland,peripheral_glaciers,2011-09,29.178268,2.184084,190.554821,89376.73,23827,monthly,2011-09-14,itslive
greenland,peripheral_glaciers,2011-10,24.655335,1.575238,179.366296,89376.73,23827,monthly,2011-10-14,itslive
greenland,peripheral_glaciers,2011-11,22.398237,1.528986,177.728089,89376.73,23827,monthly,2011-11-14,itslive
greenland,peripheral_glaciers,2011-12,23.385650,1.512652,176.409905,89376.73,23827,monthly,2011-12-14,itslive
greenland,peripheral_glaciers,2012-01,28.234565,1.536739,178.773356,89376.73,23827,monthly,2012-01-15,itslive
greenland,peripheral_glaciers,2012-02,36.908667,1.549657,179.140286,89376.73,23827,monthly,2012-02-14,itslive
greenland,peripheral_glaciers,2012-03,46.466844,1.547376,176.166431,89376.73,23827,monthly,2012-03-15,itslive
greenland,peripheral_glaciers,2012-04,50.076091,1.454018,168.675648,89376.73,23827,monthly,2012-04-15,itslive
greenland,peripheral_glaciers,2012-05,44.070424,1.460744,170.331279,89376.73,23827,monthly,2012-05-14,itslive
greenland,peripheral_glaciers,2012-06,29.630969,1.535280,178.755622,89376.73,23827,monthly,2012-06-15,itslive
greenland,peripheral_glaciers,2012-07,7.642714,1.523489,179.120713,89376.73,23827,monthly,2012-07-15,itslive
greenland,peripheral_glaciers,2012-08,-14.034528,1.503668,174.953907,89376.73,23827,monthly,2012-08-14,itslive
greenland,peripheral_glaciers,2012-09,-23.324054,1.421896,165.767895,89376.73,23827,monthly,2012-09-14,itslive
greenland,peripheral_glaciers,2012-10,-19.617914,1.401821,159.445333,89376.73,23827,monthly,2012-10-15,itslive
greenland,peripheral_glaciers,2012-11,-11.143662,1.376683,157.547277,89376.73,23827,monthly,2012-11-14,itslive
greenland,peripheral_glaciers,2012-12,-4.658726,1.420348,162.815806,89376.73,23827,monthly,2012-12-15,itslive
greenland,peripheral_glaciers,2013-01,-1.898861,1.481526,169.254777,89376.73,23827,monthly,2013-01-14,itslive
greenland,peripheral_glaciers,2013-02,-0.823405,1.525030,169.332443,89376.73,23827,monthly,2013-02-15,itslive
greenland,peripheral_glaciers,2013-03,-0.668259,1.556643,172.904219,89376.73,23827,monthly,2013-03-14,itslive
greenland,peripheral_glaciers,2013-04,-0.937654,1.518266,168.461743,89376.73,23827,monthly,2013-04-15,itslive
greenland,peripheral_glaciers,2013-05,-2.819358,1.544792,169.332623,89376.73,23827,monthly,2013-05-15,itslive
greenland,peripheral_glaciers,2013-06,-8.401436,1.670932,176.285606,89376.73,23827,monthly,2013-06-15,itslive
greenland,peripheral_glaciers,2013-07,-16.386334,1.635511,173.787616,89376.73,23827,monthly,2013-07-15,itslive
greenland,peripheral_glaciers,2013-08,-22.647547,1.491127,169.087224,89376.73,23827,monthly,2013-08-15,itslive
greenland,peripheral_glaciers,2013-09,-23.138716,1.459417,166.499555,89376.73,23827,monthly,2013-09-14,itslive
greenland,peripheral_glaciers,2013-10,-17.741358,1.467169,165.074872,89376.73,23827,monthly,2013-10-14,itslive
greenland,peripheral_glaciers,2013-11,-9.676999,1.430362,164.165643,89376.73,23827,monthly,2013-11-14,itslive
greenland,peripheral_glaciers,2013-12,-3.357014,1.389419,159.922873,89376.73,23827,monthly,2013-12-14,itslive
greenland,peripheral_glaciers,2014-01,0.134902,1.409140,158.081176,89376.73,23827,monthly,2014-01-14,itslive
greenland,peripheral_glaciers,2014-02,2.495936,1.455678,157.327622,89376.73,23827,monthly,2014-02-15,itslive
greenland,peripheral_glaciers,2014-03,4.192266,1.481025,161.228725,89376.73,23827,monthly,2014-03-14,itslive
greenland,peripheral_glaciers,2014-04,3.512126,1.464619,161.927588,89376.73,23827,monthly,2014-04-15,itslive
greenland,peripheral_glaciers,2014-05,-0.610357,1.447645,162.122923,89376.73,23827,monthly,2014-05-15,itslive
greenland,peripheral_glaciers,2014-06,-7.980228,1.512202,169.178477,89376.73,23827,monthly,2014-06-15,itslive
greenland,peripheral_glaciers,2014-07,-17.645672,1.480973,169.345011,89376.73,23827,monthly,2014-07-15,itslive
greenland,peripheral_glaciers,2014-08,-26.114449,1.500192,171.574009,89376.73,23827,monthly,2014-08-15,itslive
greenland,peripheral_glaciers,2014-09,-31.401691,1.472887,168.333591,89376.73,23827,monthly,2014-09-14,itslive
greenland,peripheral_glaciers,2014-10,-32.687464,1.457678,164.979629,89376.73,23827,monthly,2014-10-14,itslive
greenland,peripheral_glaciers,2014-11,-27.976758,1.402920,159.029412,89376.73,23827,monthly,2014-11-14,itslive
greenland,peripheral_glaciers,2014-12,-18.505575,1.486448,166.347032,89376.73,23827,monthly,2014-12-14,itslive
greenland,peripheral_glaciers,2015-01,-9.013348,1.682021,174.020395,89376.73,23827,monthly,2015-01-14,itslive
greenland,peripheral_glaciers,2015-02,-2.870384,1.494202,167.870204,89376.73,23827,monthly,2015-02-15,itslive
greenland,peripheral_glaciers,2015-03,-1.562658,1.411383,163.180029,89376.73,23827,monthly,2015-03-14,itslive
greenland,peripheral_glaciers,2015-04,-5.153679,1.342572,159.420718,89376.73,23827,monthly,2015-04-15,itslive
greenland,peripheral_glaciers,2015-05,-12.215326,1.316822,156.942007,89376.73,23827,monthly,2015-05-15,itslive
greenland,peripheral_glaciers,2015-06,-22.291576,1.345768,158.624820,89376.73,23827,monthly,2015-06-15,itslive
greenland,peripheral_glaciers,2015-07,-33.192087,1.341793,160.362379,89376.73,23827,monthly,2015-07-15,itslive
greenland,peripheral_glaciers,2015-08,-40.715626,1.306775,158.336712,89376.73,23827,monthly,2015-08-15,itslive
greenland,peripheral_glaciers,2015-09,-43.216960,1.308956,155.176809,89376.73,23827,monthly,2015-09-14,itslive
greenland,peripheral_glaciers,2015-10,-40.938175,1.325046,152.761335,89376.73,23827,monthly,2015-10-14,itslive
greenland,peripheral_glaciers,2015-11,-35.937596,1.468366,158.572046,89376.73,23827,monthly,2015-11-14,itslive
greenland,peripheral_glaciers,2015-12,-29.702082,1.490376,162.960290,89376.73,23827,monthly,2015-12-14,itslive
greenland,peripheral_glaciers,2016-01,-21.740942,1.529684,167.438489,89376.73,23827,monthly,2016-01-15,itslive
greenland,peripheral_glaciers,2016-02,-14.035125,1.534103,168.017768,89376.73,23827,monthly,2016-02-14,itslive
greenland,peripheral_glaciers,2016-03,-10.513674,1.483763,161.844246,89376.73,23827,monthly,2016-03-15,itslive
greenland,peripheral_glaciers,2016-04,-12.921780,1.455092,158.942082,89376.73,23827,monthly,2016-04-15,itslive
greenland,peripheral_glaciers,2016-05,-19.442407,1.451955,157.771607,89376.73,23827,monthly,2016-05-14,itslive
greenland,peripheral_glaciers,2016-06,-28.147987,1.465548,162.296454,89376.73,23827,monthly,2016-06-15,itslive
greenland,peripheral_glaciers,2016-07,-37.675860,1.438699,164.852201,89376.73,23827,monthly,2016-07-15,itslive
greenland,peripheral_glaciers,2016-08,-44.818616,1.415423,164.996728,89376.73,23827,monthly,2016-08-14,itslive
greenland,peripheral_glaciers,2016-09,-46.862594,1.464348,168.018728,89376.73,23827,monthly,2016-09-14,itslive
greenland,peripheral_glaciers,2016-10,-44.418548,1.509584,168.120643,89376.73,23827,monthly,2016-10-15,itslive
greenland,peripheral_glaciers,2016-11,-41.274704,1.547348,166.241347,89376.73,23827,monthly,2016-11-14,itslive
greenland,peripheral_glaciers,2016-12,-39.991117,1.418750,158.657327,89376.73,23827,monthly,2016-12-15,itslive
greenland,peripheral_glaciers,2017-01,-39.455233,1.388743,157.259253,89376.73,23827,monthly,2017-01-14,itslive
greenland,peripheral_glaciers,2017-02,-38.281831,1.425269,158.329471,89376.73,23827,monthly,2017-02-15,itslive
greenland,peripheral_glaciers,2017-03,-37.000781,1.569895,163.165536,89376.73,23827,monthly,2017-03-14,itslive
greenland,peripheral_glaciers,2017-04,-38.044858,1.385747,157.583534,89376.73,23827,monthly,2017-04-15,itslive
greenland,peripheral_glaciers,2017-05,-42.571994,1.331496,151.423031,89376.73,23827,monthly,2017-05-15,itslive
greenland,peripheral_glaciers,2017-06,-48.880825,1.313132,149.436254,89376.73,23827,monthly,2017-06-15,itslive
greenland,peripheral_glaciers,2017-07,-53.963602,1.457619,157.342255,89376.73,23827,monthly,2017-07-15,itslive
greenland,peripheral_glaciers,2017-08,-55.790390,1.475349,159.154134,89376.73,23827,monthly,2017-08-15,itslive
greenland,peripheral_glaciers,2017-09,-54.538858,1.519246,161.409902,89376.73,23827,monthly,2017-09-14,itslive
greenland,peripheral_glaciers,2017-10,-51.576223,1.443207,161.666821,89376.73,23827,monthly,2017-10-14,itslive
greenland,peripheral_glaciers,2017-11,-48.022080,1.377524,159.534090,89376.73,23827,monthly,2017-11-14,itslive
greenland,peripheral_glaciers,2017-12,-44.027966,1.334109,156.795038,89376.73,23827,monthly,2017-12-14,itslive
greenland,peripheral_glaciers,2018-01,-40.290740,1.346031,156.925907,89376.73,23827,monthly,2018-01-14,itslive
greenland,peripheral_glaciers,2018-02,-37.122371,1.406631,161.108509,89376.73,23827,monthly,2018-02-15,itslive
greenland,peripheral_glaciers,2018-03,-34.350176,1.477156,166.679526,89376.73,23827,monthly,2018-03-14,itslive
greenland,peripheral_glaciers,2018-04,-32.160074,1.496726,167.166033,89376.73,23827,monthly,2018-04-15,itslive
greenland,peripheral_glaciers,2018-05,-31.835231,1.501425,167.283617,89376.73,23827,monthly,2018-05-15,itslive
greenland,peripheral_glaciers,2018-06,-34.929545,1.501214,166.376945,89376.73,23827,monthly,2018-06-15,itslive
greenland,peripheral_glaciers,2018-07,-38.727692,1.484249,166.998777,89376.73,23827,monthly,2018-07-15,itslive
greenland,peripheral_glaciers,2018-08,-38.266718,1.631075,176.551258,89376.73,23827,monthly,2018-08-15,itslive
greenland,peripheral_glaciers,2018-09,-34.227287,1.854715,198.015390,89376.73,23827,monthly,2018-09-14,itslive
greenland,peripheral_glaciers,2018-10,-29.188002,1.968374,204.381396,89376.73,23827,monthly,2018-10-14,itslive
greenland,peripheral_glaciers,2018-11,-24.671994,2.058601,209.356547,89376.73,23827,monthly,2018-11-14,itslive
greenland,peripheral_glaciers,2018-12,-21.536974,2.058843,208.813808,89376.73,23827,monthly,2018-12-14,itslive
greenland,peripheral_glaciers,2019-01,-19.332835,2.058343,209.958643,89376.73,23827,monthly,2019-01-14,itslive
greenland,peripheral_glaciers,2019-02,-15.578230,2.024291,206.255092,89376.73,23827,monthly,2019-02-15,itslive
greenland,peripheral_glaciers,2019-03,-9.972166,1.944518,195.214721,89376.73,23827,monthly,2019-03-14,itslive
greenland,peripheral_glaciers,2019-04,-7.314534,1.852257,183.615856,89376.73,23827,monthly,2019-04-15,itslive
greenland,peripheral_glaciers,2019-05,-13.768945,1.770607,177.114641,89376.73,23827,monthly,2019-05-15,itslive
greenland,peripheral_glaciers,2019-06,-32.029339,1.725999,174.665133,89376.73,23827,monthly,2019-06-15,itslive
greenland,peripheral_glaciers,2019-07,-57.450949,1.673750,172.117778,89376.73,23827,monthly,2019-07-15,itslive
greenland,peripheral_glaciers,2019-08,-78.834794,1.666878,169.674646,89376.73,23827,monthly,2019-08-15,itslive
greenland,peripheral_glaciers,2019-09,-88.360024,1.686954,169.254121,89376.73,23827,monthly,2019-09-14,itslive
greenland,peripheral_glaciers,2019-10,-87.186088,1.739034,171.444271,89376.73,23827,monthly,2019-10-14,itslive
greenland,peripheral_glaciers,2019-11,-80.785787,1.771588,173.059905,89376.73,23827,monthly,2019-11-14,itslive
greenland,peripheral_glaciers,2019-12,-73.359378,1.822373,174.028709,89376.73,23827,monthly,2019-12-14,itslive
greenland,peripheral_glaciers,2020-01,-66.556446,1.807319,174.196800,89376.73,23827,monthly,2020-01-15,itslive
greenland,peripheral_glaciers,2020-02,-61.260229,1.799978,174.426456,89376.73,23827,monthly,2020-02-14,itslive
greenland,peripheral_glaciers,2020-03,-58.567294,1.740066,170.255567,89376.73,23827,monthly,2020-03-15,itslive
greenland,peripheral_glaciers,2020-04,-59.797057,1.716791,168.576891,89376.73,23827,monthly,2020-04-15,itslive
greenland,peripheral_glaciers,2020-05,-67.377793,1.686945,165.778778,89376.73,23827,monthly,2020-05-14,itslive
greenland,peripheral_glaciers,2020-06,-82.147028,1.668987,165.429434,89376.73,23827,monthly,2020-06-15,itslive
greenland,peripheral_glaciers,2020-07,-99.969326,1.667706,166.443608,89376.73,23827,monthly,2020-07-15,itslive
greenland,peripheral_glaciers,2020-08,-113.358788,1.683593,167.855121,89376.73,23827,monthly,2020-08-14,itslive
greenland,peripheral_glaciers,2020-09,-117.266456,1.727786,168.807916,89376.73,23827,monthly,2020-09-14,itslive
greenland,peripheral_glaciers,2020-10,-112.749940,1.766580,170.877460,89376.73,23827,monthly,2020-10-15,itslive
greenland,peripheral_glaciers,2020-11,-104.903669,1.794869,172.816279,89376.73,23827,monthly,2020-11-14,itslive
greenland,peripheral_glaciers,2020-12,-97.956256,1.816594,174.372128,89376.73,23827,monthly,2020-12-15,itslive
greenland,peripheral_glaciers,2021-01,-92.226160,1.808561,173.296184,89376.73,23827,monthly,2021-01-14,itslive
greenland,peripheral_glaciers,2021-02,-87.379729,1.801312,173.320262,89376.73,23827,monthly,2021-02-15,itslive
greenland,peripheral_glaciers,2021-03,-84.484939,1.769344,171.629094,89376.73,23827,monthly,2021-03-14,itslive
greenland,peripheral_glaciers,2021-04,-84.931451,1.744647,169.941566,89376.73,23827,monthly,2021-04-15,itslive
greenland,peripheral_glaciers,2021-05,-90.319410,1.710749,167.549298,89376.73,23827,monthly,2021-05-15,itslive
greenland,peripheral_glaciers,2021-06,-102.032134,1.669157,166.055690,89376.73,23827,monthly,2021-06-15,itslive
greenland,peripheral_glaciers,2021-07,-118.999734,1.685826,165.944022,89376.73,23827,monthly,2021-07-15,itslive
greenland,peripheral_glaciers,2021-08,-135.745420,1.736266,169.252290,89376.73,23827,monthly,2021-08-15,itslive
greenland,peripheral_glaciers,2021-09,-145.175277,1.760139,171.835942,89376.73,23827,monthly,2021-09-14,itslive
greenland,peripheral_glaciers,2021-10,-144.861759,1.795199,174.489861,89376.73,23827,monthly,2021-10-14,itslive
greenland,peripheral_glaciers,2021-11,-138.169884,1.816902,175.727870,89376.73,23827,monthly,2021-11-14,itslive
greenland,peripheral_glaciers,2021-12,-129.463970,1.835492,176.203324,89376.73,23827,monthly,2021-12-14,itslive
greenland,peripheral_glaciers,2022-01,-120.688186,1.836411,177.985568,89376.73,23827,monthly,2022-01-14,itslive
greenland,peripheral_glaciers,2022-02,-112.343730,1.850781,179.530303,89376.73,23827,monthly,2022-02-15,itslive
greenland,peripheral_glaciers,2022-03,-105.599124,1.839029,177.313123,89376.73,23827,monthly,2022-03-14,itslive
greenland,peripheral_glaciers,2022-04,-103.238824,1.813057,174.759879,89376.73,23827,monthly,2022-04-15,itslive
greenland,peripheral_glaciers,2022-05,-107.905261,1.797338,173.617271,89376.73,23827,monthly,2022-05-15,itslive
greenland,peripheral_glaciers,2022-06,-120.438586,1.740401,171.844927,89376.73,23827,monthly,2022-06-15,itslive
greenland,peripheral_glaciers,2022-07,-137.275480,1.692596,171.314622,89376.73,23827,monthly,2022-07-15,itslive
greenland,peripheral_glaciers,2022-08,-150.499007,1.698502,171.349242,89376.73,23827,monthly,2022-08-15,itslive
greenland,peripheral_glaciers,2022-09,-154.316698,1.745890,173.669072,89376.73,23827,monthly,2022-09-14,itslive
greenland,peripheral_glaciers,2022-10,-149.874587,1.797068,177.060528,89376.73,23827,monthly,2022-10-14,itslive
greenland,peripheral_glaciers,2022-11,-142.123373,1.809932,179.122878,89376.73,23827,monthly,2022-11-14,itslive
greenland,peripheral_glaciers,2022-12,-134.513768,1.780188,178.485093,89376.73,23827,monthly,2022-12-14,itslive
greenland,peripheral_glaciers,2023-01,-127.871290,1.773692,178.637485,89376.73,23827,monthly,2023-01-14,itslive
greenland,peripheral_glaciers,2023-02,-122.350755,1.764398,178.573645,89376.73,23827,monthly,2023-02-15,itslive
greenland,peripheral_glaciers,2023-03,-118.164523,1.756370,178.343483,89376.73,23827,monthly,2023-03-14,itslive
greenland,peripheral_glaciers,2023-04,-115.641942,1.751975,177.691887,89376.73,23827,monthly,2023-04-15,itslive
greenland,peripheral_glaciers,2023-05,-115.168543,1.733612,176.983472,89376.73,23827,monthly,2023-05-15,itslive
greenland,peripheral_glaciers,2023-06,-116.689022,1.756603,181.259227,89376.73,23827,monthly,2023-06-15,itslive
greenland,peripheral_glaciers,2023-07,-119.994601,1.826614,190.519110,89376.73,23827,monthly,2023-07-15,itslive
greenland,peripheral_glaciers,2023-08,-124.489206,1.872627,201.501220,89376.73,23827,monthly,2023-08-15,itslive
greenland,peripheral_glaciers,2023-09,-129.013075,1.667453,193.426428,89376.73,23827,monthly,2023-09-14,itslive
greenland,peripheral_glaciers,2023-10,-134.410083,1.526752,181.216291,89376.73,23827,monthly,2023-10-14,itslive
greenland,peripheral_glaciers,2023-11,-140.510338,1.584089,181.850175,89376.73,23827,monthly,2023-11-14,itslive
greenland,peripheral_glaciers,2023-12,-143.537767,1.570804,187.968458,89376.73,23827,monthly,2023-12-14,itslive
