region,convention,month,sw_all_W_m2,lw_all_W_m2,net_all_W_m2,sw_clr_W_m2,lw_clr_W_m2,net_clr_W_m2,cre_sw_uncertainty_W_m2,cre_lw_uncertainty_W_m2,cre_net_uncertainty_W_m2
antarctic,cloud-free-area,2000-03,95.547377,186.139988,-113.675838,61.317535,203.392561,-96.699201,1.573001,0.506201,1.601687
antarctic,cloud-free-area,2000-04,33.778144,175.953585,-151.095506,22.758813,190.691058,-154.812017,1.573001,0.506201,1.601687
antarctic,cloud-free-area,2000-05,8.672186,168.658973,-163.174392,6.332208,181.628726,-173.803203,1.573001,0.506201,1.601687
antarctic,cloud-free-area,2000-06,3.389020,165.675945,-164.764542,2.204915,177.550609,-175.454675,1.573001,0.506201,1.601687
antarctic,cloud-free-area,2000-07,5.656768,160.160100,-157.310043,5.412893,173.753550,-170.659756,1.573001,0.506201,1.601687
antarctic,cloud-free-area,2000-08,24.686379,161.557690,-148.581732,23.937782,175.850060,-162.122625,1.573001,0.506201,1.601687
antarctic,cloud-free-area,2000-09,79.167569,167.519407,-126.041752,65.216445,182.485589,-127.054383,1.573001,0.506201,1.601687
antarctic,cloud-free-area,2000-10,173.091783,179.439509,-85.121266,144.361250,194.509180,-71.462904,1.573001,0.506201,1.601687
antarctic,cloud-free-area,2000-11,265.465468,197.894129,-33.626190,227.244487,213.242958,-10.756028,1.573001,0.506201,1.601687
antarctic,cloud-free-area,2000-12,300.251263,206.450978,11.357185,237.714246,220.608638,59.735513,1.573001,0.506201,1.601687
antarctic,cloud-free-area,2001-01,264.544881,207.048792,0.508903,192.039311,222.872075,57.194196,1.573001,0.506201,1.601687
antarctic,cloud-free-area,2001-02,185.142697,198.752172,-55.775806,126.580544,215.848400,-14.313190,1.573001,0.506201,1.601687
antarctic,cloud-free-area,2001-03,97.053880,186.861935,-114.718694,63.162790,204.190968,-98.158880,1.573001,0.506201,1.601687
antarctic,cloud-free-area,2001-04,34.672928,176.944330,-152.412216,22.261672,192.266932,-155.322726,1.573001,0.506201,1.601687
antarctic,cloud-free-area,2001-05,8.707612,171.599224,-165.975075,6.597171,185.786938,-178.051371,1.573001,0.506201,1.601687
antarctic,cloud-free-area,2001-06,3.334008,167.828291,-166.846552,2.024512,181.467328,-179.174251,1.573001,0.506201,1.601687
antarctic,cloud-free-area,2001-07,5.472051,161.991732,-159.048728,5.456203,175.924579,-172.964118,1.573001,0.506201,1.601687
antarctic,cloud-free-area,2001-08,24.124620,158.338985,-145.212820,21.078184,174.363506,-158.188443,1.573001,0.506201,1.601687
antarctic,cloud-free-area,2001-09,78.659033,164.088412,-123.039086,64.589079,181.180174,-126.059485,1.573001,0.506201,1.601687
antarctic,cloud-free-area,2001-10,171.342603,175.254245,-80.604660,141.261989,194.086286,-69.356535,1.573001,0.506201,1.601687
antarctic,cloud-free-area,2001-11,266.196365,192.184569,-29.884848,221.118165,209.292093,-1.914661,1.573001,0.506201,1.601687
antarctic,cloud-free-area,2001-12,299.252860,204.874742,13.650820,235.690261,220.833285,61.254324,1.573001,0.506201,1.601687
antarctic,cloud-free-area,2002-01,266.815556,207.807340,-1.517003,187.805612,224.602432,60.699688,1.573001,0.506201,1.601687
antarctic,cloud-free-area,2002-02,186.253636,198.603893,-55.298808,125.079151,216.407622,-11.933706,1.573001,0.506201,1.601687
antarctic,cloud-free-area,2002-03,97.208947,190.866138,-117.649814,67.060399,208.450630,-105.088601,1.573001,0.506201,1.601687
antarctic,cloud-free-area,2002-04,34.514798,179.188547,-153.898036,21.957746,194.429174,-156.581593,1.573001,0.506201,1.601687
antarctic,cloud-free-area,2002-05,8.748899,174.082497,-168.325609,6.625574,187.884476,-180.000516,1.573001,0.506201,1.601687
antarctic,cloud-free-area,2002-06,3.376305,167.955990,-167.001039,1.955202,180.773768,-178.395469,1.573001,0.506201,1.601687
antarctic,cloud-free-area,2002-07,5.437021,162.270207,-159.390923,5.034761,176.419146,-173.135538,1.573001,0.506201,1.601687
antarctic,cloud-free-area,2002-08,23.110060,163.228145,-149.495353,22.350847,178.284370,-163.792287,1.573001,0.506201,1.601687
antarctic,cloud-free-area,2002-09,75.349224,173.148606,-129.696965,62.024835,188.502259,-131.724354,1.573001,0.506201,1.601687
antarctic,cloud-free-area,2002-10,167.338191,182.805154,-85.527346,138.322856,197.305739,-71.014143,1.573001,0.506201,1.601687
antarctic,cloud-free-area,2002-11,260.860831,197.684358,-31.228144,215.381194,211.352463,0.584437,1.573001,0.506201,1.601687
antarctic,cloud-free-area,2002-12,301.997543,206.124509,9.443274,235.816608,220.704290,61.047740,1.573001,0.506201,1.601687
antarctic,cloud-free-area,2003-01,265.666489,207.948281,0.195641,193.608501,223.979105,56.226940,1.573001,0.506201,1.601687
antarctic,cloud-free-area,2003-02,184.478497,200.261346,-53.913337,128.212311,217.610998,-15.001045,1.573001,0.506201,1.601687
antarctic,cloud-free-area,2003-03,96.744806,188.219010,-113.492814,61.880113,205.083730,-95.496966,1.573001,0.506201,1.601687
antarctic,cloud-free-area,2003-04,34.476786,177.338067,-151.428842,22.920895,193.037031,-155.570815,1.573001,0.506201,1.601687
antarctic,cloud-free-area,2003-05,9.065785,168.454850,-162.844168,6.843439,183.841888,-176.007803,1.573001,0.506201,1.601687
antarctic,cloud-free-area,2003-06,3.495811,163.464671,-162.615412,2.320099,177.779444,-175.752936,1.573001,0.506201,1.601687
antarctic,cloud-free-area,2003-07,5.559368,159.014107,-156.347273,5.373018,174.477131,-171.622439,1.573001,0.506201,1.601687
antarctic,cloud-free-area,2003-08,23.451639,159.702667,-146.706918,19.969306,177.028101,-160.550700,1.573001,0.506201,1.601687
antarctic,cloud-free-area,2003-09,76.332675,166.639232,-125.102720,62.492104,183.105201,-127.727793,1.573001,0.506201,1.601687
antarctic,cloud-free-area,2003-10,168.305307,179.714028,-84.975628,139.115910,195.825357,-71.900604,1.573001,0.506201,1.601687
antarctic,cloud-free-area,2003-11,262.119517,195.348208,-31.377346,218.118799,209.883379,-1.910983,1.573001,0.506201,1.601687
antarctic,cloud-free-area,2003-12,298.656307,207.491798,10.992826,234.950551,221.501581,60.689017,1.573001,0.506201,1.601687
antarctic,cloud-free-area,2004-01,267.412825,207.536775,-0.513030,192.723410,223.140629,58.574704,1.573001,0.506201,1.601687
antarctic,cloud-free-area,2004-02,183.952527,200.402785,-55.165147,126.621381,217.262377,-14.695240,1.573001,0.506201,1.601687
antarctic,cloud-free-area,2004-03,94.932299,187.959111,-115.026398,60.568942,205.130517,-97.837860,1.573001,0.506201,1.601687
antarctic,cloud-free-area,2004-04,33.457397,178.340359,-153.258300,21.897433,193.533070,-156.891882,1.573001,0.506201,1.601687
antarctic,cloud-free-area,2004-05,8.710725,168.709857,-163.290093,6.665420,183.552122,-176.087485,1.573001,0.506201,1.601687
antarctic,cloud-free-area,2004-06,3.399351,166.379764,-165.481696,2.143172,180.692408,-178.536238,1.573001,0.506201,1.601687
antarctic,cloud-free-area,2004-07,5.648237,157.540367,-154.672698,5.021312,171.696579,-168.201373,1.573001,0.506201,1.601687
antarctic,cloud-free-area,2004-08,24.031375,159.286468,-145.625085,20.890530,175.021620,-158.218860,1.573001,0.506201,1.601687
antarctic,cloud-free-area,2004-09,77.756936,166.303111,-123.312661,64.673343,183.174307,-127.099818,1.573001,0.506201,1.601687
antarctic,cloud-free-area,2004-10,168.812558,183.206438,-84.649916,158.938764,198.646733,-90.216699,1.573001,0.506201,1.601687
antarctic,cloud-free-area,2004-11,264.133396,193.849888,-28.390115,219.558123,210.186931,-0.148515,1.573001,0.506201,1.601687
antarctic,cloud-free-area,2004-12,298.880305,207.954640,10.923164,231.854841,222.074298,63.831734,1.573001,0.506201,1.601687
antarctic,cloud-free-area,2005-01,264.456578,208.130916,-1.002769,188.423123,224.258122,58.903022,1.573001,0.506201,1.601687
antarctic,cloud-free-area,2005-02,180.198678,199.606283,-52.097166,124.179518,216.625532,-13.102532,1.573001,0.506201,1.601687
antarctic,cloud-free-area,2005-03,95.574851,187.717096,-114.310211,62.476400,205.873652,-99.372608,1.573001,0.506201,1.601687
antarctic,cloud-free-area,2005-04,34.477218,176.607487,-151.970750,21.855592,192.918457,-155.658785,1.573001,0.506201,1.601687
antarctic,cloud-free-area,2005-05,8.697519,170.183945,-164.582336,6.804796,185.129779,-177.634906,1.573001,0.506201,1.601687
antarctic,cloud-free-area,2005-06,3.420064,166.854181,-165.963136,2.086918,180.933167,-178.708327,1.573001,0.506201,1.601687
antarctic,cloud-free-area,2005-07,5.558690,161.144325,-158.280445,5.433076,176.150444,-173.159116,1.573001,0.506201,1.601687
antarctic,cloud-free-area,2005-08,24.107692,159.741197,-146.559060,19.993322,176.159970,-158.861581,1.573001,0.506201,1.601687
antarctic,cloud-free-area,2005-09,77.509866,167.827930,-125.543044,64.583582,183.595326,-128.384097,1.573001,0.506201,1.601687
antarctic,cloud-free-area,2005-10,169.086229,180.797308,-83.863418,139.940193,197.695724,-71.618973,1.573001,0.506201,1.601687
antarctic,cloud-free-area,2005-11,263.777162,195.362767,-30.743726,219.319192,210.993864,-1.918108,1.573001,0.506201,1.601687
antarctic,cloud-free-area,2005-12,297.844313,207.875088,11.700864,231.893756,222.396995,63.131633,1.573001,0.506201,1.601687
antarctic,cloud-free-area,2006-01,262.863049,206.998896,2.655575,184.846320,223.755817,63.914265,1.573001,0.506201,1.601687
antarctic,cloud-free-area,2006-02,183.196507,198.506414,-52.637868,122.981570,216.481317,-10.402385,1.573001,0.506201,1.601687
antarctic,cloud-free-area,2006-03,96.092178,188.107736,-114.078969,59.182572,206.040307,-95.104893,1.573001,0.506201,1.601687
antarctic,cloud-free-area,2006-04,34.038812,177.699389,-152.039658,21.133968,194.384011,-155.816779,1.573001,0.506201,1.601687
antarctic,cloud-free-area,2006-05,8.691858,167.963130,-162.177699,6.273152,183.787696,-175.583540,1.573001,0.506201,1.601687
antarctic,cloud-free-area,2006-06,3.453885,164.736367,-163.863020,2.152388,180.501562,-178.324790,1.573001,0.506201,1.601687
antarctic,cloud-free-area,2006-07,5.595066,158.629768,-155.893834,5.351527,173.766503,-170.787708,1.573001,0.506201,1.601687
antarctic,cloud-free-area,2006-08,23.832592,162.180516,-149.132268,20.851294,177.853645,-161.823775,1.573001,0.506201,1.601687
antarctic,cloud-free-area,2006-09,77.863567,163.972233,-122.972622,62.278135,180.123436,-123.537999,1.573001,0.506201,1.601687
antarctic,cloud-free-area,2006-10,171.086750,177.650656,-84.095786,141.220579,193.298478,-69.876458,1.573001,0.506201,1.601687
antarctic,cloud-free-area,2006-11,264.871934,193.606515,-31.292826,218.617438,210.314906,-1.743362,1.573001,0.506201,1.601687
antarctic,cloud-free-area,2006-12,299.828996,204.524246,12.778632,230.770364,219.266921,67.094937,1.573001,0.506201,1.601687
antarctic,cloud-free-area,2007-01,264.421620,208.294771,0.607161,188.893519,224.300059,60.131608,1.573001,0.506201,1.601687
antarctic,cloud-free-area,2007-02,185.030013,198.569379,-53.195688,124.766588,215.152439,-9.518380,1.573001,0.506201,1.601687
antarctic,cloud-free-area,2007-03,96.500017,188.677391,-113.903476,61.946336,205.637730,-96.311742,1.573001,0.506201,1.601687
antarctic,cloud-free-area,2007-04,34.870433,177.625028,-152.202761,22.029159,193.831839,-155.566118,1.573001,0.506201,1.601687
antarctic,cloud-free-area,2007-05,8.770874,172.451322,-166.571240,6.776155,187.688246,-179.813479,1.573001,0.506201,1.601687
antarctic,cloud-free-area,2007-06,3.404977,167.230829,-166.292039,2.040685,181.902345,-179.597533,1.573001,0.506201,1.601687
antarctic,cloud-free-area,2007-07,5.464217,163.571844,-160.798175,5.246530,178.096451,-175.105477,1.573001,0.506201,1.601687
antarctic,cloud-free-area,2007-08,23.321070,161.294550,-148.131664,20.060769,176.380171,-159.956447,1.573001,0.506201,1.601687
antarctic,cloud-free-area,2007-09,76.443325,166.115802,-124.632812,64.556706,181.122577,-127.753126,1.573001,0.506201,1.601687
antarctic,cloud-free-area,2007-10,169.025976,180.015521,-85.746097,142.213508,194.916221,-73.834599,1.573001,0.506201,1.601687
antarctic,cloud-free-area,2007-11,266.434974,194.579187,-34.921519,224.924636,209.316252,-8.146741,1.573001,0.506201,1.601687
antarctic,cloud-free-area,2007-12,305.358516,204.697994,6.885348,243.806324,219.501097,53.635721,1.573001,0.506201,1.601687
antarctic,cloud-free-area,2008-01,266.934994,205.869551,1.416921,194.511161,221.635579,58.075986,1.573001,0.506201,1.601687
antarctic,cloud-free-area,2008-02,185.831058,197.525012,-54.432850,126.098837,214.506622,-11.685739,1.573001,0.506201,1.601687
antarctic,cloud-free-area,2008-03,96.080136,187.227607,-115.638985,61.909707,204.431964,-98.673759,1.573001,0.506201,1.601687
antarctic,cloud-free-area,2008-04,34.251877,178.918789,-154.726009,22.858587,194.306432,-158.718919,1.573001,0.506201,1.601687
antarctic,cloud-free-area,2008-05,8.629002,170.539941,-165.064831,6.980151,185.230744,-178.105283,1.573001,0.506201,1.601687
antarctic,cloud-free-area,2008-06,3.438310,162.854047,-161.999140,2.027954,177.226491,-174.957584,1.573001,0.506201,1.601687
antarctic,cloud-free-area,2008-07,5.649725,159.998508,-157.118689,5.232652,175.544065,-172.246449,1.573001,0.506201,1.601687
antarctic,cloud-free-area,2008-08,24.258358,158.968452,-145.485688,21.232816,174.100482,-157.591516,1.573001,0.506201,1.601687
antarctic,cloud-free-area,2008-09,78.232057,164.607307,-122.019345,62.588132,182.216572,-123.983553,1.573001,0.506201,1.601687
antarctic,cloud-free-area,2008-10,171.555254,177.923740,-82.048838,142.730536,193.362610,-68.661440,1.573001,0.506201,1.601687
antarctic,cloud-free-area,2008-11,268.184039,191.926451,-30.520893,222.044837,208.510768,-0.963622,1.573001,0.506201,1.601687
antarctic,cloud-free-area,2008-12,299.268753,204.773465,13.539660,237.247769,220.078511,60.255864,1.573001,0.506201,1.601687
antarctic,cloud-free-area,2009-01,266.448077,206.514845,-1.491395,191.336030,222.501078,57.632759,1.573001,0.506201,1.601687
antarctic,cloud-free-area,2009-02,184.923356,198.665458,-56.096769,123.833335,215.413460,-11.758840,1.573001,0.506201,1.601687
antarctic,cloud-free-area,2009-03,96.376643,188.229048,-115.788228,61.321800,205.139941,-97.647718,1.573001,0.506201,1.601687
antarctic,cloud-free-area,2009-04,34.447170,175.986630,-151.402860,22.492833,191.418810,-154.878895,1.573001,0.506201,1.601687
antarctic,cloud-free-area,2009-05,8.655094,172.430058,-166.807307,6.812190,186.789464,-179.323133,1.573001,0.506201,1.601687
antarctic,cloud-free-area,2009-06,3.396920,165.768238,-164.853315,2.155737,179.634437,-177.479121,1.573001,0.506201,1.601687
antarctic,cloud-free-area,2009-07,5.567604,164.302048,-161.433147,5.421308,178.518094,-175.502588,1.573001,0.506201,1.601687
antarctic,cloud-free-area,2009-08,24.064987,161.029107,-147.755922,20.904063,175.748444,-159.314400,1.573001,0.506201,1.601687
antarctic,cloud-free-area,2009-09,78.480945,165.453697,-124.038923,65.251866,180.340718,-125.695692,1.573001,0.506201,1.601687
antarctic,cloud-free-area,2009-10,172.258440,179.405535,-85.563143,143.505102,194.761633,-72.167074,1.573001,0.506201,1.601687
antarctic,cloud-free-area,2009-11,265.022854,195.673058,-32.237609,221.486464,210.895945,-3.924938,1.573001,0.506201,1.601687
antarctic,cloud-free-area,2009-12,301.905673,206.813688,8.624904,233.579827,220.545106,63.219940,1.573001,0.506201,1.601687
antarctic,cloud-free-area,2010-01,266.814299,208.886446,-3.349122,191.096179,224.538177,56.717573,1.573001,0.506201,1.601687
antarctic,cloud-free-area,2010-02,186.188227,199.988163,-57.260185,125.598171,216.888821,-13.574630,1.573001,0.506201,1.601687
antarctic,cloud-free-area,2010-03,96.693818,188.002131,-114.696664,61.155332,205.559346,-96.718916,1.573001,0.506201,1.601687
antarctic,cloud-free-area,2010-04,34.234334,175.946397,-150.546624,21.924929,191.826155,-154.114435,1.573001,0.506201,1.601687
antarctic,cloud-free-area,2010-05,8.909889,168.093984,-162.548083,7.027270,183.179955,-175.750797,1.573001,0.506201,1.601687
antarctic,cloud-free-area,2010-06,3.445819,162.068782,-161.188309,2.306212,176.977098,-174.956184,1.573001,0.506201,1.601687
antarctic,cloud-free-area,2010-07,5.592144,157.056804,-154.304415,4.941451,172.097860,-168.693428,1.573001,0.506201,1.601687
antarctic,cloud-free-area,2010-08,23.808542,159.354693,-146.219993,20.089076,174.594768,-157.740540,1.573001,0.506201,1.601687
antarctic,cloud-free-area,2010-09,77.297980,166.615252,-124.923258,60.825691,182.246106,-124.082695,1.573001,0.506201,1.601687
antarctic,cloud-free-area,2010-10,170.983872,177.272547,-83.456897,139.766775,194.189046,-69.157819,1.573001,0.506201,1.601687
antarctic,cloud-free-area,2010-11,264.610352,191.206406,-28.427797,220.555341,207.943762,-1.110700,1.573001,0.506201,1.601687
antarctic,cloud-free-area,2010-12,303.052763,204.742209,9.401121,237.617564,219.115629,60.459533,1.573001,0.506201,1.601687
antarctic,cloud-free-area,2011-01,265.639103,207.084134,0.546214,190.065193,223.012766,60.189151,1.573001,0.506201,1.601687
antarctic,cloud-free-area,2011-02,185.579388,198.967300,-54.253230,124.358990,216.844259,-10.917253,1.573001,0.506201,1.601687
antarctic,cloud-free-area,2011-03,97.251523,188.054301,-114.156556,61.123095,205.420842,-95.397319,1.573001,0.506201,1.601687
antarctic,cloud-free-area,2011-04,34.652431,177.900003,-152.309584,21.573008,193.944767,-155.270429,1.573001,0.506201,1.601687
antarctic,cloud-free-area,2011-05,8.879734,169.483097,-163.727488,6.457105,184.279801,-176.100835,1.573001,0.506201,1.601687
antarctic,cloud-free-area,2011-06,3.452156,164.299249,-163.407861,2.069184,178.460996,-176.185381,1.573001,0.506201,1.601687
antarctic,cloud-free-area,2011-07,5.404900,163.787538,-160.940470,5.284250,178.114916,-175.146808,1.573001,0.506201,1.601687
antarctic,cloud-free-area,2011-08,23.478636,163.117879,-150.046820,20.723474,178.312832,-162.487125,1.573001,0.506201,1.601687
antarctic,cloud-free-area,2011-09,76.856075,165.947796,-124.739923,63.911136,181.150547,-126.995108,1.573001,0.506201,1.601687
antarctic,cloud-free-area,2011-10,170.020356,177.197188,-83.684603,142.545917,194.023503,-73.033390,1.573001,0.506201,1.601687
antarctic,cloud-free-area,2011-11,264.521360,194.868743,-32.983580,219.713671,210.270092,-3.579052,1.573001,0.506201,1.601687
antarctic,cloud-free-area,2011-12,301.309909,205.595180,10.298561,238.913984,220.211773,58.078525,1.573001,0.506201,1.601687
antarctic,cloud-free-area,2012-01,267.209100,206.635741,0.443435,194.379523,222.393662,57.513535,1.573001,0.506201,1.601687
antarctic,cloud-free-area,2012-02,184.541086,199.699107,-55.336108,128.348998,216.083272,-15.534887,1.573001,0.506201,1.601687
antarctic,cloud-free-area,2012-03,95.657190,187.660380,-115.726581,60.351186,204.979503,-97.741432,1.573001,0.506201,1.601687
antarctic,cloud-free-area,2012-04,34.008067,176.606478,-152.213442,21.251211,192.181018,-155.031341,1.573001,0.506201,1.601687
antarctic,cloud-free-area,2012-05,8.464015,170.589665,-164.967875,6.676084,185.776732,-178.364035,1.573001,0.506201,1.601687
antarctic,cloud-free-area,2012-06,3.454120,163.161241,-162.320674,2.080534,178.481951,-176.265306,1.573001,0.506201,1.601687
antarctic,cloud-free-area,2012-07,5.704842,158.579217,-155.736653,5.416033,173.257822,-170.126102,1.573001,0.506201,1.601687
antarctic,cloud-free-area,2012-08,24.430131,159.937909,-146.550023,20.719290,176.560037,-159.461245,1.573001,0.506201,1.601687
antarctic,cloud-free-area,2012-09,79.266404,166.044968,-124.294327,65.762181,181.736889,-126.482426,1.573001,0.506201,1.601687
antarctic,cloud-free-area,2012-10,171.132311,182.916031,-86.327450,145.033766,197.913913,-75.227061,1.573001,0.506201,1.601687
antarctic,cloud-free-area,2012-11,265.981071,198.216053,-34.277515,224.478640,212.046315,-6.608494,1.573001,0.506201,1.601687
antarctic,cloud-free-area,2012-12,300.337821,209.712047,7.763302,236.358328,222.623548,58.835214,1.573001,0.506201,1.601687
antarctic,cloud-free-area,2013-01,266.853816,209.573358,-4.923317,190.675842,225.047983,55.779678,1.573001,0.506201,1.601687
antarctic,cloud-free-area,2013-02,184.267822,198.711730,-55.540749,126.485986,215.937148,-14.988623,1.573001,0.506201,1.601687
antarctic,cloud-free-area,2013-03,94.854928,187.195730,-113.306441,61.030676,204.596031,-96.886757,1.573001,0.506201,1.601687
antarctic,cloud-free-area,2013-04,34.420801,176.653828,-152.101253,22.330526,192.687798,-156.043322,1.573001,0.506201,1.601687
antarctic,cloud-free-area,2013-05,8.664908,168.831646,-163.236680,6.706091,183.768045,-176.211145,1.573001,0.506201,1.601687
antarctic,cloud-free-area,2013-06,3.378229,164.449642,-163.516445,2.170985,179.493180,-177.351893,1.573001,0.506201,1.601687
antarctic,cloud-free-area,2013-07,5.684972,157.982775,-155.213906,5.566987,172.571737,-169.682391,1.573001,0.506201,1.601687
antarctic,cloud-free-area,2013-08,24.374730,161.248753,-148.207397,21.270673,176.759491,-160.613103,1.573001,0.506201,1.601687
antarctic,cloud-free-area,2013-09,78.461505,170.340035,-128.709670,66.055403,186.166805,-132.130381,1.573001,0.506201,1.601687
antarctic,cloud-free-area,2013-10,172.183613,181.794481,-87.621911,145.618124,195.887042,-75.151529,1.573001,0.506201,1.601687
antarctic,cloud-free-area,2013-11,266.913049,196.577529,-34.753402,229.452338,211.345780,-12.060494,1.573001,0.506201,1.601687
antarctic,cloud-free-area,2013-12,303.432373,208.957125,5.251474,241.749654,221.603378,54.288650,1.573001,0.506201,1.601687
antarctic,cloud-free-area,2014-01,268.334543,207.663394,-3.622606,196.470790,223.467058,52.436335,1.573001,0.506201,1.601687
antarctic,cloud-free-area,2014-02,185.242751,197.849280,-54.343110,128.712729,215.236867,-15.205916,1.573001,0.506201,1.601687
antarctic,cloud-free-area,2014-03,97.580164,186.232893,-113.857515,62.676095,203.097440,-95.819769,1.573001,0.506201,1.601687
antarctic,cloud-free-area,2014-04,34.488032,176.887584,-151.789440,23.035062,192.490268,-155.937748,1.573001,0.506201,1.601687
antarctic,cloud-free-area,2014-05,8.840068,171.131555,-165.535084,6.795664,186.430286,-178.787648,1.573001,0.506201,1.601687
antarctic,cloud-free-area,2014-06,3.425488,162.577915,-161.675800,2.190202,177.087717,-174.950381,1.573001,0.506201,1.601687
antarctic,cloud-free-area,2014-07,5.606107,158.898436,-156.144149,5.551725,174.295055,-171.483060,1.573001,0.506201,1.601687
antarctic,cloud-free-area,2014-08,24.076218,159.749525,-146.810902,20.653877,175.887232,-159.526317,1.573001,0.506201,1.601687
antarctic,cloud-free-area,2014-09,77.483316,168.715026,-127.044738,65.054873,184.751840,-130.652031,1.573001,0.506201,1.601687
antarctic,cloud-free-area,2014-10,170.112092,179.655470,-84.770550,144.627549,195.415572,-75.047080,1.573001,0.506201,1.601687
antarctic,cloud-free-area,2014-11,264.360445,196.163107,-32.821645,225.290985,209.854200,-7.444319,1.573001,0.506201,1.601687
antarctic,cloud-free-area,2014-12,304.742664,205.308258,7.396492,245.053073,219.559260,52.833441,1.573001,0.506201,1.601687
antarctic,cloud-free-area,2015-01,266.688898,206.968194,-0.236809,196.820514,222.467751,54.132277,1.573001,0.506201,1.601687
antarctic,cloud-free-area,2015-02,185.453452,199.495510,-54.563657,128.053870,216.069019,-13.742255,1.573001,0.506201,1.601687
antarctic,cloud-free-area,2015-03,97.698911,187.497015,-114.073994,62.295820,204.599650,-95.774858,1.573001,0.506201,1.601687
antarctic,cloud-free-area,2015-04,35.193447,176.392079,-151.394339,22.725184,192.176968,-154.711087,1.573001,0.506201,1.601687
antarctic,cloud-free-area,2015-05,8.922151,169.891985,-164.198428,7.326879,184.587794,-177.298805,1.573001,0.506201,1.601687
antarctic,cloud-free-area,2015-06,3.419796,163.236397,-162.312682,2.053771,177.877960,-175.587380,1.573001,0.506201,1.601687
antarctic,cloud-free-area,2015-07,5.442276,157.519531,-154.692168,5.203128,173.154898,-170.086044,1.573001,0.506201,1.601687
antarctic,cloud-free-area,2015-08,23.444502,157.934740,-144.770741,19.944681,174.984461,-158.319536,1.573001,0.506201,1.601687
antarctic,cloud-free-area,2015-09,76.997167,161.839949,-120.630482,62.638666,179.127750,-123.559944,1.573001,0.506201,1.601687
antarctic,cloud-free-area,2015-10,170.237040,176.039312,-82.527750,142.992100,193.509604,-72.752275,1.573001,0.506201,1.601687
antarctic,cloud-free-area,2015-11,266.278062,192.121696,-31.831459,221.224539,208.478387,-3.135777,1.573001,0.506201,1.601687
antarctic,cloud-free-area,2015-12,299.929073,205.943649,11.313012,233.281319,220.635160,63.270432,1.573001,0.506201,1.601687
antarctic,cloud-free-area,2016-01,265.302073,206.477233,2.424559,190.010517,222.608197,61.584211,1.573001,0.506201,1.601687
antarctic,cloud-free-area,2016-02,182.155541,198.455457,-51.854651,124.924318,215.651183,-11.824770,1.573001,0.506201,1.601687
antarctic,cloud-free-area,2016-03,94.134880,186.683161,-113.342518,59.446541,202.933011,-94.906721,1.573001,0.506201,1.601687
antarctic,cloud-free-area,2016-04,33.868758,177.337800,-152.894916,21.744569,192.405729,-155.835197,1.573001,0.506201,1.601687
antarctic,cloud-free-area,2016-05,8.569731,172.309076,-166.813397,6.762030,187.512286,-180.209436,1.573001,0.506201,1.601687
antarctic,cloud-free-area,2016-06,3.426231,163.322762,-162.453494,2.092171,178.214356,-176.010050,1.573001,0.506201,1.601687
antarctic,cloud-free-area,2016-07,5.557860,160.864746,-157.859975,5.363946,177.107202,-173.909041,1.573001,0.506201,1.601687
antarctic,cloud-free-area,2016-08,23.943390,162.812792,-148.889974,20.016592,178.962619,-161.111794,1.573001,0.506201,1.601687
antarctic,cloud-free-area,2016-09,77.162228,165.521118,-121.578347,61.709056,182.870457,-123.473827,1.573001,0.506201,1.601687
antarctic,cloud-free-area,2016-10,168.600586,181.182544,-81.950823,135.994481,196.446591,-64.610171,1.573001,0.506201,1.601687
antarctic,cloud-free-area,2016-11,258.605898,199.443116,-28.103775,210.000453,212.784026,7.159626,1.573001,0.506201,1.601687
antarctic,cloud-free-area,2016-12,294.665568,208.762076,14.259473,224.463400,222.322508,70.901085,1.573001,0.506201,1.601687
antarctic,cloud-free-area,2017-01,259.956276,208.458528,2.909345,184.805853,224.454489,62.062278,1.573001,0.506201,1.601687
antarctic,cloud-free-area,2017-02,180.662129,200.981537,-54.424440,121.708212,218.234368,-12.727930,1.573001,0.506201,1.601687
antarctic,cloud-free-area,2017-03,94.002455,188.278345,-113.715508,58.729020,205.402111,-95.566319,1.573001,0.506201,1.601687
antarctic,cloud-free-area,2017-04,33.276186,177.655621,-152.038602,20.823000,193.759723,-155.688060,1.573001,0.506201,1.601687
antarctic,cloud-free-area,2017-05,8.677417,171.166308,-165.607451,6.963961,187.622988,-180.350782,1.573001,0.506201,1.601687
antarctic,cloud-free-area,2017-06,3.397767,162.000403,-161.088389,1.941994,177.587460,-175.219380,1.573001,0.506201,1.601687
antarctic,cloud-free-area,2017-07,5.611467,158.373217,-155.519007,5.099480,174.570634,-171.203336,1.573001,0.506201,1.601687
antarctic,cloud-free-area,2017-08,23.845364,160.877472,-147.269036,20.110301,176.562664,-159.219133,1.573001,0.506201,1.601687
antarctic,cloud-free-area,2017-09,77.262141,165.257892,-122.373825,61.540473,181.759842,-123.153822,1.573001,0.506201,1.601687
antarctic,cloud-free-area,2017-10,169.419251,181.218990,-84.143701,142.970786,196.277808,-72.755857,1.573001,0.506201,1.601687
antarctic,cloud-free-area,2017-11,261.392010,196.485444,-29.086573,216.871771,210.433905,1.485904,1.573001,0.506201,1.601687
antarctic,cloud-free-area,2017-12,297.384987,206.786431,13.277491,228.808197,220.056320,68.582633,1.573001,0.506201,1.601687
antarctic,cloud-free-area,2018-01,260.545656,207.147083,4.459589,187.293307,223.471963,61.381596,1.573001,0.506201,1.601687
antarctic,cloud-free-area,2018-02,183.312272,199.048661,-53.821601,122.745460,215.922422,-10.135205,1.573001,0.506201,1.601687
antarctic,cloud-free-area,2018-03,95.346742,188.038418,-113.686354,60.896586,204.781076,-95.979916,1.573001,0.506201,1.601687
antarctic,cloud-free-area,2018-04,33.631297,179.833771,-153.984754,20.987747,195.861023,-157.365026,1.573001,0.506201,1.601687
antarctic,cloud-free-area,2018-05,8.646217,170.097148,-164.332707,6.887835,185.812930,-178.291461,1.573001,0.506201,1.601687
antarctic,cloud-free-area,2018-06,3.440174,164.951086,-164.068864,2.042016,180.816788,-178.534043,1.573001,0.506201,1.601687
antarctic,cloud-free-area,2018-07,5.517044,160.831707,-157.974760,5.214976,176.586935,-173.429149,1.573001,0.506201,1.601687
antarctic,cloud-free-area,2018-08,23.700512,161.584080,-148.232839,19.731943,177.353482,-160.033615,1.573001,0.506201,1.601687
antarctic,cloud-free-area,2018-09,77.011711,164.144687,-121.935551,62.273067,180.629822,-123.681442,1.573001,0.506201,1.601687
antarctic,cloud-free-area,2018-10,169.474724,177.186711,-81.537036,140.346629,192.931130,-68.153909,1.573001,0.506201,1.601687
antarctic,cloud-free-area,2018-11,260.436710,194.173500,-26.984814,215.380608,209.416373,2.827253,1.573001,0.506201,1.601687
antarctic,cloud-free-area,2018-12,292.069524,206.595635,18.567613,227.208984,221.366052,68.660268,1.573001,0.506201,1.601687
antarctic,cloud-free-area,2019-01,262.481620,207.328479,3.239631,185.827724,223.406780,63.810951,1.573001,0.506201,1.601687
antarctic,cloud-free-area,2019-02,182.394254,200.806117,-53.250645,124.152566,217.640989,-11.849324,1.573001,0.506201,1.601687
antarctic,cloud-free-area,2019-03,94.540273,188.522326,-112.204018,59.705654,205.002792,-93.850514,1.573001,0.506201,1.601687
antarctic,cloud-free-area,2019-04,33.855215,177.792545,-151.577628,21.418689,194.061962,-155.407740,1.573001,0.506201,1.601687
antarctic,cloud-free-area,2019-05,8.784701,169.493901,-163.692571,6.514296,184.917142,-176.846856,1.573001,0.506201,1.601687
antarctic,cloud-free-area,2019-06,3.420750,164.456903,-163.537293,1.990994,179.352686,-177.002665,1.573001,0.506201,1.601687
antarctic,cloud-free-area,2019-07,5.380046,162.856310,-159.957274,5.027315,177.967515,-174.715365,1.573001,0.506201,1.601687
antarctic,cloud-free-area,2019-08,23.250884,162.315559,-148.917160,19.691331,178.287236,-161.328793,1.573001,0.506201,1.601687
antarctic,cloud-free-area,2019-09,75.434897,171.490884,-128.638971,61.920500,185.955079,-129.588991,1.573001,0.506201,1.601687
antarctic,cloud-free-area,2019-10,165.761803,182.679784,-84.664565,139.308973,196.683953,-72.215549,1.573001,0.506201,1.601687
antarctic,cloud-free-area,2019-11,258.982955,199.256428,-31.748062,213.306415,212.186116,0.997189,1.573001,0.506201,1.601687
antarctic,cloud-free-area,2019-12,298.702986,209.054687,9.266588,230.265713,221.898213,64.859729,1.573001,0.506201,1.601687
antarctic,cloud-free-area,2020-01,263.726976,208.691881,1.519064,186.556791,224.537859,62.843258,1.573001,0.506201,1.601687
antarctic,cloud-free-area,2020-02,182.619990,200.697820,-54.847231,124.491989,217.414972,-13.440421,1.573001,0.506201,1.601687
antarctic,cloud-free-area,2020-03,93.603431,187.023753,-113.348049,59.558432,203.844797,-96.126058,1.573001,0.506201,1.601687
antarctic,cloud-free-area,2020-04,32.933998,179.505330,-154.206676,21.153532,195.224375,-158.142779,1.573001,0.506201,1.601687
antarctic,cloud-free-area,2020-05,8.400531,171.585673,-165.944772,6.434694,186.941129,-179.332822,1.573001,0.506201,1.601687
antarctic,cloud-free-area,2020-06,3.430503,164.521896,-163.658848,2.049889,179.544590,-177.300547,1.573001,0.506201,1.601687
antarctic,cloud-free-area,2020-07,5.658450,162.118150,-159.203246,5.282043,176.868219,-173.575129,1.573001,0.506201,1.601687
antarctic,cloud-free-area,2020-08,24.247978,159.166111,-145.498608,20.880026,174.884428,-157.846776,1.573001,0.506201,1.601687
antarctic,cloud-free-area,2020-09,78.614181,167.075028,-124.486143,65.269874,182.554748,-126.620556,1.573001,0.506201,1.601687
antarctic,cloud-free-area,2020-10,173.512904,174.943543,-80.500048,143.297391,190.701863,-66.041625,1.573001,0.506201,1.601687
antarctic,cloud-free-area,2020-11,266.279388,191.843044,-28.101218,221.760477,208.268211,-0.006324,1.573001,0.506201,1.601687
antarctic,cloud-free-area,2020-12,301.275290,205.291546,11.195721,233.630031,219.300310,64.829927,1.573001,0.506201,1.601687
antarctic,cloud-free-area,2021-01,261.897753,206.949170,2.443651,188.621462,222.246462,60.418703,1.573001,0.506201,1.601687
antarctic,cloud-free-area,2021-02,181.777413,198.314215,-53.002478,123.319235,215.145682,-11.379389,1.573001,0.506201,1.601687
antarctic,cloud-free-area,2021-03,95.450872,187.942853,-114.940480,60.734865,205.042055,-97.325537,1.573001,0.506201,1.601687
antarctic,cloud-free-area,2021-04,33.650430,176.430241,-151.254083,21.002970,192.091553,-154.267012,1.573001,0.506201,1.601687
antarctic,cloud-free-area,2021-05,8.714310,169.266397,-163.765768,6.749947,184.230319,-176.764437,1.573001,0.506201,1.601687
antarctic,cloud-free-area,2021-06,3.454912,161.811260,-160.956917,2.074141,176.456998,-174.221594,1.573001,0.506201,1.601687
antarctic,cloud-free-area,2021-07,5.641942,160.543732,-157.703749,5.284715,175.390906,-172.194211,1.573001,0.506201,1.601687
antarctic,cloud-free-area,2021-08,24.100148,160.373107,-146.953983,20.695925,175.613891,-158.789753,1.573001,0.506201,1.601687
antarctic,cloud-free-area,2021-09,77.581643,165.377781,-122.659636,62.111703,182.388690,-124.198308,1.573001,0.506201,1.601687
antarctic,cloud-free-area,2021-10,170.272488,176.223391,-79.813229,139.947810,192.963122,-66.227522,1.573001,0.506201,1.601687
antarctic,cloud-free-area,2021-11,261.354307,191.244553,-23.603151,213.615447,207.926944,7.455855,1.573001,0.506201,1.601687
antarctic,cloud-free-area,2021-12,296.537602,204.694322,16.407145,226.103652,220.314393,71.221442,1.573001,0.506201,1.601687
antarctic,cloud-free-area,2022-01,262.806599,205.786149,3.688537,185.598610,222.388601,64.289198,1.573001,0.506201,1.601687
antarctic,cloud-free-area,2022-02,181.855895,200.085221,-53.312563,121.659596,216.584104,-9.620701,1.573001,0.506201,1.601687
antarctic,cloud-free-area,2022-03,94.139616,188.065677,-112.517050,59.309736,204.967405,-94.590572,1.573001,0.506201,1.601687
antarctic,cloud-free-area,2022-04,33.722139,177.128145,-151.395765,20.875884,193.268783,-154.687065,1.573001,0.506201,1.601687
antarctic,cloud-free-area,2022-05,8.627138,170.302353,-164.530452,6.223767,185.625497,-177.449552,1.573001,0.506201,1.601687
antarctic,cloud-free-area,2022-06,3.407726,166.997772,-166.078256,1.897972,182.086915,-179.657915,1.573001,0.506201,1.601687
antarctic,cloud-free-area,2022-07,5.545638,160.736187,-157.890007,4.702039,176.345199,-172.654947,1.573001,0.506201,1.601687
antarctic,cloud-free-area,2022-08,23.691551,159.444303,-146.007138,20.049571,175.880984,-158.800209,1.573001,0.506201,1.601687
antarctic,cloud-free-area,2022-09,76.867349,164.776239,-122.214859,62.476587,181.583499,-124.630412,1.573001,0.506201,1.601687
antarctic,cloud-free-area,2022-10,169.380659,176.359454,-80.245674,140.205449,192.718432,-67.428245,1.573001,0.506201,1.601687
antarctic,cloud-free-area,2022-11,262.323975,191.148184,-25.411729,213.822923,206.713259,7.525376,1.573001,0.506201,1.601687
antarctic,cloud-free-area,2022-12,296.133312,205.416811,15.979503,224.754362,219.919822,72.855249,1.573001,0.506201,1.601687
antarctic,cloud-free-area,2023-01,260.285688,205.632575,7.383889,183.962450,222.244034,67.090181,1.573001,0.506201,1.601687
antarctic,cloud-free-area,2023-02,181.532895,199.109335,-50.524715,123.932196,216.138263,-9.959305,1.573001,0.506201,1.601687
antarctic,cloud-free-area,2023-03,95.444992,188.540750,-113.053693,61.004978,205.463035,-95.537583,1.573001,0.506201,1.601687
antarctic,cloud-free-area,2023-04,33.647957,179.206195,-152.778222,21.061859,195.505353,-156.489231,1.573001,0.506201,1.601687
antarctic,cloud-free-area,2023-05,8.834673,168.706233,-162.964325,5.740284,184.525027,-175.688911,1.573001,0.506201,1.601687
antarctic,cloud-free-area,2023-06,3.378912,165.905463,-164.942602,1.876981,180.848268,-178.381219,1.573001,0.506201,1.601687
antarctic,cloud-free-area,2023-07,5.372234,162.189869,-159.262671,4.231960,177.439318,-173.371096,1.573001,0.506201,1.601687
antarctic,cloud-free-area,2023-08,22.915736,160.018013,-146.188140,18.892167,176.034649,-158.183577,1.573001,0.506201,1.601687
antarctic,cloud-free-area,2023-09,75.227494,168.143197,-124.829032,59.847150,184.069347,-125.374569,1.573001,0.506201,1.601687
antarctic,cloud-free-area,2023-10,168.019861,178.761510,-82.495902,137.870322,193.247222,-66.832389,1.573001,0.506201,1.601687
antarctic,cloud-free-area,2023-11,260.582120,193.214036,-26.719295,214.627298,207.994760,4.453986,1.573001,0.506201,1.601687
antarctic,cloud-free-area,2023-12,298.849109,204.652476,14.040077,226.617426,219.465331,71.458384,1.573001,0.506201,1.601687
antarctic,cloud-free-area,2024-01,264.016774,206.240325,4.051470,188.460177,222.037438,63.804815,1.573001,0.506201,1.601687
antarctic,cloud-free-area,2024-02,184.469290,198.287970,-54.188180,124.193150,214.962381,-10.594309,1.573001,0.506201,1.601687
antarctic,cloud-free-area,2024-03,94.308397,188.084459,-115.074905,59.492396,204.430852,-96.605396,1.573001,0.506201,1.601687
antarctic,cloud-free-area,2024-04,33.312195,175.272216,-150.357336,20.677817,191.697106,-154.144403,1.573001,0.506201,1.601687
antarctic,cloud-free-area,2024-05,8.439134,170.656509,-165.064057,5.910767,185.627372,-177.507443,1.573001,0.506201,1.601687
antarctic,cloud-free-area,2024-06,3.371884,165.060428,-164.134848,1.868388,180.252840,-177.823665,1.573001,0.506201,1.601687
antarctic,cloud-free-area,2024-07,5.533764,163.293154,-160.229929,4.524619,178.788658,-174.714913,1.573001,0.506201,1.601687
antarctic,cloud-free-area,2024-08,23.552474,165.465291,-151.015445,18.840035,181.057558,-161.893427,1.573001,0.506201,1.601687
antarctic,cloud-free-area,2024-09,77.738087,167.652915,-123.896759,61.839612,182.666126,-123.011243,1.573001,0.506201,1.601687
antarctic,cloud-free-area,2024-10,169.868508,180.968050,-82.488463,140.393981,195.424498,-67.470910,1.573001,0.506201,1.601687
antarctic,cloud-free-area,2024-11,262.100275,193.797859,-25.344610,216.314187,208.146089,6.093880,1.573001,0.506201,1.601687
antarctic,cloud-free-area,2024-12,298.246649,207.322204,12.660095,233.372291,221.049855,63.806000,1.573001,0.506201,1.601687
antarctic,cloud-free-area,2025-01,258.069031,210.064240,3.438753,187.364780,224.716268,59.490858,1.573001,0.506201,1.601687
antarctic,cloud-free-area,2025-02,180.451127,200.447017,-53.702915,122.606283,216.515502,-11.930020,1.573001,0.506201,1.601687
antarctic,cloud-free-area,2025-03,93.011743,187.841267,-112.359085,59.920845,203.818575,-95.247429,1.573001,0.506201,1.601687
antarctic,cloud-free-area,2025-04,33.170477,177.636448,-151.998250,20.700385,193.699360,-155.587949,1.573001,0.506201,1.601687
antarctic,cloud-free-area,2025-05,8.396376,170.347024,-164.540625,5.980691,185.868704,-177.646769,1.573001,0.506201,1.601687
antarctic,cloud-free-area,2025-06,3.392245,165.110468,-164.191751,1.891028,180.897921,-178.477152,1.573001,0.506201,1.601687
antarctic,cloud-free-area,2025-07,5.606314,160.128168,-157.231540,4.640683,176.040882,-172.177264,1.573001,0.506201,1.601687
antarctic,cloud-free-area,2025-08,23.723540,161.249139,-147.373521,20.276194,178.251057,-160.925429,1.573001,0.506201,1.601687
antarctic,cloud-free-area,2025-09,76.345266,171.595999,-127.448432,63.159977,186.663191,-129.329322,1.573001,0.506201,1.601687
antarctic,cloud-free-area,2025-10,168.402091,183.522836,-84.929318,139.560240,197.469320,-70.033773,1.573001,0.506201,1.601687
antarctic,cloud-free-area,2025-11,260.058798,198.452006,-29.115502,216.315219,211.771350,1.307510,1.573001,0.506201,1.601687
antarctic,cloud-free-area,2025-12,294.296415,209.537075,13.955952,228.441730,222.218504,67.128519,1.573001,0.506201,1.601687
antarctic,cloud-free-area,2026-01,260.719098,209.479534,2.062508,187.484340,224.423287,60.357507,1.573001,0.506201,1.601687
antarctic,cloud-free-area,2026-02,180.931956,201.744572,-54.231912,126.187950,217.315184,-15.060717,1.573001,0.506201,1.601687
antarctic,cloud-free-area,2026-03,94.671912,189.799331,-114.917266,60.813073,205.977527,-97.238925,1.573001,0.506201,1.601687
antarctic,cloud-free-area,2026-04,33.656204,178.025497,-152.305289,20.504547,193.697640,-154.824043,1.573001,0.506201,1.601687
antarctic,cloud-free-area,2026-05,8.678693,170.083418,-164.384742,6.300380,185.574616,-177.497700,1.573001,0.506201,1.601687
antarctic,total-region,2000-03,95.547377,186.139988,-113.675838,60.800632,204.346110,-97.135391,1.586070,0.542015,1.617820
antarctic,total-region,2000-04,33.778144,175.953585,-151.095506,22.584785,192.550175,-156.499540,1.586070,0.542015,1.617820
antarctic,total-region,2000-05,8.672186,168.658973,-163.174392,6.194882,185.338424,-177.377716,1.586070,0.542015,1.617820
antarctic,total-region,2000-06,3.389020,165.675945,-164.764542,2.190854,181.133579,-179.024190,1.586070,0.542015,1.617820
antarctic,total-region,2000-07,5.656768,160.160100,-157.310043,5.367564,178.453653,-175.313980,1.586070,0.542015,1.617820
antarctic,total-region,2000-08,24.686379,161.557690,-148.581732,23.533641,181.058632,-166.929290,1.586070,0.542015,1.617820
antarctic,total-region,2000-09,79.167569,167.519407,-126.041752,64.343775,187.206390,-130.905144,1.586070,0.542015,1.617820
antarctic,total-region,2000-10,173.091783,179.439509,-85.121266,142.990605,197.091917,-72.672787,1.586070,0.542015,1.617820
antarctic,total-region,2000-11,265.465468,197.894129,-33.626190,225.312153,213.948947,-9.528457,1.586070,0.542015,1.617820
antarctic,total-region,2000-12,300.251263,206.450978,11.357185,237.761901,220.552521,59.742647,1.586070,0.542015,1.617820
antarctic,total-region,2001-01,264.544881,207.048792,0.508903,191.809524,222.494871,57.801657,1.586070,0.542015,1.617820
antarctic,total-region,2001-02,185.142697,198.752172,-55.775806,126.558046,215.934864,-14.374506,1.586070,0.542015,1.617820
antarctic,total-region,2001-03,97.053880,186.861935,-114.718694,62.638231,205.549259,-98.989121,1.586070,0.542015,1.617820
antarctic,total-region,2001-04,34.672928,176.944330,-152.412216,21.980997,194.396347,-157.171948,1.586070,0.542015,1.617820
antarctic,total-region,2001-05,8.707612,171.599224,-165.975075,6.502536,188.684103,-180.855781,1.586070,0.542015,1.617820
antarctic,total-region,2001-06,3.334008,167.828291,-166.846552,2.020968,184.447686,-182.152997,1.586070,0.542015,1.617820
antarctic,total-region,2001-07,5.472051,161.991732,-159.048728,5.412855,180.746551,-177.744750,1.586070,0.542015,1.617820
antarctic,total-region,2001-08,24.124620,158.338985,-145.212820,20.862633,179.101527,-162.713012,1.586070,0.542015,1.617820
antarctic,total-region,2001-09,78.659033,164.088412,-123.039086,63.856478,185.280382,-129.428198,1.586070,0.542015,1.617820
antarctic,total-region,2001-10,171.342603,175.254245,-80.604660,140.203050,196.979189,-71.189822,1.586070,0.542015,1.617820
antarctic,total-region,2001-11,266.196365,192.184569,-29.884848,219.628179,210.444786,-1.576339,1.586070,0.542015,1.617820
antarctic,total-region,2001-12,299.252860,204.874742,13.650820,235.602186,220.861109,61.314371,1.586070,0.542015,1.617820
antarctic,total-region,2002-01,266.815556,207.807340,-1.517003,187.389125,224.452194,61.264245,1.586070,0.542015,1.617820
antarctic,total-region,2002-02,186.253636,198.603893,-55.298808,125.105423,216.474121,-12.020772,1.586070,0.542015,1.617820
antarctic,total-region,2002-03,97.208947,190.866138,-117.649814,66.635628,209.269505,-105.480067,1.586070,0.542015,1.617820
antarctic,total-region,2002-04,34.514798,179.188547,-153.898036,21.467109,196.425947,-158.087989,1.586070,0.542015,1.617820
antarctic,total-region,2002-05,8.748899,174.082497,-168.325609,6.545730,190.476283,-182.515893,1.586070,0.542015,1.617820
antarctic,total-region,2002-06,3.376305,167.955990,-167.001039,1.952692,184.272551,-181.893499,1.586070,0.542015,1.617820
antarctic,total-region,2002-07,5.437021,162.270207,-159.390923,5.003893,180.476783,-177.163450,1.586070,0.542015,1.617820
antarctic,total-region,2002-08,23.110060,163.228145,-149.495353,22.041791,183.454266,-168.652426,1.586070,0.542015,1.617820
antarctic,total-region,2002-09,75.349224,173.148606,-129.696965,61.449870,191.829666,-134.478490,1.586070,0.542015,1.617820
antarctic,total-region,2002-10,167.338191,182.805154,-85.527346,137.417404,200.361744,-73.163396,1.586070,0.542015,1.617820
antarctic,total-region,2002-11,260.860831,197.684358,-31.228144,215.012131,212.500850,-0.195775,1.586070,0.542015,1.617820
antarctic,total-region,2002-12,301.997543,206.124509,9.443274,235.299989,221.037427,61.228318,1.586070,0.542015,1.617820
antarctic,total-region,2003-01,265.666489,207.948281,0.195641,193.261066,223.621413,56.928099,1.586070,0.542015,1.617820
antarctic,total-region,2003-02,184.478497,200.261346,-53.913337,128.550262,217.500804,-15.225471,1.586070,0.542015,1.617820
antarctic,total-region,2003-03,96.744806,188.219010,-113.492814,60.991400,206.413145,-95.933726,1.586070,0.542015,1.617820
antarctic,total-region,2003-04,34.476786,177.338067,-151.428842,22.694786,195.016394,-157.323835,1.586070,0.542015,1.617820
antarctic,total-region,2003-05,9.065785,168.454850,-162.844168,6.718823,186.803320,-178.845121,1.586070,0.542015,1.617820
antarctic,total-region,2003-06,3.495811,163.464671,-162.615412,2.305657,181.535875,-179.496001,1.586070,0.542015,1.617820
antarctic,total-region,2003-07,5.559368,159.014107,-156.347273,5.327991,179.211749,-176.313376,1.586070,0.542015,1.617820
antarctic,total-region,2003-08,23.451639,159.702667,-146.706918,19.730269,181.881644,-165.165303,1.586070,0.542015,1.617820
antarctic,total-region,2003-09,76.332675,166.639232,-125.102720,61.577726,187.743795,-131.452239,1.586070,0.542015,1.617820
antarctic,total-region,2003-10,168.305307,179.714028,-84.975628,137.941104,198.445692,-73.344127,1.586070,0.542015,1.617820
antarctic,total-region,2003-11,262.119517,195.348208,-31.377346,218.215961,210.658271,-2.785711,1.586070,0.542015,1.617820
antarctic,total-region,2003-12,298.656307,207.491798,10.992826,234.361624,221.243836,61.536177,1.586070,0.542015,1.617820
antarctic,total-region,2004-01,267.412825,207.536775,-0.513030,192.734007,223.009121,58.696722,1.586070,0.542015,1.617820
antarctic,total-region,2004-02,183.952527,200.402785,-55.165147,126.690784,217.387459,-14.887767,1.586070,0.542015,1.617820
antarctic,total-region,2004-03,94.932299,187.959111,-115.026398,60.215364,206.309885,-98.661119,1.586070,0.542015,1.617820
antarctic,total-region,2004-04,33.457397,178.340359,-153.258300,21.768826,195.516575,-158.746646,1.586070,0.542015,1.617820
antarctic,total-region,2004-05,8.710725,168.709857,-163.290093,6.550547,186.414975,-178.836133,1.586070,0.542015,1.617820
antarctic,total-region,2004-06,3.399351,166.379764,-165.481696,2.139169,184.336849,-182.178216,1.586070,0.542015,1.617820
antarctic,total-region,2004-07,5.648237,157.540367,-154.672698,4.978428,176.130000,-172.593023,1.586070,0.542015,1.617820
antarctic,total-region,2004-08,24.031375,159.286468,-145.625085,20.692828,179.653633,-162.654154,1.586070,0.542015,1.617820
antarctic,total-region,2004-09,77.756936,166.303111,-123.312661,64.011726,186.867634,-130.133007,1.586070,0.542015,1.617820
antarctic,total-region,2004-10,168.812558,183.206438,-84.649916,157.634970,201.596494,-91.862698,1.586070,0.542015,1.617820
antarctic,total-region,2004-11,264.133396,193.849888,-28.390115,218.769556,210.452714,0.372969,1.586070,0.542015,1.617820
antarctic,total-region,2004-12,298.880305,207.954640,10.923164,230.160860,222.073383,65.524664,1.586070,0.542015,1.617820
antarctic,total-region,2005-01,264.456578,208.130916,-1.002769,187.949219,223.935683,59.699803,1.586070,0.542015,1.617820
antarctic,total-region,2005-02,180.198678,199.606283,-52.097166,124.335199,216.567961,-13.197395,1.586070,0.542015,1.617820
antarctic,total-region,2005-03,95.574851,187.717096,-114.310211,61.703006,207.087739,-99.810935,1.586070,0.542015,1.617820
antarctic,total-region,2005-04,34.477218,176.607487,-151.970750,21.602600,194.896538,-157.385767,1.586070,0.542015,1.617820
antarctic,total-region,2005-05,8.697519,170.183945,-164.582336,6.720851,187.763339,-180.185912,1.586070,0.542015,1.617820
antarctic,total-region,2005-06,3.420064,166.854181,-165.963136,2.060804,185.102471,-182.851449,1.586070,0.542015,1.617820
antarctic,total-region,2005-07,5.558690,161.144325,-158.280445,5.381934,180.133831,-177.092616,1.586070,0.542015,1.617820
antarctic,total-region,2005-08,24.107692,159.741197,-146.559060,19.729857,180.768023,-163.207024,1.586070,0.542015,1.617820
antarctic,total-region,2005-09,77.509866,167.827930,-125.543044,63.826544,187.730002,-131.761785,1.586070,0.542015,1.617820
antarctic,total-region,2005-10,169.086229,180.797308,-83.863418,138.861563,200.972148,-73.814580,1.586070,0.542015,1.617820
antarctic,total-region,2005-11,263.777162,195.362767,-30.743726,218.869722,211.490372,-1.961954,1.586070,0.542015,1.617820
antarctic,total-region,2005-12,297.844313,207.875088,11.700864,228.812450,222.349268,66.258664,1.586070,0.542015,1.617820
antarctic,total-region,2006-01,262.863049,206.998896,2.655575,185.389657,223.417384,63.708407,1.586070,0.542015,1.617820
antarctic,total-region,2006-02,183.196507,198.506414,-52.637868,122.942366,216.338471,-10.216823,1.586070,0.542015,1.617820
antarctic,total-region,2006-03,96.092178,188.107736,-114.078969,58.632747,207.076254,-95.588286,1.586070,0.542015,1.617820
antarctic,total-region,2006-04,34.038812,177.699389,-152.039658,20.741549,196.113089,-157.156115,1.586070,0.542015,1.617820
antarctic,total-region,2006-05,8.691858,167.963130,-162.177699,6.149801,186.665522,-178.337926,1.586070,0.542015,1.617820
antarctic,total-region,2006-06,3.453885,164.736367,-163.863020,2.131719,183.678748,-181.482626,1.586070,0.542015,1.617820
antarctic,total-region,2006-07,5.595066,158.629768,-155.893834,5.285183,178.305505,-175.261116,1.586070,0.542015,1.617820
antarctic,total-region,2006-08,23.832592,162.180516,-149.132268,20.640811,181.848225,-165.608708,1.586070,0.542015,1.617820
antarctic,total-region,2006-09,77.863567,163.972233,-122.972622,61.167785,185.606897,-127.912149,1.586070,0.542015,1.617820
antarctic,total-region,2006-10,171.086750,177.650656,-84.095786,139.424056,197.149162,-71.930030,1.586070,0.542015,1.617820
antarctic,total-region,2006-11,264.871934,193.606515,-31.292826,217.918866,211.178117,-1.909479,1.586070,0.542015,1.617820
antarctic,total-region,2006-12,299.828996,204.524246,12.778632,231.058148,219.192039,66.881267,1.586070,0.542015,1.617820
antarctic,total-region,2007-01,264.421620,208.294771,0.607161,187.902426,223.903141,61.518419,1.586070,0.542015,1.617820
antarctic,total-region,2007-02,185.030013,198.569379,-53.195688,124.749859,215.377937,-9.724556,1.586070,0.542015,1.617820
antarctic,total-region,2007-03,96.500017,188.677391,-113.903476,61.395120,206.822442,-96.941815,1.586070,0.542015,1.617820
antarctic,total-region,2007-04,34.870433,177.625028,-152.202761,21.539172,195.812297,-157.057981,1.586070,0.542015,1.617820
antarctic,total-region,2007-05,8.770874,172.451322,-166.571240,6.640367,190.635575,-182.625353,1.586070,0.542015,1.617820
antarctic,total-region,2007-06,3.404977,167.230829,-166.292039,2.020407,185.459409,-183.136345,1.586070,0.542015,1.617820
antarctic,total-region,2007-07,5.464217,163.571844,-160.798175,5.187735,182.779272,-179.729926,1.586070,0.542015,1.617820
antarctic,total-region,2007-08,23.321070,161.294550,-148.131664,19.830791,181.427833,-164.774189,1.586070,0.542015,1.617820
antarctic,total-region,2007-09,76.443325,166.115802,-124.632812,63.624488,185.234576,-130.933432,1.586070,0.542015,1.617820
antarctic,total-region,2007-10,169.025976,180.015521,-85.746097,140.835077,198.643589,-76.182182,1.586070,0.542015,1.617820
antarctic,total-region,2007-11,266.434974,194.579187,-34.921519,223.706089,210.247329,-7.860781,1.586070,0.542015,1.617820
antarctic,total-region,2007-12,305.358516,204.697994,6.885348,242.076639,219.497257,55.367617,1.586070,0.542015,1.617820
antarctic,total-region,2008-01,266.934994,205.869551,1.416921,195.485579,221.407209,57.329437,1.586070,0.542015,1.617820
antarctic,total-region,2008-02,185.831058,197.525012,-54.432850,126.211372,214.631031,-11.918976,1.586070,0.542015,1.617820
antarctic,total-region,2008-03,96.080136,187.227607,-115.638985,61.266208,205.641361,-99.237723,1.586070,0.542015,1.617820
antarctic,total-region,2008-04,34.251877,178.918789,-154.726009,22.624211,196.317143,-160.496312,1.586070,0.542015,1.617820
antarctic,total-region,2008-05,8.629002,170.539941,-165.064831,6.881590,188.184325,-180.962068,1.586070,0.542015,1.617820
antarctic,total-region,2008-06,3.438310,162.854047,-161.999140,2.017962,181.322080,-179.044454,1.586070,0.542015,1.617820
antarctic,total-region,2008-07,5.649725,159.998508,-157.118689,5.175258,180.969186,-177.614647,1.586070,0.542015,1.617820
antarctic,total-region,2008-08,24.258358,158.968452,-145.485688,20.882759,179.521523,-162.663886,1.586070,0.542015,1.617820
antarctic,total-region,2008-09,78.232057,164.607307,-122.019345,61.684571,185.860926,-126.725398,1.586070,0.542015,1.617820
antarctic,total-region,2008-10,171.555254,177.923740,-82.048838,141.327180,196.536519,-70.431387,1.586070,0.542015,1.617820
antarctic,total-region,2008-11,268.184039,191.926451,-30.520893,220.338724,209.624833,-0.371981,1.586070,0.542015,1.617820
antarctic,total-region,2008-12,299.268753,204.773465,13.539660,237.417560,219.829413,60.336397,1.586070,0.542015,1.617820
antarctic,total-region,2009-01,266.448077,206.514845,-1.491395,191.560968,222.395813,57.515869,1.586070,0.542015,1.617820
antarctic,total-region,2009-02,184.923356,198.665458,-56.096769,123.582074,215.744993,-11.833752,1.586070,0.542015,1.617820
antarctic,total-region,2009-03,96.376643,188.229048,-115.788228,61.050991,206.220458,-98.453268,1.586070,0.542015,1.617820
antarctic,total-region,2009-04,34.447170,175.986630,-151.402860,22.151146,193.680776,-156.801685,1.586070,0.542015,1.617820
antarctic,total-region,2009-05,8.655094,172.430058,-166.807307,6.678625,190.917358,-183.318749,1.586070,0.542015,1.617820
antarctic,total-region,2009-06,3.396920,165.768238,-164.853315,2.126122,184.303513,-182.119027,1.586070,0.542015,1.617820
antarctic,total-region,2009-07,5.567604,164.302048,-161.433147,5.369599,183.829326,-180.762940,1.586070,0.542015,1.617820
antarctic,total-region,2009-08,24.064987,161.029107,-147.755922,20.581751,180.977110,-164.220725,1.586070,0.542015,1.617820
antarctic,total-region,2009-09,78.480945,165.453697,-124.038923,64.215963,185.585045,-129.905072,1.586070,0.542015,1.617820
antarctic,total-region,2009-10,172.258440,179.405535,-85.563143,141.938277,198.336112,-74.173116,1.586070,0.542015,1.617820
antarctic,total-region,2009-11,265.022854,195.673058,-32.237609,218.834333,211.570216,-1.945843,1.586070,0.542015,1.617820
antarctic,total-region,2009-12,301.905673,206.813688,8.624904,234.191142,220.492476,62.661798,1.586070,0.542015,1.617820
antarctic,total-region,2010-01,266.814299,208.886446,-3.349122,190.723693,224.219368,57.408329,1.586070,0.542015,1.617820
antarctic,total-region,2010-02,186.188227,199.988163,-57.260185,125.474890,216.729753,-13.286327,1.586070,0.542015,1.617820
antarctic,total-region,2010-03,96.693818,188.002131,-114.696664,61.110862,206.519138,-97.631595,1.586070,0.542015,1.617820
antarctic,total-region,2010-04,34.234334,175.946397,-150.546624,21.624054,193.869634,-155.859341,1.586070,0.542015,1.617820
antarctic,total-region,2010-05,8.909889,168.093984,-162.548083,6.856407,186.435694,-178.837283,1.586070,0.542015,1.617820
antarctic,total-region,2010-06,3.445819,162.068782,-161.188309,2.266290,180.625828,-178.565492,1.586070,0.542015,1.617820
antarctic,total-region,2010-07,5.592144,157.056804,-154.304415,4.902456,177.456971,-174.014750,1.586070,0.542015,1.617820
antarctic,total-region,2010-08,23.808542,159.354693,-146.219993,19.894371,179.553089,-162.503580,1.586070,0.542015,1.617820
antarctic,total-region,2010-09,77.297980,166.615252,-124.923258,59.739928,187.256438,-128.008216,1.586070,0.542015,1.617820
antarctic,total-region,2010-10,170.983872,177.272547,-83.456897,138.364590,197.419348,-70.984562,1.586070,0.542015,1.617820
antarctic,total-region,2010-11,264.610352,191.206406,-28.427797,218.710202,208.710370,-0.032878,1.586070,0.542015,1.617820
antarctic,total-region,2010-12,303.052763,204.742209,9.401121,235.199877,219.267992,62.727015,1.586070,0.542015,1.617820
antarctic,total-region,2011-01,265.639103,207.084134,0.546214,189.392701,222.600665,61.276139,1.586070,0.542015,1.617820
antarctic,total-region,2011-02,185.579388,198.967300,-54.253230,124.170647,217.011932,-10.889768,1.586070,0.542015,1.617820
antarctic,total-region,2011-03,97.251523,188.054301,-114.156556,60.831139,206.445252,-96.127586,1.586070,0.542015,1.617820
antarctic,total-region,2011-04,34.652431,177.900003,-152.309584,21.058964,196.369078,-157.184375,1.586070,0.542015,1.617820
antarctic,total-region,2011-05,8.879734,169.483097,-163.727488,6.318187,187.385383,-179.068656,1.586070,0.542015,1.617820
antarctic,total-region,2011-06,3.452156,164.299249,-163.407861,2.050478,182.440449,-180.147342,1.586070,0.542015,1.617820
antarctic,total-region,2011-07,5.404900,163.787538,-160.940470,5.229110,183.038893,-180.015642,1.586070,0.542015,1.617820
antarctic,total-region,2011-08,23.478636,163.117879,-150.046820,20.579163,182.973559,-167.004764,1.586070,0.542015,1.617820
antarctic,total-region,2011-09,76.856075,165.947796,-124.739923,63.037835,186.109506,-131.082137,1.586070,0.542015,1.617820
antarctic,total-region,2011-10,170.020356,177.197188,-83.684603,140.922392,197.207588,-74.596698,1.586070,0.542015,1.617820
antarctic,total-region,2011-11,264.521360,194.868743,-32.983580,218.413968,211.041454,-3.048400,1.586070,0.542015,1.617820
antarctic,total-region,2011-12,301.309909,205.595180,10.298561,237.237972,220.400388,59.564669,1.586070,0.542015,1.617820
antarctic,total-region,2012-01,267.209100,206.635741,0.443435,193.902750,222.442510,57.943243,1.586070,0.542015,1.617820
antarctic,total-region,2012-02,184.541086,199.699107,-55.336108,127.852871,216.289957,-15.239287,1.586070,0.542015,1.617820
antarctic,total-region,2012-03,95.657190,187.660380,-115.726581,59.713217,206.447801,-98.569051,1.586070,0.542015,1.617820
antarctic,total-region,2012-04,34.008067,176.606478,-152.213442,20.527620,194.072953,-156.200064,1.586070,0.542015,1.617820
antarctic,total-region,2012-05,8.464015,170.589665,-164.967875,6.573703,188.859363,-181.345882,1.586070,0.542015,1.617820
antarctic,total-region,2012-06,3.454120,163.161241,-162.320674,2.056801,182.569125,-180.329414,1.586070,0.542015,1.617820
antarctic,total-region,2012-07,5.704842,158.579217,-155.736653,5.369567,177.155733,-173.978512,1.586070,0.542015,1.617820
antarctic,total-region,2012-08,24.430131,159.937909,-146.550023,20.572002,180.881359,-163.635844,1.586070,0.542015,1.617820
antarctic,total-region,2012-09,79.266404,166.044968,-124.294327,64.928687,185.462769,-129.375040,1.586070,0.542015,1.617820
antarctic,total-region,2012-10,171.132311,182.916031,-86.327450,143.533039,200.472651,-76.285175,1.586070,0.542015,1.617820
antarctic,total-region,2012-11,265.981071,198.216053,-34.277515,222.340951,212.495860,-4.919876,1.586070,0.542015,1.617820
antarctic,total-region,2012-12,300.337821,209.712047,7.763302,235.077854,222.512036,60.225536,1.586070,0.542015,1.617820
antarctic,total-region,2013-01,266.853816,209.573358,-4.923317,190.454887,224.763253,56.283120,1.586070,0.542015,1.617820
antarctic,total-region,2013-02,184.267822,198.711730,-55.540749,126.445285,216.131028,-15.138180,1.586070,0.542015,1.617820
antarctic,total-region,2013-03,94.854928,187.195730,-113.306441,60.242713,206.110540,-97.610074,1.586070,0.542015,1.617820
antarctic,total-region,2013-04,34.420801,176.653828,-152.101253,22.003739,194.826466,-157.856886,1.586070,0.542015,1.617820
antarctic,total-region,2013-05,8.664908,168.831646,-163.236680,6.593423,186.948269,-179.280858,1.586070,0.542015,1.617820
antarctic,total-region,2013-06,3.378229,164.449642,-163.516445,2.143813,183.910030,-181.742292,1.586070,0.542015,1.617820
antarctic,total-region,2013-07,5.684972,157.982775,-155.213906,5.519518,176.635073,-173.699345,1.586070,0.542015,1.617820
antarctic,total-region,2013-08,24.374730,161.248753,-148.207397,20.905591,182.065312,-165.555194,1.586070,0.542015,1.617820
antarctic,total-region,2013-09,78.461505,170.340035,-128.709670,64.724453,191.254933,-135.887952,1.586070,0.542015,1.617820
antarctic,total-region,2013-10,172.183613,181.794481,-87.621911,144.030005,199.054170,-76.728452,1.586070,0.542015,1.617820
antarctic,total-region,2013-11,266.913049,196.577529,-34.753402,228.828178,211.855841,-11.945973,1.586070,0.542015,1.617820
antarctic,total-region,2013-12,303.432373,208.957125,5.251474,240.442787,221.765565,55.431857,1.586070,0.542015,1.617820
antarctic,total-region,2014-01,268.334543,207.663394,-3.622606,195.536484,223.094943,53.744940,1.586070,0.542015,1.617820
antarctic,total-region,2014-02,185.242751,197.849280,-54.343110,128.653725,215.364516,-15.270227,1.586070,0.542015,1.617820
antarctic,total-region,2014-03,97.580164,186.232893,-113.857515,61.854001,204.455019,-96.353543,1.586070,0.542015,1.617820
antarctic,total-region,2014-04,34.488032,176.887584,-151.789440,22.477015,194.741895,-157.633522,1.586070,0.542015,1.617820
antarctic,total-region,2014-05,8.840068,171.131555,-165.535084,6.678692,189.679884,-181.921271,1.586070,0.542015,1.617820
antarctic,total-region,2014-06,3.425488,162.577915,-161.675800,2.159295,180.637158,-178.469390,1.586070,0.542015,1.617820
antarctic,total-region,2014-07,5.606107,158.898436,-156.144149,5.507673,178.970445,-176.116877,1.586070,0.542015,1.617820
antarctic,total-region,2014-08,24.076218,159.749525,-146.810902,20.342260,180.896628,-164.224842,1.586070,0.542015,1.617820
antarctic,total-region,2014-09,77.483316,168.715026,-127.044738,64.099954,188.631511,-133.577917,1.586070,0.542015,1.617820
antarctic,total-region,2014-10,170.112092,179.655470,-84.770550,143.215092,197.990410,-76.208251,1.586070,0.542015,1.617820
antarctic,total-region,2014-11,264.360445,196.163107,-32.821645,223.886391,210.807223,-6.990472,1.586070,0.542015,1.617820
antarctic,total-region,2014-12,304.742664,205.308258,7.396492,243.758202,219.711313,53.978105,1.586070,0.542015,1.617820
antarctic,total-region,2015-01,266.688898,206.968194,-0.236809,197.519851,222.157346,53.743194,1.586070,0.542015,1.617820
antarctic,total-region,2015-02,185.453452,199.495510,-54.563657,127.882921,216.142388,-13.639882,1.586070,0.542015,1.617820
antarctic,total-region,2015-03,97.698911,187.497015,-114.073994,61.174483,206.314221,-96.365912,1.586070,0.542015,1.617820
antarctic,total-region,2015-04,35.193447,176.392079,-151.394339,22.247782,194.442343,-156.499649,1.586070,0.542015,1.617820
antarctic,total-region,2015-05,8.922151,169.891985,-164.198428,7.190755,187.603941,-180.179365,1.586070,0.542015,1.617820
antarctic,total-region,2015-06,3.419796,163.236397,-162.312682,2.043368,181.346751,-179.047063,1.586070,0.542015,1.617820
antarctic,total-region,2015-07,5.442276,157.519531,-154.692168,5.160870,177.367980,-174.258888,1.586070,0.542015,1.617820
antarctic,total-region,2015-08,23.444502,157.934740,-144.770741,19.774514,179.143187,-162.309259,1.586070,0.542015,1.617820
antarctic,total-region,2015-09,76.997167,161.839949,-120.630482,61.784977,183.518509,-127.098017,1.586070,0.542015,1.617820
antarctic,total-region,2015-10,170.237040,176.039312,-82.527750,141.650274,196.317595,-74.217703,1.586070,0.542015,1.617820
antarctic,total-region,2015-11,266.278062,192.121696,-31.831459,220.027839,209.173483,-2.632579,1.586070,0.542015,1.617820
antarctic,total-region,2015-12,299.929073,205.943649,11.313012,231.944587,220.581273,64.659824,1.586070,0.542015,1.617820
antarctic,total-region,2016-01,265.302073,206.477233,2.424559,189.674896,222.320467,62.210173,1.586070,0.542015,1.617820
antarctic,total-region,2016-02,182.155541,198.455457,-51.854651,124.675565,215.680718,-11.599551,1.586070,0.542015,1.617820
antarctic,total-region,2016-03,94.134880,186.683161,-113.342518,58.508117,204.279046,-95.311489,1.586070,0.542015,1.617820
antarctic,total-region,2016-04,33.868758,177.337800,-152.894916,21.436774,194.228962,-157.353273,1.586070,0.542015,1.617820
antarctic,total-region,2016-05,8.569731,172.309076,-166.813397,6.634389,189.917826,-182.486837,1.586070,0.542015,1.617820
antarctic,total-region,2016-06,3.426231,163.322762,-162.453494,2.077831,180.951397,-178.734003,1.586070,0.542015,1.617820
antarctic,total-region,2016-07,5.557860,160.864746,-157.859975,5.313768,180.775729,-177.528394,1.586070,0.542015,1.617820
antarctic,total-region,2016-08,23.943390,162.812792,-148.889974,19.746617,183.333838,-165.214709,1.586070,0.542015,1.617820
antarctic,total-region,2016-09,77.162228,165.521118,-121.578347,61.185812,186.063236,-126.143272,1.586070,0.542015,1.617820
antarctic,total-region,2016-10,168.600586,181.182544,-81.950823,134.749114,199.022950,-65.940834,1.586070,0.542015,1.617820
antarctic,total-region,2016-11,258.605898,199.443116,-28.103775,206.409448,213.361765,10.174980,1.586070,0.542015,1.617820
antarctic,total-region,2016-12,294.665568,208.762076,14.259473,222.801252,222.185592,72.701245,1.586070,0.542015,1.617820
antarctic,total-region,2017-01,259.956276,208.458528,2.909345,184.651075,224.149382,62.522324,1.586070,0.542015,1.617820
antarctic,total-region,2017-02,180.662129,200.981537,-54.424440,121.669079,217.933136,-12.382797,1.586070,0.542015,1.617820
antarctic,total-region,2017-03,94.002455,188.278345,-113.715508,58.367345,205.987791,-95.790496,1.586070,0.542015,1.617820
antarctic,total-region,2017-04,33.276186,177.655621,-152.038602,20.482746,195.021759,-156.611524,1.586070,0.542015,1.617820
antarctic,total-region,2017-05,8.677417,171.166308,-165.607451,6.879017,189.767583,-182.410137,1.586070,0.542015,1.617820
antarctic,total-region,2017-06,3.397767,162.000403,-161.088389,1.936340,180.352804,-177.979839,1.586070,0.542015,1.617820
antarctic,total-region,2017-07,5.611467,158.373217,-155.519007,5.065556,178.301287,-174.901545,1.586070,0.542015,1.617820
antarctic,total-region,2017-08,23.845364,160.877472,-147.269036,19.995249,179.890758,-162.432599,1.586070,0.542015,1.617820
antarctic,total-region,2017-09,77.262141,165.257892,-122.373825,60.629060,185.251069,-125.734577,1.586070,0.542015,1.617820
antarctic,total-region,2017-10,169.419251,181.218990,-84.143701,141.566384,198.416454,-73.489882,1.586070,0.542015,1.617820
antarctic,total-region,2017-11,261.392010,196.485444,-29.086573,214.415926,211.674097,2.701351,1.586070,0.542015,1.617820
antarctic,total-region,2017-12,297.384987,206.786431,13.277491,227.970449,219.964285,69.514321,1.586070,0.542015,1.617820
antarctic,total-region,2018-01,260.545656,207.147083,4.459589,186.769805,223.189223,62.193065,1.586070,0.542015,1.617820
antarctic,total-region,2018-02,183.312272,199.048661,-53.821601,122.809947,215.797317,-10.068187,1.586070,0.542015,1.617820
antarctic,total-region,2018-03,95.346742,188.038418,-113.686354,60.174142,205.700768,-96.175608,1.586070,0.542015,1.617820
antarctic,total-region,2018-04,33.631297,179.833771,-153.984754,20.783000,197.304746,-158.606750,1.586070,0.542015,1.617820
antarctic,total-region,2018-05,8.646217,170.097148,-164.332707,6.826309,188.261524,-180.677894,1.586070,0.542015,1.617820
antarctic,total-region,2018-06,3.440174,164.951086,-164.068864,2.034269,184.509323,-182.219327,1.586070,0.542015,1.617820
antarctic,total-region,2018-07,5.517044,160.831707,-157.974760,5.154121,181.980227,-178.762396,1.586070,0.542015,1.617820
antarctic,total-region,2018-08,23.700512,161.584080,-148.232839,19.490073,181.731456,-164.169582,1.586070,0.542015,1.617820
antarctic,total-region,2018-09,77.011711,164.144687,-121.935551,61.366948,185.398354,-127.543900,1.586070,0.542015,1.617820
antarctic,total-region,2018-10,169.474724,177.186711,-81.537036,139.157118,195.861765,-69.895214,1.586070,0.542015,1.617820
antarctic,total-region,2018-11,260.436710,194.173500,-26.984814,214.853341,209.578252,3.192588,1.586070,0.542015,1.617820
antarctic,total-region,2018-12,292.069524,206.595635,18.567613,225.739700,221.377497,70.118542,1.586070,0.542015,1.617820
antarctic,total-region,2019-01,262.481620,207.328479,3.239631,185.604251,223.118408,64.326419,1.586070,0.542015,1.617820
antarctic,total-region,2019-02,182.394254,200.806117,-53.250645,124.132591,217.706950,-11.891088,1.586070,0.542015,1.617820
antarctic,total-region,2019-03,94.540273,188.522326,-112.204018,59.334760,206.063620,-94.539134,1.586070,0.542015,1.617820
antarctic,total-region,2019-04,33.855215,177.792545,-151.577628,21.209318,195.317638,-156.456860,1.586070,0.542015,1.617820
antarctic,total-region,2019-05,8.784701,169.493901,-163.692571,6.416574,187.291195,-179.122952,1.586070,0.542015,1.617820
antarctic,total-region,2019-06,3.420750,164.456903,-163.537293,1.979960,182.696713,-180.336943,1.586070,0.542015,1.617820
antarctic,total-region,2019-07,5.380046,162.856310,-159.957274,4.968852,182.994835,-179.684825,1.586070,0.542015,1.617820
antarctic,total-region,2019-08,23.250884,162.315559,-148.917160,19.347317,183.025957,-165.724103,1.586070,0.542015,1.617820
antarctic,total-region,2019-09,75.434897,171.490884,-128.638971,61.450856,189.512210,-132.676173,1.586070,0.542015,1.617820
antarctic,total-region,2019-10,165.761803,182.679784,-84.664565,137.598614,199.956545,-73.778107,1.586070,0.542015,1.617820
antarctic,total-region,2019-11,258.982955,199.256428,-31.748062,212.578400,212.679043,1.232453,1.586070,0.542015,1.617820
antarctic,total-region,2019-12,298.702986,209.054687,9.266588,228.205887,221.798110,67.019333,1.586070,0.542015,1.617820
antarctic,total-region,2020-01,263.726976,208.691881,1.519064,187.032801,223.965611,62.938934,1.586070,0.542015,1.617820
antarctic,total-region,2020-02,182.619990,200.697820,-54.847231,124.404166,217.204477,-13.138667,1.586070,0.542015,1.617820
antarctic,total-region,2020-03,93.603431,187.023753,-113.348049,59.013029,204.934083,-96.667757,1.586070,0.542015,1.617820
antarctic,total-region,2020-04,32.933998,179.505330,-154.206676,20.752063,197.201461,-159.720245,1.586070,0.542015,1.617820
antarctic,total-region,2020-05,8.400531,171.585673,-165.944772,6.296685,189.433223,-181.688305,1.586070,0.542015,1.617820
antarctic,total-region,2020-06,3.430503,164.521896,-163.658848,2.029712,183.220403,-180.956777,1.586070,0.542015,1.617820
antarctic,total-region,2020-07,5.658450,162.118150,-159.203246,5.241672,180.834716,-177.502133,1.586070,0.542015,1.617820
antarctic,total-region,2020-08,24.247978,159.166111,-145.498608,20.575347,179.448112,-162.106548,1.586070,0.542015,1.617820
antarctic,total-region,2020-09,78.614181,167.075028,-124.486143,64.323037,187.249274,-130.368755,1.586070,0.542015,1.617820
antarctic,total-region,2020-10,173.512904,174.943543,-80.500048,142.001204,193.968549,-68.011888,1.586070,0.542015,1.617820
antarctic,total-region,2020-11,266.279388,191.843044,-28.101218,221.177783,208.115762,0.727376,1.586070,0.542015,1.617820
antarctic,total-region,2020-12,301.275290,205.291546,11.195721,232.478990,219.214915,66.067444,1.586070,0.542015,1.617820
antarctic,total-region,2021-01,261.897753,206.949170,2.443651,188.292046,222.050772,60.946284,1.586070,0.542015,1.617820
antarctic,total-region,2021-02,181.777413,198.314215,-53.002478,123.419460,214.865849,-11.195482,1.586070,0.542015,1.617820
antarctic,total-region,2021-03,95.450872,187.942853,-114.940480,60.168778,206.139921,-97.854766,1.586070,0.542015,1.617820
antarctic,total-region,2021-04,33.650430,176.430241,-151.254083,20.779181,194.186521,-156.138559,1.586070,0.542015,1.617820
antarctic,total-region,2021-05,8.714310,169.266397,-163.765768,6.652712,187.610538,-180.047887,1.586070,0.542015,1.617820
antarctic,total-region,2021-06,3.454912,161.811260,-160.956917,2.035430,180.271340,-177.998167,1.586070,0.542015,1.617820
antarctic,total-region,2021-07,5.641942,160.543732,-157.703749,5.243883,180.341909,-177.103784,1.586070,0.542015,1.617820
antarctic,total-region,2021-08,24.100148,160.373107,-146.953983,20.334454,181.143386,-163.957262,1.586070,0.542015,1.617820
antarctic,total-region,2021-09,77.581643,165.377781,-122.659636,60.961712,186.132318,-126.793499,1.586070,0.542015,1.617820
antarctic,total-region,2021-10,170.272488,176.223391,-79.813229,138.664777,195.622415,-67.604658,1.586070,0.542015,1.617820
antarctic,total-region,2021-11,261.354307,191.244553,-23.603151,213.020537,208.339470,7.634282,1.586070,0.542015,1.617820
antarctic,total-region,2021-12,296.537602,204.694322,16.407145,226.257128,220.081453,71.300513,1.586070,0.542015,1.617820
antarctic,total-region,2022-01,262.806599,205.786149,3.688537,184.720004,222.240013,65.322374,1.586070,0.542015,1.617820
antarctic,total-region,2022-02,181.855895,200.085221,-53.312563,121.658327,216.461721,-9.491669,1.586070,0.542015,1.617820
antarctic,total-region,2022-03,94.139616,188.065677,-112.517050,59.139142,206.098060,-95.550276,1.586070,0.542015,1.617820
antarctic,total-region,2022-04,33.722139,177.128145,-151.395765,20.590138,194.997057,-156.131963,1.586070,0.542015,1.617820
antarctic,total-region,2022-05,8.627138,170.302353,-164.530452,6.105132,188.395039,-180.100546,1.586070,0.542015,1.617820
antarctic,total-region,2022-06,3.407726,166.997772,-166.078256,1.889012,186.086924,-183.649345,1.586070,0.542015,1.617820
antarctic,total-region,2022-07,5.545638,160.736187,-157.890007,4.646408,181.434708,-177.689637,1.586070,0.542015,1.617820
antarctic,total-region,2022-08,23.691551,159.444303,-146.007138,19.862360,180.136581,-162.870020,1.586070,0.542015,1.617820
antarctic,total-region,2022-09,76.867349,164.776239,-122.214859,61.581836,185.718050,-127.871210,1.586070,0.542015,1.617820
antarctic,total-region,2022-10,169.380659,176.359454,-80.245674,138.243326,195.676429,-68.426578,1.586070,0.542015,1.617820
antarctic,total-region,2022-11,262.323975,191.148184,-25.411729,214.235356,207.182833,6.642403,1.586070,0.542015,1.617820
antarctic,total-region,2022-12,296.133312,205.416811,15.979503,223.892229,219.794211,73.844633,1.586070,0.542015,1.617820
antarctic,total-region,2023-01,260.285688,205.632575,7.383889,183.978568,221.897509,67.426093,1.586070,0.542015,1.617820
antarctic,total-region,2023-02,181.532895,199.109335,-50.524715,123.660481,216.250177,-9.792566,1.586070,0.542015,1.617820
antarctic,total-region,2023-03,95.444992,188.540750,-113.053693,60.636434,206.185481,-95.888700,1.586070,0.542015,1.617820
antarctic,total-region,2023-04,33.647957,179.206195,-152.778222,21.034098,196.853293,-157.811797,1.586070,0.542015,1.617820
antarctic,total-region,2023-05,8.834673,168.706233,-162.964325,5.623927,186.685034,-177.731880,1.586070,0.542015,1.617820
antarctic,total-region,2023-06,3.378912,165.905463,-164.942602,1.858767,184.397587,-181.913231,1.586070,0.542015,1.617820
antarctic,total-region,2023-07,5.372234,162.189869,-159.262671,4.193465,182.356374,-178.250793,1.586070,0.542015,1.617820
antarctic,total-region,2023-08,22.915736,160.018013,-146.188140,18.639891,180.472176,-162.368496,1.586070,0.542015,1.617820
antarctic,total-region,2023-09,75.227494,168.143197,-124.829032,58.724793,188.408122,-128.591676,1.586070,0.542015,1.617820
antarctic,total-region,2023-10,168.019861,178.761510,-82.495902,136.317025,196.257526,-68.290127,1.586070,0.542015,1.617820
antarctic,total-region,2023-11,260.582120,193.214036,-26.719295,212.716332,208.331059,6.027836,1.586070,0.542015,1.617820
antarctic,total-region,2023-12,298.849109,204.652476,14.040077,225.967856,219.251245,72.324155,1.586070,0.542015,1.617820
antarctic,total-region,2024-01,264.016774,206.240325,4.051470,188.560878,221.699277,64.049502,1.586070,0.542015,1.617820
antarctic,total-region,2024-02,184.469290,198.287970,-54.188180,123.719773,215.097962,-10.249905,1.586070,0.542015,1.617820
antarctic,total-region,2024-03,94.308397,188.084459,-115.074905,59.019128,205.598847,-97.300349,1.586070,0.542015,1.617820
antarctic,total-region,2024-04,33.312195,175.272216,-150.357336,20.487373,193.220031,-155.479441,1.586070,0.542015,1.617820
antarctic,total-region,2024-05,8.439134,170.656509,-165.064057,5.803500,188.292066,-180.063857,1.586070,0.542015,1.617820
antarctic,total-region,2024-06,3.371884,165.060428,-164.134848,1.852663,183.315817,-180.871628,1.586070,0.542015,1.617820
antarctic,total-region,2024-07,5.533764,163.293154,-160.229929,4.478040,183.087406,-178.967946,1.586070,0.542015,1.617820
antarctic,total-region,2024-08,23.552474,165.465291,-151.015445,18.587585,185.051051,-165.636446,1.586070,0.542015,1.617820
antarctic,total-region,2024-09,77.738087,167.652915,-123.896759,61.097400,186.456438,-126.059038,1.586070,0.542015,1.617820
antarctic,total-region,2024-10,169.868508,180.968050,-82.488463,139.120034,198.008598,-68.780217,1.586070,0.542015,1.617820
antarctic,total-region,2024-11,262.100275,193.797859,-25.344610,215.481720,208.882226,6.190251,1.586070,0.542015,1.617820
antarctic,total-region,2024-12,298.246649,207.322204,12.660095,231.603022,221.063306,65.563292,1.586070,0.542015,1.617820
antarctic,total-region,2025-01,258.069031,210.064240,3.438753,187.174908,224.426802,59.967951,1.586070,0.542015,1.617820
antarctic,total-region,2025-02,180.451127,200.447017,-53.702915,122.562492,216.567751,-11.935381,1.586070,0.542015,1.617820
antarctic,total-region,2025-03,93.011743,187.841267,-112.359085,59.578861,204.816780,-95.903569,1.586070,0.542015,1.617820
antarctic,total-region,2025-04,33.170477,177.636448,-151.998250,20.289661,195.387730,-156.869178,1.586070,0.542015,1.617820
antarctic,total-region,2025-05,8.396376,170.347024,-164.540625,5.892352,188.264272,-179.953362,1.586070,0.542015,1.617820
antarctic,total-region,2025-06,3.392245,165.110468,-164.191751,1.873709,183.827287,-181.389820,1.586070,0.542015,1.617820
antarctic,total-region,2025-07,5.606314,160.128168,-157.231540,4.595824,180.284407,-176.377121,1.586070,0.542015,1.617820
antarctic,total-region,2025-08,23.723540,161.249139,-147.373521,20.156482,181.787899,-164.344301,1.586070,0.542015,1.617820
antarctic,total-region,2025-09,76.345266,171.595999,-127.448432,62.414673,190.643419,-132.564982,1.586070,0.542015,1.617820
antarctic,total-region,2025-10,168.402091,183.522836,-84.929318,138.310152,200.291516,-71.606102,1.586070,0.542015,1.617820
antarctic,total-region,2025-11,260.058798,198.452006,-29.115502,215.501501,211.705404,2.187516,1.586070,0.542015,1.617820
antarctic,total-region,2025-12,294.296415,209.537075,13.955952,229.576877,221.907947,66.304869,1.586070,0.542015,1.617820
antarctic,total-region,2026-01,260.719098,209.479534,2.062508,187.704914,224.222010,60.335157,1.586070,0.542015,1.617820
antarctic,total-region,2026-02,180.931956,201.744572,-54.231912,126.111838,217.418926,-15.084391,1.586070,0.542015,1.617820
antarctic,total-region,2026-03,94.671912,189.799331,-114.917266,60.437395,207.085673,-97.968761,1.586070,0.542015,1.617820
antarctic,total-region,2026-04,33.656204,178.025497,-152.305289,20.259122,195.067680,-155.950341,1.586070,0.542015,1.617820
antarctic,total-region,2026-05,8.678693,170.083418,-164.384742,6.224573,188.090467,-179.938149,1.586070,0.542015,1.617820
arctic,cloud-free-area,2000-03,77.034888,185.925287,-128.788892,68.470443,196.605815,-130.904827,1.615465,0.685481,1.618138
arctic,cloud-free-area,2000-04,153.620836,198.329637,-73.664112,134.614241,209.743544,-66.071005,1.615465,0.685481,1.618138
arctic,cloud-free-area,2000-05,220.952245,214.123152,-16.239120,184.679971,227.063530,7.096347,1.615465,0.685481,1.618138
arctic,cloud-free-area,2000-06,225.145532,227.456779,34.844763,163.169449,245.388645,78.885155,1.615465,0.685481,1.618138
arctic,cloud-free-area,2000-07,190.183919,234.251173,25.400669,115.400203,254.960543,79.475224,1.615465,0.685481,1.618138
arctic,cloud-free-area,2000-08,144.016911,225.666744,-45.027692,76.800313,247.459620,0.397646,1.615465,0.685481,1.618138
arctic,cloud-free-area,2000-09,86.066977,210.544275,-119.944646,48.847460,232.613384,-104.792254,1.615465,0.685481,1.618138
arctic,cloud-free-area,2000-10,36.225775,197.857032,-167.302790,23.347340,214.741279,-171.308901,1.615465,0.685481,1.618138
arctic,cloud-free-area,2000-11,9.735200,186.525048,-179.917072,6.638721,198.451493,-188.747260,1.615465,0.685481,1.618138
arctic,cloud-free-area,2000-12,3.070282,181.330136,-179.704400,2.359144,190.869227,-188.534125,1.615465,0.685481,1.618138
arctic,cloud-free-area,2001-01,6.322640,174.576190,-170.663428,4.887666,185.570077,-180.222691,1.615465,0.685481,1.618138
arctic,cloud-free-area,2001-02,25.226664,181.517146,-162.950101,21.672924,190.547247,-168.427765,1.615465,0.685481,1.618138
arctic,cloud-free-area,2001-03,74.937445,184.255187,-126.008482,67.535982,193.671801,-128.024348,1.615465,0.685481,1.618138
arctic,cloud-free-area,2001-04,153.877481,194.763108,-71.610372,137.268673,206.660962,-66.896382,1.615465,0.685481,1.618138
arctic,cloud-free-area,2001-05,221.715196,213.461609,-17.137203,180.562596,226.900533,10.575628,1.615465,0.685481,1.618138
arctic,cloud-free-area,2001-06,227.507796,227.087826,32.770331,170.636042,243.305869,73.423525,1.615465,0.685481,1.618138
arctic,cloud-free-area,2001-07,189.968239,235.523958,25.166892,116.874483,256.718919,77.068262,1.615465,0.685481,1.618138
arctic,cloud-free-area,2001-08,144.170260,227.729039,-46.164961,80.922688,249.897683,-5.085350,1.615465,0.685481,1.618138
arctic,cloud-free-area,2001-09,83.321300,214.505585,-120.103525,48.691674,234.910596,-105.880896,1.615465,0.685481,1.618138
arctic,cloud-free-area,2001-10,36.837454,196.820179,-166.252711,23.661120,213.973208,-170.231409,1.615465,0.685481,1.618138
arctic,cloud-free-area,2001-11,9.915079,185.237728,-178.612194,6.837246,199.681722,-189.976105,1.615465,0.685481,1.618138
arctic,cloud-free-area,2001-12,3.059949,181.515059,-179.863082,2.444894,193.510037,-191.242601,1.615465,0.685481,1.618138
arctic,cloud-free-area,2002-01,6.266311,177.266427,-173.418401,5.213847,188.396182,-183.492410,1.615465,0.685481,1.618138
arctic,cloud-free-area,2002-02,25.781703,175.265531,-157.716128,20.968418,185.859796,-163.500717,1.615465,0.685481,1.618138
arctic,cloud-free-area,2002-03,75.845337,186.325047,-129.876844,60.509697,197.169628,-125.387512,1.615465,0.685481,1.618138
arctic,cloud-free-area,2002-04,152.789707,196.827419,-73.748830,137.190108,207.784564,-69.106383,1.615465,0.685481,1.618138
arctic,cloud-free-area,2002-05,220.066043,215.967917,-18.915807,180.668293,229.151364,7.299344,1.615465,0.685481,1.618138
arctic,cloud-free-area,2002-06,220.343650,231.003511,35.951598,158.003775,248.160371,81.129756,1.615465,0.685481,1.618138
arctic,cloud-free-area,2002-07,194.857957,233.816405,22.462329,117.890945,255.263008,77.985466,1.615465,0.685481,1.618138
arctic,cloud-free-area,2002-08,144.180432,228.185537,-45.532484,78.800358,248.255279,-0.222004,1.615465,0.685481,1.618138
arctic,cloud-free-area,2002-09,85.323397,212.878336,-119.373654,47.808076,233.961954,-102.939962,1.615465,0.685481,1.618138
arctic,cloud-free-area,2002-10,36.569675,200.632831,-169.181300,23.294721,217.545856,-172.820147,1.615465,0.685481,1.618138
arctic,cloud-free-area,2002-11,9.731288,187.583281,-180.567252,6.584773,200.570292,-190.407935,1.615465,0.685481,1.618138
arctic,cloud-free-area,2002-12,3.223918,180.518957,-179.011267,2.329300,192.550398,-190.150423,1.615465,0.685481,1.618138
arctic,cloud-free-area,2003-01,6.055115,179.164205,-175.228023,4.693541,190.694848,-185.398802,1.615465,0.685481,1.618138
arctic,cloud-free-area,2003-02,24.930760,177.146983,-159.239087,20.845167,187.993615,-165.998937,1.615465,0.685481,1.618138
arctic,cloud-free-area,2003-03,74.870926,184.668201,-128.302494,66.972360,196.606223,-132.341252,1.615465,0.685481,1.618138
arctic,cloud-free-area,2003-04,152.717294,200.214444,-78.380789,134.014499,211.584957,-71.048242,1.615465,0.685481,1.618138
arctic,cloud-free-area,2003-05,218.361420,215.651079,-17.934453,178.462199,229.734414,7.880582,1.615465,0.685481,1.618138
arctic,cloud-free-area,2003-06,225.684747,229.159227,32.032311,156.187371,246.708977,83.976016,1.615465,0.685481,1.618138
arctic,cloud-free-area,2003-07,186.718041,236.439284,28.607956,115.861737,256.698157,79.210696,1.615465,0.685481,1.618138
arctic,cloud-free-area,2003-08,143.337137,228.700970,-44.058508,80.772243,250.389095,-3.179651,1.615465,0.685481,1.618138
arctic,cloud-free-area,2003-09,83.459069,214.669854,-118.206401,47.250379,236.089483,-103.419366,1.615465,0.685481,1.618138
arctic,cloud-free-area,2003-10,35.493354,200.524277,-167.388447,21.512787,218.540410,-171.421612,1.615465,0.685481,1.618138
arctic,cloud-free-area,2003-11,9.923924,185.965864,-178.935880,6.557935,199.478201,-189.083323,1.615465,0.685481,1.618138
arctic,cloud-free-area,2003-12,3.306045,179.785866,-178.342274,2.297852,192.766786,-190.315623,1.615465,0.685481,1.618138
arctic,cloud-free-area,2004-01,5.940589,179.905804,-175.979847,4.751924,189.795555,-184.680347,1.615465,0.685481,1.618138
arctic,cloud-free-area,2004-02,25.172340,177.865796,-159.554841,21.071401,187.597389,-165.182307,1.615465,0.685481,1.618138
arctic,cloud-free-area,2004-03,76.764201,182.392007,-124.875591,66.125444,192.804900,-124.648142,1.615465,0.685481,1.618138
arctic,cloud-free-area,2004-04,154.037293,198.438681,-74.090329,134.095313,209.522035,-65.232059,1.615465,0.685481,1.618138
arctic,cloud-free-area,2004-05,223.124469,215.760110,-20.030569,183.639715,228.539480,6.674433,1.615465,0.685481,1.618138
arctic,cloud-free-area,2004-06,225.090517,230.164602,32.032306,162.854140,246.567704,77.863006,1.615465,0.685481,1.618138
arctic,cloud-free-area,2004-07,189.163282,235.338452,24.960817,119.045506,255.417650,75.000062,1.615465,0.685481,1.618138
arctic,cloud-free-area,2004-08,142.457988,228.331620,-46.573005,80.619977,248.943799,-5.347798,1.615465,0.685481,1.618138
arctic,cloud-free-area,2004-09,84.232959,212.298572,-120.065539,48.018098,233.290881,-104.841651,1.615465,0.685481,1.618138
arctic,cloud-free-area,2004-10,37.352441,195.152343,-165.847109,18.724018,211.566253,-163.634750,1.615465,0.685481,1.618138
arctic,cloud-free-area,2004-11,9.725125,185.176926,-178.596071,6.658154,199.362821,-189.715223,1.615465,0.685481,1.618138
arctic,cloud-free-area,2004-12,3.253086,173.837948,-172.398547,2.249910,186.817826,-184.375966,1.615465,0.685481,1.618138
arctic,cloud-free-area,2005-01,6.316799,175.493753,-171.566729,4.897074,189.508946,-184.161512,1.615465,0.685481,1.618138
arctic,cloud-free-area,2005-02,25.266337,178.685701,-160.128464,21.888184,190.657787,-168.721108,1.615465,0.685481,1.618138
arctic,cloud-free-area,2005-03,75.702897,186.974206,-129.396046,65.051363,198.085701,-129.852908,1.615465,0.685481,1.618138
arctic,cloud-free-area,2005-04,152.860049,201.069799,-76.836071,134.934100,212.266374,-70.105915,1.615465,0.685481,1.618138
arctic,cloud-free-area,2005-05,213.630197,218.086246,-13.833625,177.523941,231.315300,9.040690,1.615465,0.685481,1.618138
arctic,cloud-free-area,2005-06,217.469739,231.170804,38.439696,156.661131,247.832260,82.580892,1.615465,0.685481,1.618138
arctic,cloud-free-area,2005-07,191.425164,233.930167,24.838947,113.556127,255.209578,81.433748,1.615465,0.685481,1.618138
arctic,cloud-free-area,2005-08,143.461109,227.303641,-45.358671,80.601964,249.409761,-4.604752,1.615465,0.685481,1.618138
arctic,cloud-free-area,2005-09,81.990992,213.258363,-117.738257,46.714417,235.066776,-104.271716,1.615465,0.685481,1.618138
arctic,cloud-free-area,2005-10,36.072433,198.665295,-167.457963,21.812088,217.544770,-172.075775,1.615465,0.685481,1.618138
arctic,cloud-free-area,2005-11,9.857974,187.722412,-181.070215,6.621713,202.152149,-192.262716,1.615465,0.685481,1.618138
arctic,cloud-free-area,2005-12,3.253123,182.348101,-180.893036,2.268729,194.077112,-191.638822,1.615465,0.685481,1.618138
arctic,cloud-free-area,2006-01,6.076960,180.479567,-176.435817,5.024119,190.860549,-185.762325,1.615465,0.685481,1.618138
arctic,cloud-free-area,2006-02,24.965949,180.757144,-162.376916,21.190981,192.220969,-170.064851,1.615465,0.685481,1.618138
arctic,cloud-free-area,2006-03,73.983738,185.270635,-126.954279,65.713778,196.101222,-129.516434,1.615465,0.685481,1.618138
arctic,cloud-free-area,2006-04,152.604360,196.777784,-73.507300,133.854680,208.409786,-66.394173,1.615465,0.685481,1.618138
arctic,cloud-free-area,2006-05,215.440065,216.094192,-14.473681,176.622111,229.511860,10.927186,1.615465,0.685481,1.618138
arctic,cloud-free-area,2006-06,221.874443,228.884931,36.245387,153.383783,246.496582,87.123724,1.615465,0.685481,1.618138
arctic,cloud-free-area,2006-07,192.019483,234.587959,24.274053,116.370659,255.060944,79.451353,1.615465,0.685481,1.618138
arctic,cloud-free-area,2006-08,143.264810,227.942484,-44.699538,80.390373,248.908431,-2.787723,1.615465,0.685481,1.618138
arctic,cloud-free-area,2006-09,83.142913,215.634799,-120.177899,46.600611,236.880128,-104.879864,1.615465,0.685481,1.618138
arctic,cloud-free-area,2006-10,35.745751,199.160086,-166.998349,22.109748,216.625982,-170.826357,1.615465,0.685481,1.618138
arctic,cloud-free-area,2006-11,9.878429,185.273543,-178.438407,6.844650,199.872076,-189.999731,1.615465,0.685481,1.618138
arctic,cloud-free-area,2006-12,3.290545,179.272975,-177.837379,2.286940,192.576617,-190.138717,1.615465,0.685481,1.618138
arctic,cloud-free-area,2007-01,6.156578,176.251569,-172.410014,4.751185,189.185281,-183.938322,1.615465,0.685481,1.618138
arctic,cloud-free-area,2007-02,24.389992,180.277021,-161.796501,21.158673,190.478606,-168.769521,1.615465,0.685481,1.618138
arctic,cloud-free-area,2007-03,74.574942,185.056915,-128.299152,65.112200,196.508317,-130.288546,1.615465,0.685481,1.618138
arctic,cloud-free-area,2007-04,151.039065,202.412387,-78.825460,129.401132,215.221185,-69.995759,1.615465,0.685481,1.618138
arctic,cloud-free-area,2007-05,218.348273,214.854614,-17.153270,178.915557,228.337148,8.796282,1.615465,0.685481,1.618138
arctic,cloud-free-area,2007-06,218.328912,231.116679,37.355627,150.924837,247.348608,88.525632,1.615465,0.685481,1.618138
arctic,cloud-free-area,2007-07,185.579322,236.631657,29.294215,110.148198,256.436976,84.924224,1.615465,0.685481,1.618138
arctic,cloud-free-area,2007-08,140.321261,228.738859,-41.382754,76.242734,250.474386,0.959088,1.615465,0.685481,1.618138
arctic,cloud-free-area,2007-09,83.894854,212.961506,-117.195246,45.776883,234.774587,-100.891540,1.615465,0.685481,1.618138
arctic,cloud-free-area,2007-10,36.532397,199.694978,-167.690058,22.762186,218.826787,-173.051207,1.615465,0.685481,1.618138
arctic,cloud-free-area,2007-11,9.992981,186.109730,-179.178828,6.720209,201.273522,-191.070136,1.615465,0.685481,1.618138
arctic,cloud-free-area,2007-12,3.319020,178.486667,-177.060080,2.299207,191.929036,-189.482135,1.615465,0.685481,1.618138
arctic,cloud-free-area,2008-01,6.084079,174.555123,-170.761538,4.670550,186.700927,-181.492469,1.615465,0.685481,1.618138
arctic,cloud-free-area,2008-02,25.471094,179.088618,-161.027303,21.698388,190.619853,-168.782673,1.615465,0.685481,1.618138
arctic,cloud-free-area,2008-03,75.844734,186.232853,-127.711720,66.903994,196.968572,-129.506002,1.615465,0.685481,1.618138
arctic,cloud-free-area,2008-04,154.244456,198.460110,-74.245231,135.266420,209.732392,-66.539813,1.615465,0.685481,1.618138
arctic,cloud-free-area,2008-05,215.766669,216.930770,-13.811039,178.425978,229.766594,10.693378,1.615465,0.685481,1.618138
arctic,cloud-free-area,2008-06,221.469345,228.460526,37.247461,154.978620,246.301058,85.892783,1.615465,0.685481,1.618138
arctic,cloud-free-area,2008-07,187.769668,234.211963,27.347532,113.279521,254.901425,81.149696,1.615465,0.685481,1.618138
arctic,cloud-free-area,2008-08,139.993672,228.297991,-44.298734,76.874263,249.471511,-2.351808,1.615465,0.685481,1.618138
arctic,cloud-free-area,2008-09,81.419719,215.372011,-120.545952,47.940384,234.551279,-106.248115,1.615465,0.685481,1.618138
arctic,cloud-free-area,2008-10,35.445635,196.941614,-165.838725,22.160088,215.810722,-171.423521,1.615465,0.685481,1.618138
arctic,cloud-free-area,2008-11,9.645781,186.297844,-179.663546,6.647108,199.632537,-189.997958,1.615465,0.685481,1.618138
arctic,cloud-free-area,2008-12,3.329428,178.441548,-177.080963,2.311592,191.331831,-188.954485,1.615465,0.685481,1.618138
arctic,cloud-free-area,2009-01,6.244589,178.148803,-174.133537,4.867089,190.345099,-184.951692,1.615465,0.685481,1.618138
arctic,cloud-free-area,2009-02,25.398749,181.960157,-163.483040,20.862184,190.458138,-167.445232,1.615465,0.685481,1.618138
arctic,cloud-free-area,2009-03,75.776163,183.054737,-125.442367,67.481875,193.420426,-127.514122,1.615465,0.685481,1.618138
arctic,cloud-free-area,2009-04,154.124311,196.275389,-73.176999,134.470251,208.566803,-65.813925,1.615465,0.685481,1.618138
arctic,cloud-free-area,2009-05,220.149108,214.781032,-16.934424,180.654685,228.476627,8.865338,1.615465,0.685481,1.618138
arctic,cloud-free-area,2009-06,222.381252,229.322958,35.379409,157.280570,245.689449,84.107222,1.615465,0.685481,1.618138
arctic,cloud-free-area,2009-07,186.102831,235.728302,28.223036,114.671104,255.259703,80.130429,1.615465,0.685481,1.618138
arctic,cloud-free-area,2009-08,139.282863,227.560504,-41.662668,79.923990,248.988176,-3.728745,1.615465,0.685481,1.618138
arctic,cloud-free-area,2009-09,81.057149,214.969176,-118.687669,47.435865,235.832924,-105.928903,1.615465,0.685481,1.618138
arctic,cloud-free-area,2009-10,35.045002,199.536382,-167.400408,22.136393,216.447013,-171.402618,1.615465,0.685481,1.618138
arctic,cloud-free-area,2009-11,9.684094,188.081128,-181.282973,6.577309,200.448491,-190.543251,1.615465,0.685481,1.618138
arctic,cloud-free-area,2009-12,3.192896,180.987658,-179.475134,2.208023,192.628467,-190.130935,1.615465,0.685481,1.618138
arctic,cloud-free-area,2010-01,6.078142,177.340443,-173.283197,4.500653,188.989397,-183.354131,1.615465,0.685481,1.618138
arctic,cloud-free-area,2010-02,24.553499,184.579875,-165.723957,20.849336,193.052498,-170.490207,1.615465,0.685481,1.618138
arctic,cloud-free-area,2010-03,74.480413,187.710287,-129.751979,66.746871,198.165761,-132.474581,1.615465,0.685481,1.618138
arctic,cloud-free-area,2010-04,150.744385,202.069958,-76.740019,131.587892,213.727971,-69.238913,1.615465,0.685481,1.618138
arctic,cloud-free-area,2010-05,212.737085,219.230023,-14.798955,170.802047,232.534864,13.829039,1.615465,0.685481,1.618138
arctic,cloud-free-area,2010-06,222.303622,228.755572,35.962883,149.159710,246.396926,91.461234,1.615465,0.685481,1.618138
arctic,cloud-free-area,2010-07,187.969577,235.163232,27.695788,112.558271,255.907447,82.362768,1.615465,0.685481,1.618138
arctic,cloud-free-area,2010-08,142.612804,228.134087,-44.345637,76.407686,249.763015,0.230028,1.615465,0.685481,1.618138
arctic,cloud-free-area,2010-09,82.655326,215.254834,-119.451419,45.398077,235.609354,-102.548727,1.615465,0.685481,1.618138
arctic,cloud-free-area,2010-10,35.992357,199.862337,-168.031554,22.138490,218.358791,-172.673301,1.615465,0.685481,1.618138
arctic,cloud-free-area,2010-11,9.834000,187.174862,-180.317072,6.053096,201.217170,-190.577661,1.615465,0.685481,1.618138
arctic,cloud-free-area,2010-12,3.210286,179.344625,-177.829698,2.281081,191.619737,-189.175410,1.615465,0.685481,1.618138
arctic,cloud-free-area,2011-01,6.051245,178.612194,-174.647948,4.659461,190.992167,-185.637097,1.615465,0.685481,1.618138
arctic,cloud-free-area,2011-02,25.093441,175.418197,-157.573888,20.707639,187.372702,-165.144787,1.615465,0.685481,1.618138
arctic,cloud-free-area,2011-03,74.752523,184.107941,-127.382456,63.845716,197.563085,-129.928384,1.615465,0.685481,1.618138
arctic,cloud-free-area,2011-04,152.155165,201.513177,-78.767175,130.181559,213.648265,-68.927026,1.615465,0.685481,1.618138
arctic,cloud-free-area,2011-05,213.093698,218.497545,-15.246020,174.442377,231.421256,10.478592,1.615465,0.685481,1.618138
arctic,cloud-free-area,2011-06,216.345504,231.026329,39.603492,148.046382,247.748540,91.174663,1.615465,0.685481,1.618138
arctic,cloud-free-area,2011-07,185.780233,235.063104,30.677194,111.721624,255.406236,84.396326,1.615465,0.685481,1.618138
arctic,cloud-free-area,2011-08,140.350317,228.488302,-41.283747,76.322479,249.610721,1.618886,1.615465,0.685481,1.618138
arctic,cloud-free-area,2011-09,83.347788,214.994122,-118.787877,44.983421,235.707438,-101.137409,1.615465,0.685481,1.618138
arctic,cloud-free-area,2011-10,36.419925,198.663813,-166.604278,22.293852,217.101418,-170.917571,1.615465,0.685481,1.618138
arctic,cloud-free-area,2011-11,9.912404,184.737077,-177.742722,6.661875,199.198014,-188.954648,1.615465,0.685481,1.618138
arctic,cloud-free-area,2011-12,3.311377,177.138863,-175.703696,2.369460,191.344971,-188.967897,1.615465,0.685481,1.618138
arctic,cloud-free-area,2012-01,5.944664,179.045845,-175.092646,4.789847,190.651125,-185.541519,1.615465,0.685481,1.618138
arctic,cloud-free-area,2012-02,24.967476,180.972607,-162.324536,21.662350,192.767453,-170.814146,1.615465,0.685481,1.618138
arctic,cloud-free-area,2012-03,75.461331,185.133036,-126.043699,66.959672,195.531979,-127.940706,1.615465,0.685481,1.618138
arctic,cloud-free-area,2012-04,153.352914,201.815176,-76.427175,132.726125,213.036678,-67.023237,1.615465,0.685481,1.618138
arctic,cloud-free-area,2012-05,215.221952,217.351315,-13.421077,173.516464,230.911431,14.723812,1.615465,0.685481,1.618138
arctic,cloud-free-area,2012-06,211.483266,232.513408,43.398049,143.344462,249.483758,94.563260,1.615465,0.685481,1.618138
arctic,cloud-free-area,2012-07,185.819811,234.966924,28.535102,108.407465,256.259538,84.660367,1.615465,0.685481,1.618138
arctic,cloud-free-area,2012-08,142.289412,225.985341,-44.277917,74.037412,248.912007,1.045991,1.615465,0.685481,1.618138
arctic,cloud-free-area,2012-09,79.856440,214.857651,-118.510766,43.039577,237.128656,-103.966180,1.615465,0.685481,1.618138
arctic,cloud-free-area,2012-10,34.407432,200.236087,-168.146481,20.618983,218.593123,-172.712729,1.615465,0.685481,1.618138
arctic,cloud-free-area,2012-11,9.516778,186.177930,-179.430254,6.380334,201.135288,-191.250958,1.615465,0.685481,1.618138
arctic,cloud-free-area,2012-12,3.217426,179.531355,-178.058711,2.305787,191.759912,-189.375416,1.615465,0.685481,1.618138
arctic,cloud-free-area,2013-01,6.205730,182.722053,-178.648977,4.959758,192.991290,-187.672153,1.615465,0.685481,1.618138
arctic,cloud-free-area,2013-02,25.631517,177.970885,-159.650192,21.384251,188.175304,-165.605440,1.615465,0.685481,1.618138
arctic,cloud-free-area,2013-03,73.910256,184.014054,-124.359001,67.376128,194.323320,-128.134237,1.615465,0.685481,1.618138
arctic,cloud-free-area,2013-04,152.556915,198.491814,-73.576245,133.709326,210.466373,-66.702717,1.615465,0.685481,1.618138
arctic,cloud-free-area,2013-05,216.657024,216.220792,-14.572512,176.772519,229.997812,11.534785,1.615465,0.685481,1.618138
arctic,cloud-free-area,2013-06,219.578724,230.820802,36.931240,153.289737,248.018046,86.019859,1.615465,0.685481,1.618138
arctic,cloud-free-area,2013-07,190.730105,234.624608,24.845700,113.486363,255.241318,81.473967,1.615465,0.685481,1.618138
arctic,cloud-free-area,2013-08,140.471321,228.051560,-43.332201,79.921906,250.251787,-4.983252,1.615465,0.685481,1.618138
arctic,cloud-free-area,2013-09,84.427266,213.988649,-121.119141,46.972079,234.616822,-104.292116,1.615465,0.685481,1.618138
arctic,cloud-free-area,2013-10,35.840157,198.854835,-167.567101,22.121640,216.979075,-171.971305,1.615465,0.685481,1.618138
arctic,cloud-free-area,2013-11,9.664223,184.383932,-177.583364,6.455284,199.977387,-189.970475,1.615465,0.685481,1.618138
arctic,cloud-free-area,2013-12,3.313713,178.191301,-176.796807,2.265127,191.947265,-189.503580,1.615465,0.685481,1.618138
arctic,cloud-free-area,2014-01,6.198343,177.398577,-173.441155,4.779711,189.649602,-184.274217,1.615465,0.685481,1.618138
arctic,cloud-free-area,2014-02,25.512537,180.971211,-163.006516,21.384054,192.796081,-170.703743,1.615465,0.685481,1.618138
arctic,cloud-free-area,2014-03,75.021468,188.597503,-130.971162,65.073952,201.381433,-133.805569,1.615465,0.685481,1.618138
arctic,cloud-free-area,2014-04,152.771588,200.765061,-77.180302,131.994064,213.622151,-69.260473,1.615465,0.685481,1.618138
arctic,cloud-free-area,2014-05,217.232017,216.074256,-15.844169,175.610795,230.317416,11.531682,1.615465,0.685481,1.618138
arctic,cloud-free-area,2014-06,224.969586,229.337418,32.914054,153.171530,246.668211,87.377587,1.615465,0.685481,1.618138
arctic,cloud-free-area,2014-07,192.660157,234.105155,24.082114,115.709327,254.856830,80.281554,1.615465,0.685481,1.618138
arctic,cloud-free-area,2014-08,139.227473,228.954113,-41.795508,79.489360,250.160983,-3.266881,1.615465,0.685481,1.618138
arctic,cloud-free-area,2014-09,83.756500,212.537086,-117.913906,46.493440,234.528483,-102.641553,1.615465,0.685481,1.618138
arctic,cloud-free-area,2014-10,36.810925,198.814981,-167.859165,22.937338,216.500439,-171.670730,1.615465,0.685481,1.618138
arctic,cloud-free-area,2014-11,9.786644,187.431233,-180.540898,6.668675,201.870452,-191.862458,1.615465,0.685481,1.618138
arctic,cloud-free-area,2014-12,3.311759,179.382998,-177.969101,2.278268,192.659299,-190.210582,1.615465,0.685481,1.618138
arctic,cloud-free-area,2015-01,6.135088,178.425079,-174.524741,4.607994,190.541631,-185.111080,1.615465,0.685481,1.618138
arctic,cloud-free-area,2015-02,25.252908,176.457426,-158.681923,20.114452,189.928580,-167.015007,1.615465,0.685481,1.618138
arctic,cloud-free-area,2015-03,74.329475,184.288900,-126.941875,65.183793,197.755223,-131.261054,1.615465,0.685481,1.618138
arctic,cloud-free-area,2015-04,151.859626,202.561889,-79.253783,129.512326,214.375562,-68.718530,1.615465,0.685481,1.618138
arctic,cloud-free-area,2015-05,213.858532,216.847783,-14.141493,174.912938,230.188296,11.466281,1.615465,0.685481,1.618138
arctic,cloud-free-area,2015-06,218.536693,229.961838,38.565197,149.076263,247.708034,90.273443,1.615465,0.685481,1.618138
arctic,cloud-free-area,2015-07,190.569248,234.187870,26.840729,110.731526,255.176871,85.695567,1.615465,0.685481,1.618138
arctic,cloud-free-area,2015-08,142.097223,226.425776,-41.053286,77.354442,248.412469,1.702171,1.615465,0.685481,1.618138
arctic,cloud-free-area,2015-09,82.256421,214.216235,-117.035775,44.593350,235.621670,-100.778621,1.615465,0.685481,1.618138
arctic,cloud-free-area,2015-10,36.101435,199.331439,-167.026059,22.617191,217.955428,-172.165834,1.615465,0.685481,1.618138
arctic,cloud-free-area,2015-11,9.866821,184.786972,-177.771392,6.884417,200.159737,-190.160765,1.615465,0.685481,1.618138
arctic,cloud-free-area,2015-12,3.311981,175.228215,-173.795037,2.333586,189.436930,-187.026638,1.615465,0.685481,1.618138
arctic,cloud-free-area,2016-01,6.003289,179.699408,-175.788602,4.654361,193.894014,-188.635358,1.615465,0.685481,1.618138
arctic,cloud-free-area,2016-02,25.490083,183.032355,-164.846369,20.708269,195.679435,-172.712086,1.615465,0.685481,1.618138
arctic,cloud-free-area,2016-03,75.249178,192.629211,-133.194206,66.515419,203.422365,-135.250650,1.615465,0.685481,1.618138
arctic,cloud-free-area,2016-04,149.884509,204.841639,-75.872125,128.630757,216.138691,-65.912743,1.615465,0.685481,1.618138
arctic,cloud-free-area,2016-05,212.858484,218.305162,-11.914968,166.168529,231.999524,21.078704,1.615465,0.685481,1.618138
arctic,cloud-free-area,2016-06,214.355472,230.745327,42.280706,144.220406,248.027100,95.132506,1.615465,0.685481,1.618138
arctic,cloud-free-area,2016-07,184.964916,235.362582,28.924418,109.784994,255.977185,83.493021,1.615465,0.685481,1.618138
arctic,cloud-free-area,2016-08,137.971199,228.060851,-42.275396,74.221707,250.599085,-1.061984,1.615465,0.685481,1.618138
arctic,cloud-free-area,2016-09,78.850792,217.016111,-119.862255,43.422600,238.121104,-105.540747,1.615465,0.685481,1.618138
arctic,cloud-free-area,2016-10,34.008813,202.762845,-170.363546,21.155973,220.361037,-175.110253,1.615465,0.685481,1.618138
arctic,cloud-free-area,2016-11,9.120334,190.778661,-183.662185,6.433120,204.811349,-195.008128,1.615465,0.685481,1.618138
arctic,cloud-free-area,2016-12,3.215858,179.517605,-178.046893,2.219294,192.962671,-190.497075,1.615465,0.685481,1.618138
arctic,cloud-free-area,2017-01,6.282796,177.197312,-173.186369,4.680755,191.059323,-185.446241,1.615465,0.685481,1.618138
arctic,cloud-free-area,2017-02,25.532618,182.401531,-163.926033,20.933077,194.339077,-171.264536,1.615465,0.685481,1.618138
arctic,cloud-free-area,2017-03,75.610402,189.018518,-130.965012,64.398620,201.126801,-131.861177,1.615465,0.685481,1.618138
arctic,cloud-free-area,2017-04,154.186304,200.691137,-77.254663,130.737021,213.020636,-66.133151,1.615465,0.685481,1.618138
arctic,cloud-free-area,2017-05,221.066546,215.172465,-17.911378,179.344664,228.838291,10.143658,1.615465,0.685481,1.618138
arctic,cloud-free-area,2017-06,222.514292,228.498451,36.198726,154.358322,245.846594,87.004690,1.615465,0.685481,1.618138
arctic,cloud-free-area,2017-07,188.816225,233.056465,28.017609,111.914797,253.695167,84.280069,1.615465,0.685481,1.618138
arctic,cloud-free-area,2017-08,141.531349,227.293564,-43.944935,77.329788,249.132370,-1.579728,1.615465,0.685481,1.618138
arctic,cloud-free-area,2017-09,82.824714,215.129604,-120.915005,45.128831,235.800330,-103.890028,1.615465,0.685481,1.618138
arctic,cloud-free-area,2017-10,35.945390,199.498044,-168.408765,22.075290,217.908462,-172.948245,1.615465,0.685481,1.618138
arctic,cloud-free-area,2017-11,9.711392,186.478435,-179.750945,6.615916,202.151169,-192.326680,1.615465,0.685481,1.618138
arctic,cloud-free-area,2017-12,3.290844,182.327321,-180.913419,2.305306,195.520819,-193.120350,1.615465,0.685481,1.618138
arctic,cloud-free-area,2018-01,6.167406,178.546260,-174.546212,4.729064,191.063145,-185.624478,1.615465,0.685481,1.618138
arctic,cloud-free-area,2018-02,25.057630,184.364685,-165.898810,20.740455,196.118258,-173.335059,1.615465,0.685481,1.618138
arctic,cloud-free-area,2018-03,74.645453,185.469186,-127.431793,66.304755,196.402087,-130.024611,1.615465,0.685481,1.618138
arctic,cloud-free-area,2018-04,151.201447,201.447284,-76.270114,131.903336,212.895618,-68.421191,1.615465,0.685481,1.618138
arctic,cloud-free-area,2018-05,220.355919,214.727109,-17.679772,181.069796,228.669033,7.662878,1.615465,0.685481,1.618138
arctic,cloud-free-area,2018-06,222.245922,229.713637,35.091290,153.374565,246.903751,86.771308,1.615465,0.685481,1.618138
arctic,cloud-free-area,2018-07,191.363503,233.909023,25.318008,114.305612,254.297500,81.984052,1.615465,0.685481,1.618138
arctic,cloud-free-area,2018-08,144.089310,226.390603,-44.440358,79.087439,248.750492,-1.799428,1.615465,0.685481,1.618138
arctic,cloud-free-area,2018-09,81.290457,214.339684,-117.486535,47.055249,235.500369,-104.412588,1.615465,0.685481,1.618138
arctic,cloud-free-area,2018-10,34.890272,201.835096,-169.066075,21.866377,220.053813,-174.259913,1.615465,0.685481,1.618138
arctic,cloud-free-area,2018-11,9.659802,187.443133,-180.459690,6.530553,201.190829,-191.078869,1.615465,0.685481,1.618138
arctic,cloud-free-area,2018-12,3.261905,181.806689,-180.346178,2.267725,194.168754,-191.713335,1.615465,0.685481,1.618138
arctic,cloud-free-area,2019-01,6.075300,179.396911,-175.424199,4.941229,189.948013,-184.840417,1.615465,0.685481,1.618138
arctic,cloud-free-area,2019-02,25.016380,177.972281,-159.931620,20.108260,190.854887,-167.905176,1.615465,0.685481,1.618138
arctic,cloud-free-area,2019-03,74.243425,184.926942,-127.454530,61.455876,198.495248,-128.231585,1.615465,0.685481,1.618138
arctic,cloud-free-area,2019-04,150.652578,201.087303,-76.607604,129.554456,213.664200,-68.084789,1.615465,0.685481,1.618138
arctic,cloud-free-area,2019-05,214.833051,219.035678,-17.416477,173.176973,232.433535,10.837357,1.615465,0.685481,1.618138
arctic,cloud-free-area,2019-06,214.108027,231.491527,41.266998,144.046513,248.336743,94.478215,1.615465,0.685481,1.618138
arctic,cloud-free-area,2019-07,187.596650,235.134171,28.498630,110.682355,255.585978,84.965349,1.615465,0.685481,1.618138
arctic,cloud-free-area,2019-08,139.396767,229.185843,-41.415114,78.939935,250.290596,-2.062502,1.615465,0.685481,1.618138
arctic,cloud-free-area,2019-09,80.993827,215.513488,-117.287486,46.046808,236.310318,-103.138015,1.615465,0.685481,1.618138
arctic,cloud-free-area,2019-10,36.087784,199.818063,-167.613107,22.359534,218.379860,-172.445832,1.615465,0.685481,1.618138
arctic,cloud-free-area,2019-11,9.717487,187.516334,-180.382689,6.779448,201.531655,-191.460689,1.615465,0.685481,1.618138
arctic,cloud-free-area,2019-12,3.273153,180.549229,-179.080226,2.225263,192.774868,-190.258915,1.615465,0.685481,1.618138
arctic,cloud-free-area,2020-01,6.044074,175.597394,-171.717124,4.671959,188.165106,-182.909274,1.615465,0.685481,1.618138
arctic,cloud-free-area,2020-02,25.723822,176.292524,-158.296208,21.489065,189.009192,-166.780251,1.615465,0.685481,1.618138
arctic,cloud-free-area,2020-03,78.565050,179.607886,-123.401948,66.396939,194.357973,-125.984248,1.615465,0.685481,1.618138
arctic,cloud-free-area,2020-04,155.610987,199.716910,-76.346563,131.633023,214.044684,-66.700042,1.615465,0.685481,1.618138
arctic,cloud-free-area,2020-05,215.009097,219.081284,-14.791483,172.372862,232.787770,14.139419,1.615465,0.685481,1.618138
arctic,cloud-free-area,2020-06,215.577867,231.828693,39.882072,143.566116,248.437403,95.283215,1.615465,0.685481,1.618138
arctic,cloud-free-area,2020-07,187.180576,235.376055,26.513237,108.418179,255.871499,84.782607,1.615465,0.685481,1.618138
arctic,cloud-free-area,2020-08,136.581611,230.117654,-43.151541,74.493229,250.767900,-1.713921,1.615465,0.685481,1.618138
arctic,cloud-free-area,2020-09,79.939668,215.230108,-119.340766,43.148949,236.253733,-103.574074,1.615465,0.685481,1.618138
arctic,cloud-free-area,2020-10,34.600772,201.629723,-169.912150,20.580855,220.038080,-174.298674,1.615465,0.685481,1.618138
arctic,cloud-free-area,2020-11,9.499928,188.021449,-181.310131,6.364861,204.331231,-194.482785,1.615465,0.685481,1.618138
arctic,cloud-free-area,2020-12,3.271810,180.034806,-178.618611,2.230063,192.976365,-190.518474,1.615465,0.685481,1.618138
arctic,cloud-free-area,2021-01,6.168269,182.510605,-178.367764,4.849379,191.967525,-186.505370,1.615465,0.685481,1.618138
arctic,cloud-free-area,2021-02,25.045010,179.501870,-160.471212,21.080738,189.171840,-166.173910,1.615465,0.685481,1.618138
arctic,cloud-free-area,2021-03,76.546922,181.189921,-123.913940,66.797049,192.963990,-125.938563,1.615465,0.685481,1.618138
arctic,cloud-free-area,2021-04,153.674155,197.320249,-73.182572,131.024264,211.384597,-64.598239,1.615465,0.685481,1.618138
arctic,cloud-free-area,2021-05,215.379057,216.915269,-13.822543,172.654745,230.953055,14.865746,1.615465,0.685481,1.618138
arctic,cloud-free-area,2021-06,220.495809,229.548124,37.228136,147.235685,247.155131,92.879578,1.615465,0.685481,1.618138
arctic,cloud-free-area,2021-07,193.888844,233.622024,22.378202,113.788693,254.362015,81.736037,1.615465,0.685481,1.618138
arctic,cloud-free-area,2021-08,142.820663,227.639724,-45.671051,79.244307,249.692012,-4.146863,1.615465,0.685481,1.618138
arctic,cloud-free-area,2021-09,81.858974,212.910405,-117.823937,45.507697,234.166537,-102.727313,1.615465,0.685481,1.618138
arctic,cloud-free-area,2021-10,35.158148,199.455989,-167.653875,20.986249,218.634906,-172.659915,1.615465,0.685481,1.618138
arctic,cloud-free-area,2021-11,9.541500,185.930750,-179.053530,6.477069,200.081048,-190.139909,1.615465,0.685481,1.618138
arctic,cloud-free-area,2021-12,3.273093,178.265403,-176.832472,2.245107,189.935269,-187.477155,1.615465,0.685481,1.618138
arctic,cloud-free-area,2022-01,6.288653,175.003540,-171.103502,4.745719,188.393725,-182.947967,1.615465,0.685481,1.618138
arctic,cloud-free-area,2022-02,25.838863,175.596520,-157.814423,20.461505,188.265123,-165.108068,1.615465,0.685481,1.618138
arctic,cloud-free-area,2022-03,75.376312,187.673734,-130.143439,65.763337,199.965394,-132.819943,1.615465,0.685481,1.618138
arctic,cloud-free-area,2022-04,152.889506,202.389435,-78.516087,132.495095,213.468721,-69.203984,1.615465,0.685481,1.618138
arctic,cloud-free-area,2022-05,215.433375,216.294213,-13.863701,172.419648,230.187525,15.257925,1.615465,0.685481,1.618138
arctic,cloud-free-area,2022-06,218.207128,230.746773,38.507908,149.755712,247.507850,90.193549,1.615465,0.685481,1.618138
arctic,cloud-free-area,2022-07,189.699390,235.525442,25.564981,111.073353,255.919432,83.797556,1.615465,0.685481,1.618138
arctic,cloud-free-area,2022-08,141.495423,227.457766,-42.863866,76.416851,249.902734,-0.228503,1.615465,0.685481,1.618138
arctic,cloud-free-area,2022-09,84.017250,213.722134,-119.604710,44.826028,235.350683,-102.040818,1.615465,0.685481,1.618138
arctic,cloud-free-area,2022-10,35.874421,200.074116,-168.316474,21.304945,218.415114,-172.086796,1.615465,0.685481,1.618138
arctic,cloud-free-area,2022-11,9.632515,187.645973,-180.645884,6.911528,200.937455,-191.218144,1.615465,0.685481,1.618138
arctic,cloud-free-area,2022-12,3.254468,179.730225,-178.260623,2.472801,192.467500,-190.215326,1.615465,0.685481,1.618138
arctic,cloud-free-area,2023-01,6.231617,175.821432,-171.981149,5.196572,187.432132,-182.557990,1.615465,0.685481,1.618138
arctic,cloud-free-area,2023-02,25.151875,180.718649,-162.716299,21.334590,191.344615,-169.525187,1.615465,0.685481,1.618138
arctic,cloud-free-area,2023-03,74.658138,187.057119,-129.712504,63.306305,198.827851,-130.130262,1.615465,0.685481,1.618138
arctic,cloud-free-area,2023-04,151.431505,200.450323,-76.243606,131.212714,211.658768,-67.232266,1.615465,0.685481,1.618138
arctic,cloud-free-area,2023-05,213.719643,216.248460,-13.017015,171.524739,230.695214,14.733923,1.615465,0.685481,1.618138
arctic,cloud-free-area,2023-06,220.865914,229.834482,36.706004,149.508201,246.696935,91.197735,1.615465,0.685481,1.618138
arctic,cloud-free-area,2023-07,185.718993,237.091108,28.652724,112.349400,256.570621,82.546654,1.615465,0.685481,1.618138
arctic,cloud-free-area,2023-08,137.324259,231.775168,-41.744659,77.449437,252.560254,-2.654981,1.615465,0.685481,1.618138
arctic,cloud-free-area,2023-09,81.772424,215.367847,-117.866401,46.146413,237.010269,-103.884568,1.615465,0.685481,1.618138
arctic,cloud-free-area,2023-10,35.293924,200.570579,-167.562116,20.678737,219.111894,-171.487252,1.615465,0.685481,1.618138
arctic,cloud-free-area,2023-11,9.850602,187.557639,-180.561984,7.107541,202.196638,-192.459319,1.615465,0.685481,1.618138
arctic,cloud-free-area,2023-12,3.220413,182.065511,-180.542026,2.535723,193.730071,-191.519621,1.615465,0.685481,1.618138
arctic,cloud-free-area,2024-01,5.997681,179.384422,-175.430692,5.308835,190.302769,-185.659629,1.615465,0.685481,1.618138
arctic,cloud-free-area,2024-02,25.198067,182.549914,-163.933341,21.522458,192.670286,-170.377419,1.615465,0.685481,1.618138
arctic,cloud-free-area,2024-03,76.171367,190.198708,-131.329361,66.566980,200.384451,-131.907912,1.615465,0.685481,1.618138
arctic,cloud-free-area,2024-04,155.448607,200.533267,-76.501658,132.299655,212.433960,-65.254662,1.615465,0.685481,1.618138
arctic,cloud-free-area,2024-05,218.463754,216.845727,-15.475814,176.492351,230.392561,12.943808,1.615465,0.685481,1.618138
arctic,cloud-free-area,2024-06,217.069411,231.139323,39.597570,147.475338,247.961226,92.371015,1.615465,0.685481,1.618138
arctic,cloud-free-area,2024-07,187.399080,235.063336,27.019568,110.563244,255.566493,83.354830,1.615465,0.685481,1.618138
arctic,cloud-free-area,2024-08,138.822197,228.809553,-44.041555,75.635351,250.322624,-2.364027,1.615465,0.685481,1.618138
arctic,cloud-free-area,2024-09,80.917762,215.530899,-120.525908,43.232937,236.848844,-104.159310,1.615465,0.685481,1.618138
arctic,cloud-free-area,2024-10,34.127645,200.190794,-168.029809,21.042133,219.264653,-174.017432,1.615465,0.685481,1.618138
arctic,cloud-free-area,2024-11,9.450891,187.267570,-180.516329,6.803592,202.385076,-192.984749,1.615465,0.685481,1.618138
arctic,cloud-free-area,2024-12,3.232115,180.279842,-178.821662,2.275861,193.767510,-191.353305,1.615465,0.685481,1.618138
arctic,cloud-free-area,2025-01,6.335587,175.632025,-171.630283,5.470972,187.898907,-183.031780,1.615465,0.685481,1.618138
arctic,cloud-free-area,2025-02,25.583128,181.127960,-162.536093,21.472385,193.960234,-171.255851,1.615465,0.685481,1.618138
arctic,cloud-free-area,2025-03,75.334535,191.664088,-132.902068,65.776306,202.891556,-134.571869,1.615465,0.685481,1.618138
arctic,cloud-free-area,2025-04,154.166518,202.927466,-78.835168,131.815735,214.717336,-68.274451,1.615465,0.685481,1.618138
arctic,cloud-free-area,2025-05,219.152324,217.517782,-17.749477,171.553797,231.369819,15.996196,1.615465,0.685481,1.618138
arctic,cloud-free-area,2025-06,223.293068,228.459765,35.933706,148.557398,245.661424,93.462860,1.615465,0.685481,1.618138
arctic,cloud-free-area,2025-07,187.750493,235.310475,27.100341,110.734150,255.777084,83.650333,1.615465,0.685481,1.618138
arctic,cloud-free-area,2025-08,136.128429,231.325510,-42.602430,75.779397,251.001154,-1.927950,1.615465,0.685481,1.618138
arctic,cloud-free-area,2025-09,79.612126,216.141814,-118.842970,44.436005,236.738486,-104.265446,1.615465,0.685481,1.618138
arctic,cloud-free-area,2025-10,34.910292,201.791319,-169.784453,20.789452,220.286906,-174.157912,1.615465,0.685481,1.618138
arctic,cloud-free-area,2025-11,9.397425,189.772588,-182.764638,6.715446,204.156037,-194.465453,1.615465,0.685481,1.618138
arctic,cloud-free-area,2025-12,3.210843,181.421315,-179.927794,2.374868,193.615821,-191.285803,1.615465,0.685481,1.618138
arctic,cloud-free-area,2026-01,6.023300,181.142059,-176.956412,5.605015,192.059392,-187.455573,1.615465,0.685481,1.618138
arctic,cloud-free-area,2026-02,24.959127,180.465922,-161.737386,21.558743,189.253471,-167.125715,1.615465,0.685481,1.618138
arctic,cloud-free-area,2026-03,74.620813,187.094967,-128.674275,63.024336,198.056389,-128.037717,1.615465,0.685481,1.618138
arctic,cloud-free-area,2026-04,152.026316,200.980567,-76.104590,130.394178,213.085214,-66.577986,1.615465,0.685481,1.618138
arctic,cloud-free-area,2026-05,219.298608,215.719746,-17.039283,169.520654,230.098496,18.360463,1.615465,0.685481,1.618138
arctic,total-region,2000-03,77.034888,185.925287,-128.788892,68.088287,198.365313,-132.283523,1.679024,0.807390,1.653365
arctic,total-region,2000-04,153.620836,198.329637,-73.664112,133.208634,210.970855,-65.892630,1.679024,0.807390,1.653365
arctic,total-region,2000-05,220.952245,214.123152,-16.239120,181.579054,227.869619,9.388579,1.679024,0.807390,1.653365
arctic,total-region,2000-06,225.145532,227.456779,34.844763,163.943563,243.748928,79.755745,1.679024,0.807390,1.653365
arctic,total-region,2000-07,190.183919,234.251173,25.400669,116.443952,252.245165,81.145413,1.679024,0.807390,1.653365
arctic,total-region,2000-08,144.016911,225.666744,-45.027692,77.525238,245.322536,1.808758,1.679024,0.807390,1.653365
arctic,total-region,2000-09,86.066977,210.544275,-119.944646,48.770989,231.399167,-103.503913,1.679024,0.807390,1.653365
arctic,total-region,2000-10,36.225775,197.857032,-167.302790,23.107254,216.963411,-173.291173,1.679024,0.807390,1.653365
arctic,total-region,2000-11,9.735200,186.525048,-179.917072,6.571002,201.321864,-191.549915,1.679024,0.807390,1.653365
arctic,total-region,2000-12,3.070282,181.330136,-179.704400,2.339245,193.470605,-191.114224,1.679024,0.807390,1.653365
arctic,total-region,2001-01,6.322640,174.576190,-170.663428,4.886235,188.700983,-183.351384,1.679024,0.807390,1.653365
arctic,total-region,2001-02,25.226664,181.517146,-162.950101,21.578838,193.667554,-171.453475,1.679024,0.807390,1.653365
arctic,total-region,2001-03,74.937445,184.255187,-126.008482,67.181928,196.477323,-130.475536,1.679024,0.807390,1.653365
arctic,total-region,2001-04,153.877481,194.763108,-71.610372,136.319588,208.613370,-67.902224,1.679024,0.807390,1.653365
arctic,total-region,2001-05,221.715196,213.461609,-17.137203,177.244408,227.845056,12.950067,1.679024,0.807390,1.653365
arctic,total-region,2001-06,227.507796,227.087826,32.770331,172.319390,241.881728,73.164855,1.679024,0.807390,1.653365
arctic,total-region,2001-07,189.968239,235.523958,25.166892,117.873236,253.948377,78.838933,1.679024,0.807390,1.653365
arctic,total-region,2001-08,144.170260,227.729039,-46.164961,82.165505,247.709554,-4.139777,1.679024,0.807390,1.653365
arctic,total-region,2001-09,83.321300,214.505585,-120.103525,48.926199,234.174996,-105.378291,1.679024,0.807390,1.653365
arctic,total-region,2001-10,36.837454,196.820179,-166.252711,23.282284,216.429043,-172.306738,1.679024,0.807390,1.653365
arctic,total-region,2001-11,9.915079,185.237728,-178.612194,6.716385,203.108871,-193.283515,1.679024,0.807390,1.653365
arctic,total-region,2001-12,3.059949,181.515059,-179.863082,2.429081,197.544898,-195.261472,1.679024,0.807390,1.653365
arctic,total-region,2002-01,6.266311,177.266427,-173.418401,5.198599,192.004743,-187.088243,1.679024,0.807390,1.653365
arctic,total-region,2002-02,25.781703,175.265531,-157.716128,20.850345,189.513971,-167.034540,1.679024,0.807390,1.653365
arctic,total-region,2002-03,75.845337,186.325047,-129.876844,60.212300,199.854149,-127.772915,1.679024,0.807390,1.653365
arctic,total-region,2002-04,152.789707,196.827419,-73.748830,135.524724,209.721427,-69.378015,1.679024,0.807390,1.653365
arctic,total-region,2002-05,220.066043,215.967917,-18.915807,177.989740,229.979371,9.150148,1.679024,0.807390,1.653365
arctic,total-region,2002-06,220.343650,231.003511,35.951598,160.090456,245.960084,81.248397,1.679024,0.807390,1.653365
arctic,total-region,2002-07,194.857957,233.816405,22.462329,119.978956,252.541097,78.617017,1.679024,0.807390,1.653365
arctic,total-region,2002-08,144.180432,228.185537,-45.532484,80.104421,245.673505,1.056471,1.679024,0.807390,1.653365
arctic,total-region,2002-09,85.323397,212.878336,-119.373654,47.825220,233.283756,-102.279942,1.679024,0.807390,1.653365
arctic,total-region,2002-10,36.569675,200.632831,-169.181300,22.550437,219.196098,-173.726127,1.679024,0.807390,1.653365
arctic,total-region,2002-11,9.731288,187.583281,-180.567252,6.471111,203.548959,-193.272596,1.679024,0.807390,1.653365
arctic,total-region,2002-12,3.223918,180.518957,-179.011267,2.325103,196.019547,-193.613323,1.679024,0.807390,1.653365
arctic,total-region,2003-01,6.055115,179.164205,-175.228023,4.666485,193.788110,-188.464857,1.679024,0.807390,1.653365
arctic,total-region,2003-02,24.930760,177.146983,-159.239087,20.730076,190.682051,-168.571909,1.679024,0.807390,1.653365
arctic,total-region,2003-03,74.870926,184.668201,-128.302494,66.833758,199.290604,-134.886969,1.679024,0.807390,1.653365
arctic,total-region,2003-04,152.717294,200.214444,-78.380789,132.103230,213.389777,-70.941602,1.679024,0.807390,1.653365
arctic,total-region,2003-05,218.361420,215.651079,-17.934453,175.386791,230.332252,10.359259,1.679024,0.807390,1.653365
arctic,total-region,2003-06,225.684747,229.159227,32.032311,160.735351,244.386170,81.753756,1.679024,0.807390,1.653365
arctic,total-region,2003-07,186.718041,236.439284,28.607956,117.873653,253.757088,80.135077,1.679024,0.807390,1.653365
arctic,total-region,2003-08,143.337137,228.700970,-44.058508,81.788767,248.269844,-2.079570,1.679024,0.807390,1.653365
arctic,total-region,2003-09,83.459069,214.669854,-118.206401,47.761497,234.396557,-102.235471,1.679024,0.807390,1.653365
arctic,total-region,2003-10,35.493354,200.524277,-167.388447,21.130675,219.931342,-172.432863,1.679024,0.807390,1.653365
arctic,total-region,2003-11,9.923924,185.965864,-178.935880,6.539281,202.724423,-192.310355,1.679024,0.807390,1.653365
arctic,total-region,2003-12,3.306045,179.785866,-178.342274,2.301509,196.148334,-193.700830,1.679024,0.807390,1.653365
arctic,total-region,2004-01,5.940589,179.905804,-175.979847,4.754479,192.945327,-187.833766,1.679024,0.807390,1.653365
arctic,total-region,2004-02,25.172340,177.865796,-159.554841,20.959413,190.401681,-167.877713,1.679024,0.807390,1.653365
arctic,total-region,2004-03,76.764201,182.392007,-124.875591,65.568140,196.111395,-127.398102,1.679024,0.807390,1.653365
arctic,total-region,2004-04,154.037293,198.438681,-74.090329,132.747968,211.237503,-65.600815,1.679024,0.807390,1.653365
arctic,total-region,2004-05,223.124469,215.760110,-20.030569,179.321341,229.765949,9.767380,1.679024,0.807390,1.653365
arctic,total-region,2004-06,225.090517,230.164602,32.032306,165.358332,244.503725,77.423368,1.679024,0.807390,1.653365
arctic,total-region,2004-07,189.163282,235.338452,24.960817,120.776200,252.771875,75.911234,1.679024,0.807390,1.653365
arctic,total-region,2004-08,142.457988,228.331620,-46.573005,81.392687,246.736546,-3.914839,1.679024,0.807390,1.653365
arctic,total-region,2004-09,84.232959,212.298572,-120.065539,48.580262,232.388931,-104.504075,1.679024,0.807390,1.653365
arctic,total-region,2004-10,37.352441,195.152343,-165.847109,17.625139,215.166983,-166.134998,1.679024,0.807390,1.653365
arctic,total-region,2004-11,9.725125,185.176926,-178.596071,6.580456,203.056812,-193.330806,1.679024,0.807390,1.653365
arctic,total-region,2004-12,3.253086,173.837948,-172.398547,2.242950,190.312869,-187.864185,1.679024,0.807390,1.653365
arctic,total-region,2005-01,6.316799,175.493753,-171.566729,4.879416,193.181335,-187.817239,1.679024,0.807390,1.653365
arctic,total-region,2005-02,25.266337,178.685701,-160.128464,21.806901,193.531046,-171.514272,1.679024,0.807390,1.653365
arctic,total-region,2005-03,75.702897,186.974206,-129.396046,64.742673,200.703876,-132.163812,1.679024,0.807390,1.653365
arctic,total-region,2005-04,152.860049,201.069799,-76.836071,133.909261,213.784047,-70.598498,1.679024,0.807390,1.653365
arctic,total-region,2005-05,213.630197,218.086246,-13.833625,174.429147,231.575176,11.879795,1.679024,0.807390,1.653365
arctic,total-region,2005-06,217.469739,231.170804,38.439696,156.797863,246.231779,84.051418,1.679024,0.807390,1.653365
arctic,total-region,2005-07,191.425164,233.930167,24.838947,115.168077,252.382252,82.646437,1.679024,0.807390,1.653365
arctic,total-region,2005-08,143.461109,227.303641,-45.358671,81.355991,246.719562,-2.669485,1.679024,0.807390,1.653365
arctic,total-region,2005-09,81.990992,213.258363,-117.738257,47.590009,233.368275,-103.447154,1.679024,0.807390,1.653365
arctic,total-region,2005-10,36.072433,198.665295,-167.457963,21.146971,219.095026,-172.961608,1.679024,0.807390,1.653365
arctic,total-region,2005-11,9.857974,187.722412,-181.070215,6.605578,205.482808,-195.577481,1.679024,0.807390,1.653365
arctic,total-region,2005-12,3.253123,182.348101,-180.893036,2.252431,196.609181,-194.153592,1.679024,0.807390,1.653365
arctic,total-region,2006-01,6.076960,180.479567,-176.435817,4.999686,195.105762,-189.984740,1.679024,0.807390,1.653365
arctic,total-region,2006-02,24.965949,180.757144,-162.376916,21.154225,196.015297,-173.823590,1.679024,0.807390,1.653365
arctic,total-region,2006-03,73.983738,185.270635,-126.954279,65.262747,198.136209,-131.098934,1.679024,0.807390,1.653365
arctic,total-region,2006-04,152.604360,196.777784,-73.507300,133.136798,209.999785,-67.261396,1.679024,0.807390,1.653365
arctic,total-region,2006-05,215.440065,216.094192,-14.473681,171.815107,230.817409,14.427800,1.679024,0.807390,1.653365
arctic,total-region,2006-06,221.874443,228.884931,36.245387,155.687034,244.685297,86.634111,1.679024,0.807390,1.653365
arctic,total-region,2006-07,192.019483,234.587959,24.274053,117.217175,252.094684,81.569519,1.679024,0.807390,1.653365
arctic,total-region,2006-08,143.264810,227.942484,-44.699538,81.400229,246.980423,-1.871547,1.679024,0.807390,1.653365
arctic,total-region,2006-09,83.142913,215.634799,-120.177899,47.231932,235.833469,-104.466570,1.679024,0.807390,1.653365
arctic,total-region,2006-10,35.745751,199.160086,-166.998349,21.695088,218.973282,-172.760741,1.679024,0.807390,1.653365
arctic,total-region,2006-11,9.878429,185.273543,-178.438407,6.753444,203.107176,-193.146815,1.679024,0.807390,1.653365
arctic,total-region,2006-12,3.290545,179.272975,-177.837379,2.269357,195.750937,-193.294369,1.679024,0.807390,1.653365
arctic,total-region,2007-01,6.156578,176.251569,-172.410014,4.730127,192.992627,-187.724933,1.679024,0.807390,1.653365
arctic,total-region,2007-02,24.389992,180.277021,-161.796501,21.084544,192.933737,-171.147684,1.679024,0.807390,1.653365
arctic,total-region,2007-03,74.574942,185.056915,-128.299152,64.804787,198.988664,-132.461534,1.679024,0.807390,1.653365
arctic,total-region,2007-04,151.039065,202.412387,-78.825460,127.897953,216.316949,-69.588272,1.679024,0.807390,1.653365
arctic,total-region,2007-05,218.348273,214.854614,-17.153270,176.365996,229.146074,10.537731,1.679024,0.807390,1.653365
arctic,total-region,2007-06,218.328912,231.116679,37.355627,154.615357,244.318461,87.867798,1.679024,0.807390,1.653365
arctic,total-region,2007-07,185.579322,236.631657,29.294215,112.273648,253.581757,85.650634,1.679024,0.807390,1.653365
arctic,total-region,2007-08,140.321261,228.738859,-41.382754,77.390531,248.330163,1.955733,1.679024,0.807390,1.653365
arctic,total-region,2007-09,83.894854,212.961506,-117.195246,46.325409,233.816528,-100.482971,1.679024,0.807390,1.653365
arctic,total-region,2007-10,36.532397,199.694978,-167.690058,22.431741,220.337376,-174.231376,1.679024,0.807390,1.653365
arctic,total-region,2007-11,9.992981,186.109730,-179.178828,6.660823,203.820970,-193.558269,1.679024,0.807390,1.653365
arctic,total-region,2007-12,3.319020,178.486667,-177.060080,2.290844,195.455472,-193.000769,1.679024,0.807390,1.653365
arctic,total-region,2008-01,6.084079,174.555123,-170.761538,4.649812,190.388040,-185.159409,1.679024,0.807390,1.653365
arctic,total-region,2008-02,25.471094,179.088618,-161.027303,21.640287,193.687907,-171.794830,1.679024,0.807390,1.653365
arctic,total-region,2008-03,75.844734,186.232853,-127.711720,66.818719,199.568851,-132.022096,1.679024,0.807390,1.653365
arctic,total-region,2008-04,154.244456,198.460110,-74.245231,133.271819,212.272621,-67.084150,1.679024,0.807390,1.653365
arctic,total-region,2008-05,215.766669,216.930770,-13.811039,175.041599,230.425871,13.418247,1.679024,0.807390,1.653365
arctic,total-region,2008-06,221.469345,228.460526,37.247461,158.066294,244.166263,84.944038,1.679024,0.807390,1.653365
arctic,total-region,2008-07,187.769668,234.211963,27.347532,114.803537,252.064968,82.461346,1.679024,0.807390,1.653365
arctic,total-region,2008-08,139.993672,228.297991,-44.298734,78.624291,247.125368,-1.756224,1.679024,0.807390,1.653365
arctic,total-region,2008-09,81.419719,215.372011,-120.545952,48.463266,233.124045,-105.343641,1.679024,0.807390,1.653365
arctic,total-region,2008-10,35.445635,196.941614,-165.838725,21.682815,218.273489,-173.407562,1.679024,0.807390,1.653365
arctic,total-region,2008-11,9.645781,186.297844,-179.663546,6.605408,202.835974,-193.160842,1.679024,0.807390,1.653365
arctic,total-region,2008-12,3.329428,178.441548,-177.080963,2.297139,194.641863,-192.250246,1.679024,0.807390,1.653365
arctic,total-region,2009-01,6.244589,178.148803,-174.133537,4.851511,194.034976,-188.627258,1.679024,0.807390,1.653365
arctic,total-region,2009-02,25.398749,181.960157,-163.483040,20.714107,193.604082,-170.441470,1.679024,0.807390,1.653365
arctic,total-region,2009-03,75.776163,183.054737,-125.442367,67.137945,196.288791,-130.039648,1.679024,0.807390,1.653365
arctic,total-region,2009-04,154.124311,196.275389,-73.176999,132.651979,210.506285,-65.935006,1.679024,0.807390,1.653365
arctic,total-region,2009-05,220.149108,214.781032,-16.934424,179.483449,228.892541,9.620563,1.679024,0.807390,1.653365
arctic,total-region,2009-06,222.381252,229.322958,35.379409,160.289729,243.635947,83.159440,1.679024,0.807390,1.653365
arctic,total-region,2009-07,186.102831,235.728302,28.223036,116.157656,252.502865,81.393596,1.679024,0.807390,1.653365
arctic,total-region,2009-08,139.282863,227.560504,-41.662668,81.343490,246.392085,-2.553571,1.679024,0.807390,1.653365
arctic,total-region,2009-09,81.057149,214.969176,-118.687669,48.096811,234.387682,-105.144452,1.679024,0.807390,1.653365
arctic,total-region,2009-10,35.045002,199.536382,-167.400408,21.671059,218.268246,-172.758804,1.679024,0.807390,1.653365
arctic,total-region,2009-11,9.684094,188.081128,-181.282973,6.512476,203.854244,-193.883036,1.679024,0.807390,1.653365
arctic,total-region,2009-12,3.192896,180.987658,-179.475134,2.195105,195.905976,-193.395051,1.679024,0.807390,1.653365
arctic,total-region,2010-01,6.078142,177.340443,-173.283197,4.489338,192.055081,-186.408525,1.679024,0.807390,1.653365
arctic,total-region,2010-02,24.553499,184.579875,-165.723957,20.780688,195.693851,-173.064542,1.679024,0.807390,1.653365
arctic,total-region,2010-03,74.480413,187.710287,-129.751979,66.341049,200.339998,-134.242765,1.679024,0.807390,1.653365
arctic,total-region,2010-04,150.744385,202.069958,-76.740019,130.672371,215.046086,-69.644571,1.679024,0.807390,1.653365
arctic,total-region,2010-05,212.737085,219.230023,-14.798955,168.892932,232.658784,15.616165,1.679024,0.807390,1.653365
arctic,total-region,2010-06,222.303622,228.755572,35.962883,151.158985,244.374505,91.487223,1.679024,0.807390,1.653365
arctic,total-region,2010-07,187.969577,235.163232,27.695788,113.411676,253.353806,84.061880,1.679024,0.807390,1.653365
arctic,total-region,2010-08,142.612804,228.134087,-44.345637,77.679908,247.668193,1.052077,1.679024,0.807390,1.653365
arctic,total-region,2010-09,82.655326,215.254834,-119.451419,45.791056,234.122595,-101.453698,1.679024,0.807390,1.653365
arctic,total-region,2010-10,35.992357,199.862337,-168.031554,21.733713,219.866313,-173.777490,1.679024,0.807390,1.653365
arctic,total-region,2010-11,9.834000,187.174862,-180.317072,5.920392,205.593133,-194.821408,1.679024,0.807390,1.653365
arctic,total-region,2010-12,3.210286,179.344625,-177.829698,2.264591,194.880977,-192.420627,1.679024,0.807390,1.653365
arctic,total-region,2011-01,6.051245,178.612194,-174.647948,4.655425,194.258164,-188.898739,1.679024,0.807390,1.653365
arctic,total-region,2011-02,25.093441,175.418197,-157.573888,20.617872,190.757740,-168.439044,1.679024,0.807390,1.653365
arctic,total-region,2011-03,74.752523,184.107941,-127.382456,63.386179,200.665720,-132.572774,1.679024,0.807390,1.653365
arctic,total-region,2011-04,152.155165,201.513177,-78.767175,128.552186,215.201418,-68.852306,1.679024,0.807390,1.653365
arctic,total-region,2011-05,213.093698,218.497545,-15.246020,175.370958,231.110651,9.862999,1.679024,0.807390,1.653365
arctic,total-region,2011-06,216.345504,231.026329,39.603492,152.467178,245.259124,89.247833,1.679024,0.807390,1.653365
arctic,total-region,2011-07,185.780233,235.063104,30.677194,112.290881,253.037236,86.190671,1.679024,0.807390,1.653365
arctic,total-region,2011-08,140.350317,228.488302,-41.283747,77.807121,246.967548,2.779216,1.679024,0.807390,1.653365
arctic,total-region,2011-09,83.347788,214.994122,-118.787877,45.371462,234.784252,-100.602862,1.679024,0.807390,1.653365
arctic,total-region,2011-10,36.419925,198.663813,-166.604278,21.686094,219.641964,-172.849835,1.679024,0.807390,1.653365
arctic,total-region,2011-11,9.912404,184.737077,-177.742722,6.589399,202.632320,-192.315860,1.679024,0.807390,1.653365
arctic,total-region,2011-12,3.311377,177.138863,-175.703696,2.354765,193.859502,-191.467776,1.679024,0.807390,1.653365
arctic,total-region,2012-01,5.944664,179.045845,-175.092646,4.790042,193.740218,-188.632270,1.679024,0.807390,1.653365
arctic,total-region,2012-02,24.967476,180.972607,-162.324536,21.586234,195.523232,-173.495833,1.679024,0.807390,1.653365
arctic,total-region,2012-03,75.461331,185.133036,-126.043699,66.493297,197.914169,-129.856446,1.679024,0.807390,1.653365
arctic,total-region,2012-04,153.352914,201.815176,-76.427175,130.996658,214.909414,-67.165953,1.679024,0.807390,1.653365
arctic,total-region,2012-05,215.221952,217.351315,-13.421077,170.904490,231.768608,16.480074,1.679024,0.807390,1.653365
arctic,total-region,2012-06,211.483266,232.513408,43.398049,145.137245,247.425673,94.830772,1.679024,0.807390,1.653365
arctic,total-region,2012-07,185.819811,234.966924,28.535102,110.289755,253.475654,85.557533,1.679024,0.807390,1.653365
arctic,total-region,2012-08,142.289412,225.985341,-44.277917,75.614780,246.718162,1.663554,1.679024,0.807390,1.653365
arctic,total-region,2012-09,79.856440,214.857651,-118.510766,43.435673,235.892021,-103.125219,1.679024,0.807390,1.653365
arctic,total-region,2012-10,34.407432,200.236087,-168.146481,19.774705,220.629165,-173.906304,1.679024,0.807390,1.653365
arctic,total-region,2012-11,9.516778,186.177930,-179.430254,6.281978,203.936539,-193.954311,1.679024,0.807390,1.653365
arctic,total-region,2012-12,3.217426,179.531355,-178.058711,2.300745,194.204441,-191.815570,1.679024,0.807390,1.653365
arctic,total-region,2013-01,6.205730,182.722053,-178.648977,4.942317,194.866036,-189.529307,1.679024,0.807390,1.653365
arctic,total-region,2013-02,25.631517,177.970885,-159.650192,21.289666,190.446962,-167.783217,1.679024,0.807390,1.653365
arctic,total-region,2013-03,73.910256,184.014054,-124.359001,67.178924,196.581952,-130.195633,1.679024,0.807390,1.653365
arctic,total-region,2013-04,152.556915,198.491814,-73.576245,131.227200,212.347477,-66.104280,1.679024,0.807390,1.653365
arctic,total-region,2013-05,216.657024,216.220792,-14.572512,175.131387,230.073464,13.100621,1.679024,0.807390,1.653365
arctic,total-region,2013-06,219.578724,230.820802,36.931240,155.038120,245.968107,86.323955,1.679024,0.807390,1.653365
arctic,total-region,2013-07,190.730105,234.624608,24.845700,114.812753,252.392005,82.994558,1.679024,0.807390,1.653365
arctic,total-region,2013-08,140.471321,228.051560,-43.332201,81.403565,247.453098,-3.665934,1.679024,0.807390,1.653365
arctic,total-region,2013-09,84.427266,213.988649,-121.119141,47.369758,233.561932,-103.635776,1.679024,0.807390,1.653365
arctic,total-region,2013-10,35.840157,198.854835,-167.567101,21.365297,219.201709,-173.438637,1.679024,0.807390,1.653365
arctic,total-region,2013-11,9.664223,184.383932,-177.583364,6.358089,203.117450,-193.010609,1.679024,0.807390,1.653365
arctic,total-region,2013-12,3.313713,178.191301,-176.796807,2.262987,194.581535,-192.137085,1.679024,0.807390,1.653365
arctic,total-region,2014-01,6.198343,177.398577,-173.441155,4.767603,192.406901,-187.019010,1.679024,0.807390,1.653365
arctic,total-region,2014-02,25.512537,180.971211,-163.006516,21.299673,195.920625,-173.744012,1.679024,0.807390,1.653365
arctic,total-region,2014-03,75.021468,188.597503,-130.971162,64.641794,203.741057,-135.733793,1.679024,0.807390,1.653365
arctic,total-region,2014-04,152.771588,200.765061,-77.180302,130.388229,215.286633,-69.318440,1.679024,0.807390,1.653365
arctic,total-region,2014-05,217.232017,216.074256,-15.844169,172.635769,231.095998,13.727689,1.679024,0.807390,1.653365
arctic,total-region,2014-06,224.969586,229.337418,32.914054,156.037200,244.612749,86.569710,1.679024,0.807390,1.653365
arctic,total-region,2014-07,192.660157,234.105155,24.082114,117.570025,252.302008,80.973691,1.679024,0.807390,1.653365
arctic,total-region,2014-08,139.227473,228.954113,-41.795508,80.875133,247.829297,-2.317812,1.679024,0.807390,1.653365
arctic,total-region,2014-09,83.756500,212.537086,-117.913906,46.777936,233.336743,-101.734948,1.679024,0.807390,1.653365
arctic,total-region,2014-10,36.810925,198.814981,-167.859165,22.248206,219.083672,-173.566250,1.679024,0.807390,1.653365
arctic,total-region,2014-11,9.786644,187.431233,-180.540898,6.662165,204.799597,-194.785175,1.679024,0.807390,1.653365
arctic,total-region,2014-12,3.311759,179.382998,-177.969101,2.276490,195.754178,-193.304762,1.679024,0.807390,1.653365
arctic,total-region,2015-01,6.135088,178.425079,-174.524741,4.585814,193.916048,-188.465835,1.679024,0.807390,1.653365
arctic,total-region,2015-02,25.252908,176.457426,-158.681923,19.988008,193.252926,-170.212383,1.679024,0.807390,1.653365
arctic,total-region,2015-03,74.329475,184.288900,-126.941875,64.691910,200.296100,-133.311894,1.679024,0.807390,1.653365
arctic,total-region,2015-04,151.859626,202.561889,-79.253783,127.848474,216.247800,-68.928470,1.679024,0.807390,1.653365
arctic,total-region,2015-05,213.858532,216.847783,-14.141493,172.685148,231.000016,12.880255,1.679024,0.807390,1.653365
arctic,total-region,2015-06,218.536693,229.961838,38.565197,150.147284,245.520352,91.396391,1.679024,0.807390,1.653365
arctic,total-region,2015-07,190.569248,234.187870,26.840729,113.523188,252.097912,85.977601,1.679024,0.807390,1.653365
arctic,total-region,2015-08,142.097223,226.425776,-41.053286,78.399082,246.022792,3.047686,1.679024,0.807390,1.653365
arctic,total-region,2015-09,82.256421,214.216235,-117.035775,45.268289,234.271867,-100.103664,1.679024,0.807390,1.653365
arctic,total-region,2015-10,36.101435,199.331439,-167.026059,21.867654,219.920565,-173.381936,1.679024,0.807390,1.653365
arctic,total-region,2015-11,9.866821,184.786972,-177.771392,6.760708,203.151743,-193.030792,1.679024,0.807390,1.653365
arctic,total-region,2015-12,3.311981,175.228215,-173.795037,2.318442,192.275106,-189.848802,1.679024,0.807390,1.653365
arctic,total-region,2016-01,6.003289,179.699408,-175.788602,4.645545,196.475301,-191.206814,1.679024,0.807390,1.653365
arctic,total-region,2016-02,25.490083,183.032355,-164.846369,20.678666,197.633815,-174.635482,1.679024,0.807390,1.653365
arctic,total-region,2016-03,75.249178,192.629211,-133.194206,66.264921,205.299732,-136.879261,1.679024,0.807390,1.653365
arctic,total-region,2016-04,149.884509,204.841639,-75.872125,127.804263,216.850185,-65.800667,1.679024,0.807390,1.653365
arctic,total-region,2016-05,212.858484,218.305162,-11.914968,163.562218,232.691288,22.995454,1.679024,0.807390,1.653365
arctic,total-region,2016-06,214.355472,230.745327,42.280706,145.514877,245.827051,96.037965,1.679024,0.807390,1.653365
arctic,total-region,2016-07,184.964916,235.362582,28.924418,112.000773,253.306088,83.946134,1.679024,0.807390,1.653365
arctic,total-region,2016-08,137.971199,228.060851,-42.275396,75.390899,247.999545,0.367567,1.679024,0.807390,1.653365
arctic,total-region,2016-09,78.850792,217.016111,-119.862255,44.355006,235.925958,-104.276065,1.679024,0.807390,1.653365
arctic,total-region,2016-10,34.008813,202.762845,-170.363546,20.717957,221.140427,-175.451040,1.679024,0.807390,1.653365
arctic,total-region,2016-11,9.120334,190.778661,-183.662185,6.411892,207.547685,-197.721967,1.679024,0.807390,1.653365
arctic,total-region,2016-12,3.215858,179.517605,-178.046893,2.202644,195.841872,-193.357241,1.679024,0.807390,1.653365
arctic,total-region,2017-01,6.282796,177.197312,-173.186369,4.660320,194.513488,-188.880215,1.679024,0.807390,1.653365
arctic,total-region,2017-02,25.532618,182.401531,-163.926033,20.849674,197.090368,-173.931508,1.679024,0.807390,1.653365
arctic,total-region,2017-03,75.610402,189.018518,-130.965012,63.781279,203.779715,-133.898558,1.679024,0.807390,1.653365
arctic,total-region,2017-04,154.186304,200.691137,-77.254663,129.714215,214.577182,-66.669127,1.679024,0.807390,1.653365
arctic,total-region,2017-05,221.066546,215.172465,-17.911378,175.273178,229.852248,13.202394,1.679024,0.807390,1.653365
arctic,total-region,2017-06,222.514292,228.498451,36.198726,155.944601,244.132894,87.133942,1.679024,0.807390,1.653365
arctic,total-region,2017-07,188.816225,233.056465,28.017609,112.986299,251.109072,85.792538,1.679024,0.807390,1.653365
arctic,total-region,2017-08,141.531349,227.293564,-43.944935,79.027988,247.192067,-1.340633,1.679024,0.807390,1.653365
arctic,total-region,2017-09,82.824714,215.129604,-120.915005,45.455230,234.810427,-103.225790,1.679024,0.807390,1.653365
arctic,total-region,2017-10,35.945390,199.498044,-168.408765,21.286291,219.830328,-174.081591,1.679024,0.807390,1.653365
arctic,total-region,2017-11,9.711392,186.478435,-179.750945,6.570150,204.761568,-194.892449,1.679024,0.807390,1.653365
arctic,total-region,2017-12,3.290844,182.327321,-180.913419,2.290283,197.707007,-195.292924,1.679024,0.807390,1.653365
arctic,total-region,2018-01,6.167406,178.546260,-174.546212,4.718383,193.959444,-188.509424,1.679024,0.807390,1.653365
arctic,total-region,2018-02,25.057630,184.364685,-165.898810,20.611490,198.567558,-175.654707,1.679024,0.807390,1.653365
arctic,total-region,2018-03,74.645453,185.469186,-127.431793,65.822695,198.928013,-132.068985,1.679024,0.807390,1.653365
arctic,total-region,2018-04,151.201447,201.447284,-76.270114,130.422388,214.274794,-68.318851,1.679024,0.807390,1.653365
arctic,total-region,2018-05,220.355919,214.727109,-17.679772,177.070646,229.899239,10.435606,1.679024,0.807390,1.653365
arctic,total-region,2018-06,222.245922,229.713637,35.091290,154.930423,244.798323,87.321788,1.679024,0.807390,1.653365
arctic,total-region,2018-07,191.363503,233.909023,25.318008,115.424645,251.688154,83.478995,1.679024,0.807390,1.653365
arctic,total-region,2018-08,144.089310,226.390603,-44.440358,80.202856,246.674998,-0.839498,1.679024,0.807390,1.653365
arctic,total-region,2018-09,81.290457,214.339684,-117.486535,47.205771,234.097636,-103.158883,1.679024,0.807390,1.653365
arctic,total-region,2018-10,34.890272,201.835096,-169.066075,21.649771,220.640199,-174.630697,1.679024,0.807390,1.653365
arctic,total-region,2018-11,9.659802,187.443133,-180.459690,6.443289,204.140451,-193.940881,1.679024,0.807390,1.653365
arctic,total-region,2018-12,3.261905,181.806689,-180.346178,2.256878,197.313014,-194.847404,1.679024,0.807390,1.653365
arctic,total-region,2019-01,6.075300,179.396911,-175.424199,4.937945,192.884078,-187.775262,1.679024,0.807390,1.653365
arctic,total-region,2019-02,25.016380,177.972281,-159.931620,20.014463,194.033109,-170.990690,1.679024,0.807390,1.653365
arctic,total-region,2019-03,74.243425,184.926942,-127.454530,60.719841,201.614244,-130.616315,1.679024,0.807390,1.653365
arctic,total-region,2019-04,150.652578,201.087303,-76.607604,128.256403,215.076680,-68.199559,1.679024,0.807390,1.653365
arctic,total-region,2019-05,214.833051,219.035678,-17.416477,171.149590,232.738066,12.563932,1.679024,0.807390,1.653365
arctic,total-region,2019-06,214.108027,231.491527,41.266998,146.178442,246.317490,94.368035,1.679024,0.807390,1.653365
arctic,total-region,2019-07,187.596650,235.134171,28.498630,114.100953,252.019112,85.106790,1.679024,0.807390,1.653365
arctic,total-region,2019-08,139.396767,229.185843,-41.415114,81.277658,247.830813,-1.940882,1.679024,0.807390,1.653365
arctic,total-region,2019-09,80.993827,215.513488,-117.287486,47.002888,234.664029,-102.447485,1.679024,0.807390,1.653365
arctic,total-region,2019-10,36.087784,199.818063,-167.613107,21.705111,219.970982,-173.382558,1.679024,0.807390,1.653365
arctic,total-region,2019-11,9.717487,187.516334,-180.382689,6.763218,204.488932,-194.401100,1.679024,0.807390,1.653365
arctic,total-region,2019-12,3.273153,180.549229,-179.080226,2.214230,195.282495,-192.755053,1.679024,0.807390,1.653365
arctic,total-region,2020-01,6.044074,175.597394,-171.717124,4.656373,190.996777,-185.726770,1.679024,0.807390,1.653365
arctic,total-region,2020-02,25.723822,176.292524,-158.296208,21.388406,192.141594,-169.809838,1.679024,0.807390,1.653365
arctic,total-region,2020-03,78.565050,179.607886,-123.401948,65.627539,198.627200,-129.484240,1.679024,0.807390,1.653365
arctic,total-region,2020-04,155.610987,199.716910,-76.346563,128.632487,215.835290,-65.488229,1.679024,0.807390,1.653365
arctic,total-region,2020-05,215.009097,219.081284,-14.791483,169.565574,232.735601,16.998330,1.679024,0.807390,1.653365
arctic,total-region,2020-06,215.577867,231.828693,39.882072,146.819672,246.166223,94.302413,1.679024,0.807390,1.653365
arctic,total-region,2020-07,187.180576,235.376055,26.513237,109.718835,252.961615,86.390010,1.679024,0.807390,1.653365
arctic,total-region,2020-08,136.581611,230.117654,-43.151541,75.568332,248.491192,-0.511937,1.679024,0.807390,1.653365
arctic,total-region,2020-09,79.939668,215.230108,-119.340766,43.582392,235.335288,-103.089226,1.679024,0.807390,1.653365
arctic,total-region,2020-10,34.600772,201.629723,-169.912150,19.752001,222.214852,-175.648414,1.679024,0.807390,1.653365
arctic,total-region,2020-11,9.499928,188.021449,-181.310131,6.304061,206.646182,-196.738348,1.679024,0.807390,1.653365
arctic,total-region,2020-12,3.271810,180.034806,-178.618611,2.233872,196.135562,-193.682607,1.679024,0.807390,1.653365
arctic,total-region,2021-01,6.168269,182.510605,-178.367764,4.837763,194.834369,-189.360055,1.679024,0.807390,1.653365
arctic,total-region,2021-02,25.045010,179.501870,-160.471212,20.981626,191.613327,-168.519111,1.679024,0.807390,1.653365
arctic,total-region,2021-03,76.546922,181.189921,-123.913940,66.319753,196.004386,-128.502150,1.679024,0.807390,1.653365
arctic,total-region,2021-04,153.674155,197.320249,-73.182572,129.426306,213.428720,-65.043865,1.679024,0.807390,1.653365
arctic,total-region,2021-05,215.379057,216.915269,-13.822543,171.370016,230.652396,16.448313,1.679024,0.807390,1.653365
arctic,total-region,2021-06,220.495809,229.548124,37.228136,149.368908,244.884936,93.017958,1.679024,0.807390,1.653365
arctic,total-region,2021-07,193.888844,233.622024,22.378202,115.356208,251.801893,82.729802,1.679024,0.807390,1.653365
arctic,total-region,2021-08,142.820663,227.639724,-45.671051,81.806349,246.794557,-3.812170,1.679024,0.807390,1.653365
arctic,total-region,2021-09,81.858974,212.910405,-117.823937,45.813225,233.282642,-102.150490,1.679024,0.807390,1.653365
arctic,total-region,2021-10,35.158148,199.455989,-167.653875,20.603926,220.232349,-173.876024,1.679024,0.807390,1.653365
arctic,total-region,2021-11,9.541500,185.930750,-179.053530,6.436227,203.733456,-193.751658,1.679024,0.807390,1.653365
arctic,total-region,2021-12,3.273093,178.265403,-176.832472,2.237335,192.836931,-190.369520,1.679024,0.807390,1.653365
arctic,total-region,2022-01,6.288653,175.003540,-171.103502,4.719243,191.650449,-186.179668,1.679024,0.807390,1.653365
arctic,total-region,2022-02,25.838863,175.596520,-157.814423,20.292456,191.347358,-168.019288,1.679024,0.807390,1.653365
arctic,total-region,2022-03,75.376312,187.673734,-130.143439,65.294189,202.273667,-134.660746,1.679024,0.807390,1.653365
arctic,total-region,2022-04,152.889506,202.389435,-78.516087,131.024225,215.087987,-69.351102,1.679024,0.807390,1.653365
arctic,total-region,2022-05,215.433375,216.294213,-13.863701,169.532494,230.750638,17.581040,1.679024,0.807390,1.653365
arctic,total-region,2022-06,218.207128,230.746773,38.507908,150.474141,245.406170,91.582579,1.679024,0.807390,1.653365
arctic,total-region,2022-07,189.699390,235.525442,25.564981,112.697541,253.315574,84.776214,1.679024,0.807390,1.653365
arctic,total-region,2022-08,141.495423,227.457766,-42.863866,77.545593,247.474670,1.069778,1.679024,0.807390,1.653365
arctic,total-region,2022-09,84.017250,213.722134,-119.604710,45.196880,234.439949,-101.501055,1.679024,0.807390,1.653365
arctic,total-region,2022-10,35.874421,200.074116,-168.316474,20.847801,220.347615,-173.562958,1.679024,0.807390,1.653365
arctic,total-region,2022-11,9.632515,187.645973,-180.645884,6.800627,204.347216,-194.515816,1.679024,0.807390,1.653365
arctic,total-region,2022-12,3.254468,179.730225,-178.260623,2.463690,195.050601,-192.790494,1.679024,0.807390,1.653365
arctic,total-region,2023-01,6.231617,175.821432,-171.981149,5.172809,190.393248,-185.495006,1.679024,0.807390,1.653365
arctic,total-region,2023-02,25.151875,180.718649,-162.716299,21.241730,193.611679,-171.698216,1.679024,0.807390,1.653365
arctic,total-region,2023-03,74.658138,187.057119,-129.712504,62.663458,202.207973,-132.869446,1.679024,0.807390,1.653365
arctic,total-region,2023-04,151.431505,200.450323,-76.243606,129.310740,213.571489,-67.242046,1.679024,0.807390,1.653365
arctic,total-region,2023-05,213.719643,216.248460,-13.017015,170.050192,231.192877,15.707445,1.679024,0.807390,1.653365
arctic,total-region,2023-06,220.865914,229.834482,36.706004,150.933673,244.950160,91.523157,1.679024,0.807390,1.653365
arctic,total-region,2023-07,185.718993,237.091108,28.652724,114.709479,253.785513,82.966468,1.679024,0.807390,1.653365
arctic,total-region,2023-08,137.324259,231.775168,-41.744659,79.544887,249.226030,-1.415159,1.679024,0.807390,1.653365
arctic,total-region,2023-09,81.772424,215.367847,-117.866401,46.795881,235.641277,-103.162645,1.679024,0.807390,1.653365
arctic,total-region,2023-10,35.293924,200.570579,-167.562116,20.217801,220.664227,-172.579327,1.679024,0.807390,1.653365
arctic,total-region,2023-11,9.850602,187.557639,-180.561984,7.027377,205.360681,-195.542660,1.679024,0.807390,1.653365
arctic,total-region,2023-12,3.220413,182.065511,-180.542026,2.528045,196.990359,-194.773554,1.679024,0.807390,1.653365
arctic,total-region,2024-01,5.997681,179.384422,-175.430692,5.289797,193.399287,-188.736374,1.679024,0.807390,1.653365
arctic,total-region,2024-02,25.198067,182.549914,-163.933341,21.292025,195.894064,-173.371443,1.679024,0.807390,1.653365
arctic,total-region,2024-03,76.171367,190.198708,-131.329361,65.966492,203.289941,-134.214164,1.679024,0.807390,1.653365
arctic,total-region,2024-04,155.448607,200.533267,-76.501658,130.403374,214.672318,-65.594113,1.679024,0.807390,1.653365
arctic,total-region,2024-05,218.463754,216.845727,-15.475814,176.910570,230.213629,12.706633,1.679024,0.807390,1.653365
arctic,total-region,2024-06,217.069411,231.139323,39.597570,149.362617,245.856546,92.588505,1.679024,0.807390,1.653365
arctic,total-region,2024-07,187.399080,235.063336,27.019568,111.714195,252.200520,85.564958,1.679024,0.807390,1.653365
arctic,total-region,2024-08,138.822197,228.809553,-44.041555,77.774078,247.994926,-2.176899,1.679024,0.807390,1.653365
arctic,total-region,2024-09,80.917762,215.530899,-120.525908,43.673845,235.652789,-103.403264,1.679024,0.807390,1.653365
arctic,total-region,2024-10,34.127645,200.190794,-168.029809,20.649689,220.442863,-174.804297,1.679024,0.807390,1.653365
arctic,total-region,2024-11,9.450891,187.267570,-180.516329,6.685391,205.266242,-195.749367,1.679024,0.807390,1.653365
arctic,total-region,2024-12,3.232115,180.279842,-178.821662,2.271598,196.468121,-194.049787,1.679024,0.807390,1.653365
arctic,total-region,2025-01,6.335587,175.632025,-171.630283,5.451259,191.543887,-186.657689,1.679024,0.807390,1.653365
arctic,total-region,2025-02,25.583128,181.127960,-162.536093,21.307310,196.610598,-173.742705,1.679024,0.807390,1.653365
arctic,total-region,2025-03,75.334535,191.664088,-132.902068,65.218284,205.564868,-136.687215,1.679024,0.807390,1.653365
arctic,total-region,2025-04,154.166518,202.927466,-78.835168,130.528332,216.066179,-68.335885,1.679024,0.807390,1.653365
arctic,total-region,2025-05,219.152324,217.517782,-17.749477,167.922490,231.608822,19.389306,1.679024,0.807390,1.653365
arctic,total-region,2025-06,223.293068,228.459765,35.933706,153.272070,243.736348,90.676904,1.679024,0.807390,1.653365
arctic,total-region,2025-07,187.750493,235.310475,27.100341,112.277079,252.688771,85.195758,1.679024,0.807390,1.653365
arctic,total-region,2025-08,136.128429,231.325510,-42.602430,76.882791,248.743431,-0.776511,1.679024,0.807390,1.653365
arctic,total-region,2025-09,79.612126,216.141814,-118.842970,45.229968,235.223060,-103.542104,1.679024,0.807390,1.653365
arctic,total-region,2025-10,34.910292,201.791319,-169.784453,20.245778,221.800887,-175.129585,1.679024,0.807390,1.653365
arctic,total-region,2025-11,9.397425,189.772588,-182.764638,6.666374,206.733917,-196.994853,1.679024,0.807390,1.653365
arctic,total-region,2025-12,3.210843,181.421315,-179.927794,2.366305,196.691065,-194.352767,1.679024,0.807390,1.653365
arctic,total-region,2026-01,6.023300,181.142059,-176.956412,5.583705,194.714179,-190.088860,1.679024,0.807390,1.653365
arctic,total-region,2026-02,24.959127,180.465922,-161.737386,21.499180,191.500586,-169.314431,1.679024,0.807390,1.653365
arctic,total-region,2026-03,74.620813,187.094967,-128.674275,62.636534,201.582411,-131.176805,1.679024,0.807390,1.653365
arctic,total-region,2026-04,152.026316,200.980567,-76.104590,129.461158,214.320949,-66.879422,1.679024,0.807390,1.653365
arctic,total-region,2026-05,219.298608,215.719746,-17.039283,169.260704,230.704948,18.013397,1.679024,0.807390,1.653365
global,cloud-free-area,2000-03,99.259220,238.260854,5.956341,54.563587,266.258960,22.654062,0.433296,0.264103,0.395765
global,cloud-free-area,2000-04,97.778149,238.044972,1.930631,55.533200,267.205233,15.016398,0.433296,0.264103,0.395765
global,cloud-free-area,2000-05,97.928071,240.760376,-5.929587,55.635937,269.471902,7.652054,0.433296,0.264103,0.395765
global,cloud-free-area,2000-06,96.820395,243.227966,-10.230057,52.907070,271.615029,5.296463,0.433296,0.264103,0.395765
global,cloud-free-area,2000-07,94.221084,243.985584,-8.708398,49.906104,272.141664,7.451579,0.433296,0.264103,0.395765
global,cloud-free-area,2000-08,93.580420,243.660559,-5.212380,49.357544,271.904190,10.767258,0.433296,0.264103,0.395765
global,cloud-free-area,2000-09,95.207598,242.236206,-0.899814,50.606251,270.202887,15.736364,0.433296,0.264103,0.395765
global,cloud-free-area,2000-10,101.913126,238.959327,1.659359,53.961417,267.832566,20.738685,0.433296,0.264103,0.395765
global,cloud-free-area,2000-11,106.527208,237.252574,4.152031,57.234419,265.837920,24.860047,0.433296,0.264103,0.395765
global,cloud-free-area,2000-12,108.284166,237.076405,6.005747,57.701962,264.953367,28.711288,0.433296,0.264103,0.395765
global,cloud-free-area,2001-01,104.706382,237.070987,9.778725,55.846731,264.742503,30.966672,0.433296,0.264103,0.395765
global,cloud-free-area,2001-02,102.868610,236.851347,8.970407,54.957577,265.142050,28.591136,0.433296,0.264103,0.395765
global,cloud-free-area,2001-03,99.093975,236.925347,7.539152,54.638181,266.007382,22.913610,0.433296,0.264103,0.395765
global,cloud-free-area,2001-04,98.470068,238.274766,1.001292,56.106043,267.392563,14.247954,0.433296,0.264103,0.395765
global,cloud-free-area,2001-05,97.902246,241.088256,-6.114560,55.289569,269.625001,7.961142,0.433296,0.264103,0.395765
global,cloud-free-area,2001-06,96.671556,242.924702,-9.725197,53.687515,270.977056,5.206441,0.433296,0.264103,0.395765
global,cloud-free-area,2001-07,93.905920,244.351008,-8.672647,49.870461,272.197780,7.516909,0.433296,0.264103,0.395765
global,cloud-free-area,2001-08,93.333874,244.674847,-6.095781,49.170497,272.624876,10.118041,0.433296,0.264103,0.395765
global,cloud-free-area,2001-09,94.460647,241.985982,0.012244,50.018525,270.158236,16.282069,0.433296,0.264103,0.395765
global,cloud-free-area,2001-10,101.595173,239.705517,1.095298,53.307451,268.629470,20.458957,0.433296,0.264103,0.395765
global,cloud-free-area,2001-11,105.826081,238.398275,3.573207,56.179334,266.654831,24.962802,0.433296,0.264103,0.395765
global,cloud-free-area,2001-12,108.870172,237.275329,5.155808,56.958935,265.309221,29.033968,0.433296,0.264103,0.395765
global,cloud-free-area,2002-01,106.612542,237.231109,7.819554,55.039209,265.628110,30.995745,0.433296,0.264103,0.395765
global,cloud-free-area,2002-02,102.750235,238.011280,8.044439,53.577774,266.018808,29.209917,0.433296,0.264103,0.395765
global,cloud-free-area,2002-03,99.190530,238.103249,6.496666,53.649100,266.538193,23.603594,0.433296,0.264103,0.395765
global,cloud-free-area,2002-04,97.886311,239.277991,0.699469,55.386848,267.455096,15.022117,0.433296,0.264103,0.395765
global,cloud-free-area,2002-05,96.691242,241.777115,-5.564910,55.672081,269.884423,7.347189,0.433296,0.264103,0.395765
global,cloud-free-area,2002-06,96.836504,243.211890,-10.111858,52.616118,271.870877,5.449575,0.433296,0.264103,0.395765
global,cloud-free-area,2002-07,94.641785,244.946011,-10.166852,50.170666,272.687875,6.563474,0.433296,0.264103,0.395765
global,cloud-free-area,2002-08,93.817465,244.577421,-6.579451,49.153826,272.200371,10.461094,0.433296,0.264103,0.395765
global,cloud-free-area,2002-09,94.461919,243.162469,-1.169304,49.745943,270.885766,15.824515,0.433296,0.264103,0.395765
global,cloud-free-area,2002-10,99.637307,240.043720,2.588864,53.082995,267.938147,21.248445,0.433296,0.264103,0.395765
global,cloud-free-area,2002-11,106.317011,237.884896,3.519828,56.697717,266.318854,24.706239,0.433296,0.264103,0.395765
global,cloud-free-area,2002-12,108.337822,236.907481,6.046318,57.504205,265.186341,28.601879,0.433296,0.264103,0.395765
global,cloud-free-area,2003-01,105.976047,237.962669,7.615623,55.777758,265.771350,30.005266,0.433296,0.264103,0.395765
global,cloud-free-area,2003-02,101.792264,238.082661,8.845985,54.542289,265.818305,28.359906,0.433296,0.264103,0.395765
global,cloud-free-area,2003-03,98.305657,238.903820,6.408689,54.495495,266.423893,22.698784,0.433296,0.264103,0.395765
global,cloud-free-area,2003-04,97.487814,239.035089,1.290164,55.167108,267.563701,15.082276,0.433296,0.264103,0.395765
global,cloud-free-area,2003-05,97.869194,240.971289,-6.007623,56.003795,269.996968,6.832159,0.433296,0.264103,0.395765
global,cloud-free-area,2003-06,95.968392,243.235283,-9.437258,52.607112,271.431537,5.728658,0.433296,0.264103,0.395765
global,cloud-free-area,2003-07,93.638963,244.660028,-8.913655,49.926834,272.341080,7.117944,0.433296,0.264103,0.395765
global,cloud-free-area,2003-08,92.238069,244.260084,-4.724948,48.675498,271.804828,11.292628,0.433296,0.264103,0.395765
global,cloud-free-area,2003-09,94.162023,242.827886,-0.592497,49.553358,270.600073,16.243894,0.433296,0.264103,0.395765
global,cloud-free-area,2003-10,99.614783,240.756364,1.589390,52.580171,268.751913,20.627436,0.433296,0.264103,0.395765
global,cloud-free-area,2003-11,105.675278,238.186262,3.747955,56.494922,265.845222,25.269222,0.433296,0.264103,0.395765
global,cloud-free-area,2003-12,107.488168,237.639436,6.014483,57.097377,265.545537,28.499676,0.433296,0.264103,0.395765
global,cloud-free-area,2004-01,105.793856,236.964639,8.640038,55.188399,264.837476,31.372767,0.433296,0.264103,0.395765
global,cloud-free-area,2004-02,101.353526,238.079646,9.094595,54.099696,265.774483,28.652147,0.433296,0.264103,0.395765
global,cloud-free-area,2004-03,99.884966,237.999482,5.567422,54.063647,266.400708,22.988239,0.433296,0.264103,0.395765
global,cloud-free-area,2004-04,96.410022,238.888939,2.358944,54.662025,267.107022,15.888589,0.433296,0.264103,0.395765
global,cloud-free-area,2004-05,98.502318,240.646814,-6.475318,55.705274,268.979359,7.989943,0.433296,0.264103,0.395765
global,cloud-free-area,2004-06,96.887580,243.303252,-10.487527,52.854857,271.393536,5.455700,0.433296,0.264103,0.395765
global,cloud-free-area,2004-07,93.360134,243.791414,-7.854011,49.843138,271.456145,7.998680,0.433296,0.264103,0.395765
global,cloud-free-area,2004-08,92.595049,244.361676,-5.197583,48.584418,271.662022,11.512351,0.433296,0.264103,0.395765
global,cloud-free-area,2004-09,93.990818,242.509102,-0.036011,49.692575,270.208571,16.563255,0.433296,0.264103,0.395765
global,cloud-free-area,2004-10,100.424658,240.500592,1.361751,53.873334,267.641108,20.772667,0.433296,0.264103,0.395765
global,cloud-free-area,2004-11,105.669559,237.857006,4.183445,56.346440,266.029122,25.335169,0.433296,0.264103,0.395765
global,cloud-free-area,2004-12,107.310446,236.658843,7.186868,56.826528,264.745112,29.584708,0.433296,0.264103,0.395765
global,cloud-free-area,2005-01,105.654047,237.559667,8.040067,55.345749,265.284533,30.622940,0.433296,0.264103,0.395765
global,cloud-free-area,2005-02,102.355125,238.263183,7.818809,54.147008,265.627661,28.662537,0.433296,0.264103,0.395765
global,cloud-free-area,2005-03,98.735404,238.094911,6.612780,53.823393,266.326481,23.293479,0.433296,0.264103,0.395765
global,cloud-free-area,2005-04,97.286043,239.224556,1.122182,55.461940,267.958678,14.211753,0.433296,0.264103,0.395765
global,cloud-free-area,2005-05,96.968253,239.997189,-4.314906,55.213075,269.231639,8.206025,0.433296,0.264103,0.395765
global,cloud-free-area,2005-06,96.478647,243.097726,-9.907164,52.439402,271.531634,5.697165,0.433296,0.264103,0.395765
global,cloud-free-area,2005-07,94.384797,244.792275,-9.849927,49.782207,272.696051,6.849595,0.433296,0.264103,0.395765
global,cloud-free-area,2005-08,93.181225,244.515440,-5.942437,48.829596,272.176588,10.748094,0.433296,0.264103,0.395765
global,cloud-free-area,2005-09,94.201702,242.802361,-0.655252,50.153082,270.603857,15.591408,0.433296,0.264103,0.395765
global,cloud-free-area,2005-10,100.092669,240.621765,1.492209,52.994190,268.695297,20.517075,0.433296,0.264103,0.395765
global,cloud-free-area,2005-11,105.698220,238.354336,3.569737,56.689885,266.507507,24.424922,0.433296,0.264103,0.395765
global,cloud-free-area,2005-12,106.724616,237.331549,6.995261,56.806208,265.370117,28.875080,0.433296,0.264103,0.395765
global,cloud-free-area,2006-01,105.972918,236.357419,8.977907,55.171167,265.030271,31.106740,0.433296,0.264103,0.395765
global,cloud-free-area,2006-02,102.103031,237.163429,9.191397,53.753752,265.417612,29.285379,0.433296,0.264103,0.395765
global,cloud-free-area,2006-03,98.869355,237.999654,6.603998,53.997810,266.158984,23.315981,0.433296,0.264103,0.395765
global,cloud-free-area,2006-04,97.202758,238.076039,2.398352,54.974090,267.065252,15.638092,0.433296,0.264103,0.395765
global,cloud-free-area,2006-05,96.805465,240.181565,-4.227184,54.837557,268.971283,8.951576,0.433296,0.264103,0.395765
global,cloud-free-area,2006-06,95.444976,243.489237,-9.204488,52.152322,271.453048,6.124129,0.433296,0.264103,0.395765
global,cloud-free-area,2006-07,93.754132,244.892836,-9.328673,49.814523,272.322065,7.181988,0.433296,0.264103,0.395765
global,cloud-free-area,2006-08,92.785297,244.679936,-5.810521,48.806841,272.289886,10.558529,0.433296,0.264103,0.395765
global,cloud-free-area,2006-09,93.859346,242.930679,-0.494563,49.788374,270.473251,16.034326,0.433296,0.264103,0.395765
global,cloud-free-area,2006-10,100.754205,240.131671,1.216687,53.244482,268.248452,20.610451,0.433296,0.264103,0.395765
global,cloud-free-area,2006-11,105.050315,238.128283,4.338213,56.671989,265.995302,24.850110,0.433296,0.264103,0.395765
global,cloud-free-area,2006-12,107.801559,237.092075,6.094400,57.326105,265.295687,28.366035,0.433296,0.264103,0.395765
global,cloud-free-area,2007-01,105.990512,238.371199,6.914873,55.604652,266.072142,29.599022,0.433296,0.264103,0.395765
global,cloud-free-area,2007-02,101.495107,238.412635,8.552664,54.050084,265.804208,28.606314,0.433296,0.264103,0.395765
global,cloud-free-area,2007-03,98.808637,238.839269,5.877466,54.242943,266.580523,22.701650,0.433296,0.264103,0.395765
global,cloud-free-area,2007-04,96.534577,239.266999,1.905200,54.703491,267.511512,15.491668,0.433296,0.264103,0.395765
global,cloud-free-area,2007-05,97.284836,241.055272,-5.623670,55.441563,269.316904,7.957818,0.433296,0.264103,0.395765
global,cloud-free-area,2007-06,96.053886,242.351634,-8.698449,52.106197,270.941753,6.659109,0.433296,0.264103,0.395765
global,cloud-free-area,2007-07,93.693696,244.435880,-8.858260,49.344699,272.081941,7.844806,0.433296,0.264103,0.395765
global,cloud-free-area,2007-08,92.965408,244.374381,-5.708012,48.478219,271.797982,11.355922,0.433296,0.264103,0.395765
global,cloud-free-area,2007-09,94.668959,243.291181,-1.760307,49.958250,270.524271,15.717682,0.433296,0.264103,0.395765
global,cloud-free-area,2007-10,99.621767,240.762182,1.637302,53.052046,268.358607,20.610630,0.433296,0.264103,0.395765
global,cloud-free-area,2007-11,106.116794,238.335444,3.055242,56.913283,266.037694,24.556579,0.433296,0.264103,0.395765
global,cloud-free-area,2007-12,108.901165,237.038009,5.057293,57.808557,264.996314,28.192765,0.433296,0.264103,0.395765
global,cloud-free-area,2008-01,106.552363,236.198628,8.564547,55.975719,264.120070,31.220057,0.433296,0.264103,0.395765
global,cloud-free-area,2008-02,102.324811,237.696474,8.407069,54.553550,265.140738,28.733570,0.433296,0.264103,0.395765
global,cloud-free-area,2008-03,97.727645,238.056619,7.559225,53.866578,265.906221,23.570261,0.433296,0.264103,0.395765
global,cloud-free-area,2008-04,97.122968,238.637476,1.787832,55.542507,267.022057,14.984295,0.433296,0.264103,0.395765
global,cloud-free-area,2008-05,96.387875,240.370638,-4.159046,55.327013,268.649424,8.623735,0.433296,0.264103,0.395765
global,cloud-free-area,2008-06,95.710309,242.537770,-8.626553,52.334976,271.003059,6.283742,0.433296,0.264103,0.395765
global,cloud-free-area,2008-07,93.077878,244.293726,-8.089603,49.703061,272.299041,7.280302,0.433296,0.264103,0.395765
global,cloud-free-area,2008-08,92.020275,243.551086,-3.870673,48.603559,271.176868,11.920889,0.433296,0.264103,0.395765
global,cloud-free-area,2008-09,95.039834,241.993393,-0.707283,50.010864,270.027100,16.288865,0.433296,0.264103,0.395765
global,cloud-free-area,2008-10,99.623003,239.874020,2.657723,53.242018,267.882469,21.030106,0.433296,0.264103,0.395765
global,cloud-free-area,2008-11,106.205085,237.893521,3.516765,56.752456,265.957819,24.905425,0.433296,0.264103,0.395765
global,cloud-free-area,2008-12,107.076470,236.612591,7.339418,57.135881,264.754189,29.138239,0.433296,0.264103,0.395765
global,cloud-free-area,2009-01,105.723630,236.852021,8.676696,55.477467,264.997237,30.776569,0.433296,0.264103,0.395765
global,cloud-free-area,2009-02,101.720953,237.373944,9.291312,54.036795,265.107339,29.242478,0.433296,0.264103,0.395765
global,cloud-free-area,2009-03,98.787911,237.180529,7.427578,54.323093,265.515450,23.557784,0.433296,0.264103,0.395765
global,cloud-free-area,2009-04,96.726192,238.970619,1.890808,55.094715,267.197923,15.295031,0.433296,0.264103,0.395765
global,cloud-free-area,2009-05,96.436336,240.612658,-4.400187,55.573055,269.046292,8.029870,0.433296,0.264103,0.395765
global,cloud-free-area,2009-06,95.216025,241.980342,-7.532120,52.309944,270.650018,6.703971,0.433296,0.264103,0.395765
global,cloud-free-area,2009-07,93.865303,244.260362,-8.825787,49.845575,272.277158,7.178327,0.433296,0.264103,0.395765
global,cloud-free-area,2009-08,92.135366,244.594938,-5.038340,48.866485,271.960431,10.865094,0.433296,0.264103,0.395765
global,cloud-free-area,2009-09,94.948355,242.742603,-1.391749,49.971170,270.424831,15.903551,0.433296,0.264103,0.395765
global,cloud-free-area,2009-10,100.038981,240.524548,1.542000,53.048351,268.196818,20.860120,0.433296,0.264103,0.395765
global,cloud-free-area,2009-11,106.379175,238.259272,2.930273,56.563197,266.271595,24.734926,0.433296,0.264103,0.395765
global,cloud-free-area,2009-12,107.923241,236.808205,6.261760,56.913556,265.077823,29.001672,0.433296,0.264103,0.395765
global,cloud-free-area,2010-01,106.356781,238.251228,6.662440,55.592918,265.834874,29.842566,0.433296,0.264103,0.395765
global,cloud-free-area,2010-02,102.455002,237.952038,8.075162,54.206662,265.811784,28.463414,0.433296,0.264103,0.395765
global,cloud-free-area,2010-03,98.890111,238.992868,5.627673,54.467587,266.997335,22.046021,0.433296,0.264103,0.395765
global,cloud-free-area,2010-04,97.001554,238.646293,2.077645,54.822916,267.409720,15.493241,0.433296,0.264103,0.395765
global,cloud-free-area,2010-05,97.525736,241.168529,-5.944857,54.521480,269.681250,8.546344,0.433296,0.264103,0.395765
global,cloud-free-area,2010-06,96.516097,242.942702,-9.727029,51.681265,270.986517,7.063236,0.433296,0.264103,0.395765
global,cloud-free-area,2010-07,94.630634,244.073811,-9.346058,49.339183,272.019514,7.999341,0.433296,0.264103,0.395765
global,cloud-free-area,2010-08,93.147845,244.620583,-6.049004,48.460358,271.952938,11.306460,0.433296,0.264103,0.395765
global,cloud-free-area,2010-09,94.532871,242.725992,-0.947253,49.209267,270.490394,16.611632,0.433296,0.264103,0.395765
global,cloud-free-area,2010-10,100.350350,240.228009,1.513883,52.738535,268.319861,21.034066,0.433296,0.264103,0.395765
global,cloud-free-area,2010-11,106.221388,238.704506,2.652317,56.498575,266.274234,24.805511,0.433296,0.264103,0.395765
global,cloud-free-area,2010-12,108.157478,237.205056,5.660029,57.375696,264.760231,28.886763,0.433296,0.264103,0.395765
global,cloud-free-area,2011-01,106.096717,236.646458,8.575763,55.405296,264.377966,31.535797,0.433296,0.264103,0.395765
global,cloud-free-area,2011-02,102.096236,237.930069,8.492847,54.101840,265.292565,29.125216,0.433296,0.264103,0.395765
global,cloud-free-area,2011-03,98.219319,238.492405,6.859756,54.102528,265.635385,23.834717,0.433296,0.264103,0.395765
global,cloud-free-area,2011-04,97.025138,238.424730,2.396503,54.861674,266.839436,16.146566,0.433296,0.264103,0.395765
global,cloud-free-area,2011-05,97.521896,239.604479,-4.268821,54.909021,268.543418,9.404798,0.433296,0.264103,0.395765
global,cloud-free-area,2011-06,96.920492,242.388012,-9.492032,52.040621,270.902510,6.872760,0.433296,0.264103,0.395765
global,cloud-free-area,2011-07,93.749274,244.590340,-8.984276,49.838053,272.233771,7.284122,0.433296,0.264103,0.395765
global,cloud-free-area,2011-08,92.221303,244.848281,-5.382427,48.521880,271.793066,11.371526,0.433296,0.264103,0.395765
global,cloud-free-area,2011-09,93.841492,243.789475,-1.362452,49.793996,270.455676,16.019499,0.433296,0.264103,0.395765
global,cloud-free-area,2011-10,99.166596,239.863156,3.094474,52.959947,267.843727,21.321407,0.433296,0.264103,0.395765
global,cloud-free-area,2011-11,106.036097,237.643620,3.980321,56.750100,265.528032,25.382137,0.433296,0.264103,0.395765
global,cloud-free-area,2011-12,109.321372,237.046145,4.798538,57.662399,264.779407,28.724105,0.433296,0.264103,0.395765
global,cloud-free-area,2012-01,105.551950,237.155945,8.740383,55.722748,264.617534,31.107132,0.433296,0.264103,0.395765
global,cloud-free-area,2012-02,101.234486,236.684082,10.667721,54.363923,264.523695,29.697245,0.433296,0.264103,0.395765
global,cloud-free-area,2012-03,99.147490,237.637080,6.697886,54.512230,265.738232,23.232883,0.433296,0.264103,0.395765
global,cloud-free-area,2012-04,97.042808,238.082471,2.574554,54.697943,266.829569,16.173908,0.433296,0.264103,0.395765
global,cloud-free-area,2012-05,96.295059,240.622793,-4.202030,54.973113,269.103147,8.640168,0.433296,0.264103,0.395765
global,cloud-free-area,2012-06,95.163393,243.342035,-8.743002,51.618114,271.282985,6.861247,0.433296,0.264103,0.395765
global,cloud-free-area,2012-07,93.872895,243.680987,-8.194972,49.419676,271.544286,8.395621,0.433296,0.264103,0.395765
global,cloud-free-area,2012-08,92.450544,243.956212,-4.530390,48.298068,271.619219,11.959220,0.433296,0.264103,0.395765
global,cloud-free-area,2012-09,94.210928,242.976920,-0.657110,49.511503,270.557707,16.461953,0.433296,0.264103,0.395765
global,cloud-free-area,2012-10,98.930175,240.761444,2.621258,52.753694,268.381670,21.176836,0.433296,0.264103,0.395765
global,cloud-free-area,2012-11,105.623179,237.591602,4.565127,56.607182,265.904840,25.268860,0.433296,0.264103,0.395765
global,cloud-free-area,2012-12,107.666712,236.453779,7.058281,57.161531,264.712687,29.304934,0.433296,0.264103,0.395765
global,cloud-free-area,2013-01,106.526866,238.058719,6.776218,55.458068,265.623248,30.279766,0.433296,0.264103,0.395765
global,cloud-free-area,2013-02,102.034015,237.995492,8.479147,54.228257,265.619319,28.661117,0.433296,0.264103,0.395765
global,cloud-free-area,2013-03,98.518385,237.674323,7.337983,54.166851,265.799896,23.564567,0.433296,0.264103,0.395765
global,cloud-free-area,2013-04,97.421881,238.965973,1.301733,55.240047,267.180239,15.270297,0.433296,0.264103,0.395765
global,cloud-free-area,2013-05,97.184358,240.414413,-4.803713,54.955130,269.164471,8.675000,0.433296,0.264103,0.395765
global,cloud-free-area,2013-06,96.606101,242.818235,-9.601100,52.133655,271.131402,6.558130,0.433296,0.264103,0.395765
global,cloud-free-area,2013-07,94.286646,243.558682,-8.359216,49.466407,271.433559,8.586729,0.433296,0.264103,0.395765
global,cloud-free-area,2013-08,92.251683,244.564802,-4.940438,48.542629,271.725080,11.608467,0.433296,0.264103,0.395765
global,cloud-free-area,2013-09,94.550292,242.740918,-0.788696,49.546918,270.652709,16.303531,0.433296,0.264103,0.395765
global,cloud-free-area,2013-10,99.816955,240.855379,1.562642,53.065876,268.243982,20.925975,0.433296,0.264103,0.395765
global,cloud-free-area,2013-11,106.031259,237.786111,3.875149,56.696141,266.106925,24.889709,0.433296,0.264103,0.395765
global,cloud-free-area,2013-12,107.659011,237.324948,6.201902,57.298153,265.278367,28.608812,0.433296,0.264103,0.395765
global,cloud-free-area,2014-01,105.930656,237.596176,7.847465,55.542441,265.502764,30.327882,0.433296,0.264103,0.395765
global,cloud-free-area,2014-02,102.047436,238.001640,8.446421,54.396351,265.471802,28.627323,0.433296,0.264103,0.395765
global,cloud-free-area,2014-03,98.193191,238.475681,7.050530,53.780214,266.235959,23.703366,0.433296,0.264103,0.395765
global,cloud-free-area,2014-04,96.770225,238.700708,2.401489,54.748353,267.031187,16.093049,0.433296,0.264103,0.395765
global,cloud-free-area,2014-05,96.932202,240.251231,-4.301458,54.755952,269.163086,8.962272,0.433296,0.264103,0.395765
global,cloud-free-area,2014-06,96.339765,243.090819,-9.571857,52.161587,271.115243,6.581742,0.433296,0.264103,0.395765
global,cloud-free-area,2014-07,94.225344,244.604707,-9.379425,49.814535,272.016654,7.619983,0.433296,0.264103,0.395765
global,cloud-free-area,2014-08,91.675986,244.404029,-4.211353,48.562138,271.485896,11.819645,0.433296,0.264103,0.395765
global,cloud-free-area,2014-09,93.884587,242.737540,-0.183099,49.628687,270.324024,16.486680,0.433296,0.264103,0.395765
global,cloud-free-area,2014-10,99.196953,240.741206,2.226062,53.104747,268.149864,20.909869,0.433296,0.264103,0.395765
global,cloud-free-area,2014-11,105.617712,238.021770,4.097458,56.706643,265.848404,25.182135,0.433296,0.264103,0.395765
global,cloud-free-area,2014-12,108.316703,237.016674,5.851685,57.632938,264.943933,28.608630,0.433296,0.264103,0.395765
global,cloud-free-area,2015-01,105.830311,238.273830,7.408299,55.717240,265.537829,30.257440,0.433296,0.264103,0.395765
global,cloud-free-area,2015-02,101.377513,238.201267,9.211154,53.753896,265.419174,29.615973,0.433296,0.264103,0.395765
global,cloud-free-area,2015-03,98.567502,238.118507,7.097091,53.591401,266.513057,23.678866,0.433296,0.264103,0.395765
global,cloud-free-area,2015-04,96.511217,239.146244,2.315410,54.864484,267.235982,15.871534,0.433296,0.264103,0.395765
global,cloud-free-area,2015-05,96.450669,240.780218,-4.297149,54.979636,269.195255,8.759249,0.433296,0.264103,0.395765
global,cloud-free-area,2015-06,95.822470,242.944811,-8.898615,51.963133,271.429447,6.475765,0.433296,0.264103,0.395765
global,cloud-free-area,2015-07,93.053425,244.492118,-8.054007,49.519666,272.257900,7.714998,0.433296,0.264103,0.395765
global,cloud-free-area,2015-08,91.476914,244.497422,-4.213644,48.621111,271.783981,11.355690,0.433296,0.264103,0.395765
global,cloud-free-area,2015-09,93.020015,243.092761,0.213787,49.400156,270.366550,16.559685,0.433296,0.264103,0.395765
global,cloud-free-area,2015-10,98.740993,241.151601,2.294886,53.333288,268.769719,20.085346,0.433296,0.264103,0.395765
global,cloud-free-area,2015-11,105.418517,238.363544,3.903429,56.751909,266.169038,24.764671,0.433296,0.264103,0.395765
global,cloud-free-area,2015-12,107.399515,237.627026,6.118475,57.132205,265.622464,28.390379,0.433296,0.264103,0.395765
global,cloud-free-area,2016-01,105.365179,238.105549,7.996443,55.354912,266.132893,29.979805,0.433296,0.264103,0.395765
global,cloud-free-area,2016-02,101.607646,239.688266,7.313264,53.933217,267.064398,27.611205,0.433296,0.264103,0.395765
global,cloud-free-area,2016-03,98.342777,238.853725,6.322360,53.398411,266.820229,23.300402,0.433296,0.264103,0.395765
global,cloud-free-area,2016-04,95.898738,240.252599,1.480944,54.207517,268.128041,15.297861,0.433296,0.264103,0.395765
global,cloud-free-area,2016-05,96.537652,241.054712,-4.892592,54.114726,269.466211,9.118368,0.433296,0.264103,0.395765
global,cloud-free-area,2016-06,94.695379,242.582843,-7.532038,51.168259,270.827659,7.751116,0.433296,0.264103,0.395765
global,cloud-free-area,2016-07,93.057480,244.510723,-8.185041,49.292588,272.052767,8.038360,0.433296,0.264103,0.395765
global,cloud-free-area,2016-08,92.003863,244.439528,-4.638134,47.975582,272.089719,11.739018,0.433296,0.264103,0.395765
global,cloud-free-area,2016-09,93.557073,243.118427,-0.237983,49.035965,270.162763,17.239007,0.433296,0.264103,0.395765
global,cloud-free-area,2016-10,99.261682,240.946729,2.043625,52.351544,268.570798,21.329319,0.433296,0.264103,0.395765
global,cloud-free-area,2016-11,104.545230,238.341508,4.817918,55.758148,266.318881,25.628426,0.433296,0.264103,0.395765
global,cloud-free-area,2016-12,106.985679,237.225789,6.874097,56.344103,265.130670,29.610598,0.433296,0.264103,0.395765
global,cloud-free-area,2017-01,103.746806,238.286968,9.276537,54.798947,265.319323,31.192371,0.433296,0.264103,0.395765
global,cloud-free-area,2017-02,100.106604,238.642655,9.708164,53.567740,265.738735,29.150190,0.433296,0.264103,0.395765
global,cloud-free-area,2017-03,97.694991,238.513601,7.248762,53.220065,266.203942,24.033283,0.433296,0.264103,0.395765
global,cloud-free-area,2017-04,95.642351,240.099270,1.928089,54.327407,267.594570,15.748079,0.433296,0.264103,0.395765
global,cloud-free-area,2017-05,96.430116,241.503604,-5.213897,54.908471,269.406033,8.405326,0.433296,0.264103,0.395765
global,cloud-free-area,2017-06,95.178438,242.993729,-8.435775,51.747554,270.654954,7.333674,0.433296,0.264103,0.395765
global,cloud-free-area,2017-07,92.751545,244.687691,-8.103592,49.341232,271.875389,8.119046,0.433296,0.264103,0.395765
global,cloud-free-area,2017-08,92.532952,244.266299,-5.074031,48.337538,271.496874,11.890742,0.433296,0.264103,0.395765
global,cloud-free-area,2017-09,93.939279,243.409892,-1.043789,49.442752,270.452291,16.411020,0.433296,0.264103,0.395765
global,cloud-free-area,2017-10,100.091708,240.737534,1.362756,52.682295,268.249814,21.260018,0.433296,0.264103,0.395765
global,cloud-free-area,2017-11,105.587083,238.041894,4.009321,55.939920,265.702527,25.996818,0.433296,0.264103,0.395765
global,cloud-free-area,2017-12,107.909653,237.441545,5.696846,56.367841,265.183888,29.496304,0.433296,0.264103,0.395765
global,cloud-free-area,2018-01,105.150767,237.286545,8.850390,55.037723,264.896908,31.352218,0.433296,0.264103,0.395765
global,cloud-free-area,2018-02,102.188822,237.090046,9.158235,53.533354,264.903493,30.000324,0.433296,0.264103,0.395765
global,cloud-free-area,2018-03,98.375309,238.401772,6.706993,53.799064,266.256911,23.428703,0.433296,0.264103,0.395765
global,cloud-free-area,2018-04,95.471563,239.235757,2.994224,54.900190,267.263189,15.537842,0.433296,0.264103,0.395765
global,cloud-free-area,2018-05,96.219659,240.937585,-4.414695,55.328485,268.820838,8.593853,0.433296,0.264103,0.395765
global,cloud-free-area,2018-06,95.914507,243.376509,-9.554827,52.057041,270.882524,6.796793,0.433296,0.264103,0.395765
global,cloud-free-area,2018-07,93.478059,244.396765,-8.537238,49.843471,271.877148,7.616987,0.433296,0.264103,0.395765
global,cloud-free-area,2018-08,92.508374,243.987108,-4.803529,48.632976,271.328774,11.730162,0.433296,0.264103,0.395765
global,cloud-free-area,2018-09,93.035763,242.821721,0.424237,49.340780,269.877784,17.063283,0.433296,0.264103,0.395765
global,cloud-free-area,2018-10,98.821740,240.288601,2.982085,52.465619,267.746370,21.880993,0.433296,0.264103,0.395765
global,cloud-free-area,2018-11,104.656430,237.793557,5.117697,56.074706,265.480843,26.011563,0.433296,0.264103,0.395765
global,cloud-free-area,2018-12,106.445262,237.120069,7.466784,56.449793,264.970117,29.612058,0.433296,0.264103,0.395765
global,cloud-free-area,2019-01,105.121229,237.539359,8.661147,54.989112,265.011518,31.320589,0.433296,0.264103,0.395765
global,cloud-free-area,2019-02,100.692991,238.371115,9.451475,53.952074,265.508730,29.054672,0.433296,0.264103,0.395765
global,cloud-free-area,2019-03,97.261769,238.941965,7.348196,53.460235,266.402175,23.690139,0.433296,0.264103,0.395765
global,cloud-free-area,2019-04,96.031403,239.507032,2.188942,54.083165,267.881467,15.763408,0.433296,0.264103,0.395765
global,cloud-free-area,2019-05,95.825689,241.329663,-4.407902,54.464851,269.214946,9.067279,0.433296,0.264103,0.395765
global,cloud-free-area,2019-06,95.317373,242.808141,-8.401256,51.262754,271.139452,7.321552,0.433296,0.264103,0.395765
global,cloud-free-area,2019-07,92.683002,244.786711,-8.171549,49.689371,272.031546,7.578065,0.433296,0.264103,0.395765
global,cloud-free-area,2019-08,91.685557,244.907668,-4.966032,48.892414,271.774964,10.959595,0.433296,0.264103,0.395765
global,cloud-free-area,2019-09,92.630441,243.554968,0.021292,49.762733,270.058051,16.387143,0.433296,0.264103,0.395765
global,cloud-free-area,2019-10,97.864808,240.661812,3.494344,52.802647,267.681287,21.537141,0.433296,0.264103,0.395765
global,cloud-free-area,2019-11,104.416964,238.365465,4.744933,56.311137,266.055001,25.161154,0.433296,0.264103,0.395765
global,cloud-free-area,2019-12,106.349255,238.422427,6.253766,56.923111,265.705086,28.397059,0.433296,0.264103,0.395765
global,cloud-free-area,2020-01,105.495343,237.679299,8.176646,55.592518,265.129394,30.630304,0.433296,0.264103,0.395765
global,cloud-free-area,2020-02,101.048389,239.019632,8.412598,54.436047,266.096422,27.947760,0.433296,0.264103,0.395765
global,cloud-free-area,2020-03,97.365766,239.024267,7.020048,53.603280,266.641181,23.165624,0.433296,0.264103,0.395765
global,cloud-free-area,2020-04,95.424973,239.766142,2.401682,54.545365,267.733185,15.314942,0.433296,0.264103,0.395765
global,cloud-free-area,2020-05,95.522135,241.864639,-4.741730,54.687230,269.759186,8.197752,0.433296,0.264103,0.395765
global,cloud-free-area,2020-06,94.819682,243.735698,-8.877333,51.415331,271.008041,7.254208,0.433296,0.264103,0.395765
global,cloud-free-area,2020-07,93.304735,244.455394,-8.431685,49.401155,271.924214,8.003370,0.433296,0.264103,0.395765
global,cloud-free-area,2020-08,91.100129,244.861523,-4.200614,48.322615,271.766829,11.671776,0.433296,0.264103,0.395765
global,cloud-free-area,2020-09,93.586700,243.488052,-0.697991,49.851519,270.261169,16.265042,0.433296,0.264103,0.395765
global,cloud-free-area,2020-10,100.032204,240.747794,1.426959,53.024840,268.185852,20.996570,0.433296,0.264103,0.395765
global,cloud-free-area,2020-11,105.235158,239.409070,3.021076,56.574870,266.699699,24.390913,0.433296,0.264103,0.395765
global,cloud-free-area,2020-12,107.998001,237.838717,5.293639,56.792945,264.873535,29.463641,0.433296,0.264103,0.395765
global,cloud-free-area,2021-01,105.677384,237.528576,8.165845,55.058297,265.120323,31.192712,0.433296,0.264103,0.395765
global,cloud-free-area,2021-02,100.984409,238.631535,8.885349,53.831727,265.568755,29.101392,0.433296,0.264103,0.395765
global,cloud-free-area,2021-03,97.427853,238.408050,7.694777,53.585119,265.809076,24.136955,0.433296,0.264103,0.395765
global,cloud-free-area,2021-04,96.087141,238.658400,2.960858,54.351654,266.745977,16.609411,0.433296,0.264103,0.395765
global,cloud-free-area,2021-05,96.529142,240.574118,-4.365095,54.590021,269.185157,8.962764,0.433296,0.264103,0.395765
global,cloud-free-area,2021-06,94.511678,242.545008,-7.287410,51.356481,270.315227,8.097571,0.433296,0.264103,0.395765
global,cloud-free-area,2021-07,93.333354,244.101332,-8.019232,49.835491,271.665735,7.914366,0.433296,0.264103,0.395765
global,cloud-free-area,2021-08,91.326094,244.610096,-4.126239,48.808614,271.303764,11.697433,0.433296,0.264103,0.395765
global,cloud-free-area,2021-09,93.384002,242.611515,0.406988,49.541345,269.829980,17.031869,0.433296,0.264103,0.395765
global,cloud-free-area,2021-10,98.707263,240.955464,2.563624,52.535754,268.077425,21.612887,0.433296,0.264103,0.395765
global,cloud-free-area,2021-11,104.434301,238.272356,4.996475,55.628390,265.801319,26.274181,0.433296,0.264103,0.395765
global,cloud-free-area,2021-12,107.505195,237.409897,6.254814,56.200300,264.849527,30.119077,0.433296,0.264103,0.395765
global,cloud-free-area,2022-01,104.821356,237.395712,9.252869,54.883361,264.890462,31.696077,0.433296,0.264103,0.395765
global,cloud-free-area,2022-02,100.498627,238.779945,9.436605,54.010278,265.556285,29.147944,0.433296,0.264103,0.395765
global,cloud-free-area,2022-03,97.799233,238.570104,7.378248,53.833693,266.073078,23.840031,0.433296,0.264103,0.395765
global,cloud-free-area,2022-04,96.097775,240.082112,1.794882,55.093092,267.427341,15.454251,0.433296,0.264103,0.395765
global,cloud-free-area,2022-05,96.791041,241.504039,-5.281786,55.018613,269.108204,8.886813,0.433296,0.264103,0.395765
global,cloud-free-area,2022-06,94.292039,243.103580,-7.389118,51.778869,270.930739,7.297049,0.433296,0.264103,0.395765
global,cloud-free-area,2022-07,93.422674,244.792823,-8.656386,49.651919,272.095121,7.812967,0.433296,0.264103,0.395765
global,cloud-free-area,2022-08,91.810849,243.957868,-3.861258,48.359121,271.229459,12.319049,0.433296,0.264103,0.395765
global,cloud-free-area,2022-09,93.334635,242.963127,0.238734,49.558285,270.127414,16.851929,0.433296,0.264103,0.395765
global,cloud-free-area,2022-10,98.949448,240.671066,2.742770,52.808934,267.994763,21.560216,0.433296,0.264103,0.395765
global,cloud-free-area,2022-11,104.688663,238.472770,4.662435,56.031396,265.586277,26.205917,0.433296,0.264103,0.395765
global,cloud-free-area,2022-12,106.242549,237.291410,7.690647,56.395108,264.762794,30.067059,0.433296,0.264103,0.395765
global,cloud-free-area,2023-01,103.860869,238.171775,9.561515,54.854482,264.841550,31.897955,0.433296,0.264103,0.395765
global,cloud-free-area,2023-02,100.435863,238.408200,10.013869,54.177129,265.394445,29.285464,0.433296,0.264103,0.395765
global,cloud-free-area,2023-03,96.838907,238.837868,8.300931,53.305330,266.500897,24.171050,0.433296,0.264103,0.395765
global,cloud-free-area,2023-04,95.438870,238.812068,3.909278,54.757064,266.803371,16.600118,0.433296,0.264103,0.395765
global,cloud-free-area,2023-05,96.280213,240.087935,-3.314255,54.663022,268.814207,9.576516,0.433296,0.264103,0.395765
global,cloud-free-area,2023-06,94.115728,243.919002,-7.952890,51.633343,271.386963,7.060391,0.433296,0.264103,0.395765
global,cloud-free-area,2023-07,91.941756,245.590909,-7.987369,49.661020,272.512168,7.372240,0.433296,0.264103,0.395765
global,cloud-free-area,2023-08,90.044337,246.013832,-4.071805,48.260243,272.567384,11.158829,0.433296,0.264103,0.395765
global,cloud-free-area,2023-09,91.849930,244.605103,0.131962,49.341370,271.262913,15.983664,0.433296,0.264103,0.395765
global,cloud-free-area,2023-10,97.712240,242.530715,2.228272,52.220926,269.118629,21.131711,0.433296,0.264103,0.395765
global,cloud-free-area,2023-11,104.118761,239.297295,4.488353,55.869958,266.722081,25.312240,0.433296,0.264103,0.395765
global,cloud-free-area,2023-12,106.337001,238.256482,6.774646,56.226521,265.741759,29.399586,0.433296,0.264103,0.395765
global,cloud-free-area,2024-01,104.892066,238.815926,8.002729,54.947015,266.151184,30.612586,0.433296,0.264103,0.395765
global,cloud-free-area,2024-02,100.829495,239.188736,8.741937,53.715644,266.590699,28.453838,0.433296,0.264103,0.395765
global,cloud-free-area,2024-03,97.854800,239.209762,6.714673,53.247085,266.957356,23.575475,0.433296,0.264103,0.395765
global,cloud-free-area,2024-04,95.849589,239.871798,2.276740,54.088426,267.931285,15.978462,0.433296,0.264103,0.395765
global,cloud-free-area,2024-05,96.440093,242.416575,-5.892637,54.692738,270.034180,8.236538,0.433296,0.264103,0.395765
global,cloud-free-area,2024-06,94.759226,244.133030,-8.869934,51.380677,271.682097,6.959086,0.433296,0.264103,0.395765
global,cloud-free-area,2024-07,93.173486,245.303760,-8.773083,49.629806,272.799164,7.276166,0.433296,0.264103,0.395765
global,cloud-free-area,2024-08,90.930928,245.630875,-4.574643,48.415845,272.532152,11.039419,0.433296,0.264103,0.395765
global,cloud-free-area,2024-09,92.647051,244.555737,-0.359914,49.408681,271.161176,16.273299,0.433296,0.264103,0.395765
global,cloud-free-area,2024-10,98.517852,241.525827,2.445576,52.376908,268.906655,21.205651,0.433296,0.264103,0.395765
global,cloud-free-area,2024-11,104.146462,239.634508,4.210281,55.939672,266.619983,25.431062,0.433296,0.264103,0.395765
global,cloud-free-area,2024-12,106.672936,238.879468,5.887635,56.968717,265.820601,28.650386,0.433296,0.264103,0.395765
global,cloud-free-area,2025-01,103.202438,238.759866,9.705115,54.810361,265.741406,31.115897,0.433296,0.264103,0.395765
global,cloud-free-area,2025-02,100.141618,239.650313,9.004311,53.725968,266.427108,28.643453,0.433296,0.264103,0.395765
global,cloud-free-area,2025-03,96.537663,240.007005,7.359084,53.170489,267.003329,23.729962,0.433296,0.264103,0.395765
global,cloud-free-area,2025-04,95.849411,240.217442,1.977571,54.237286,267.798932,16.009035,0.433296,0.264103,0.395765
global,cloud-free-area,2025-05,96.454241,241.562047,-5.021434,54.543258,269.539234,8.912074,0.433296,0.264103,0.395765
global,cloud-free-area,2025-06,94.759411,244.209461,-8.926815,51.831987,271.279979,6.930603,0.433296,0.264103,0.395765
global,cloud-free-area,2025-07,92.672013,244.928229,-7.909244,49.306967,272.014015,8.370399,0.433296,0.264103,0.395765
global,cloud-free-area,2025-08,90.939660,244.837663,-3.739133,48.252205,271.677352,12.108280,0.433296,0.264103,0.395765
global,cloud-free-area,2025-09,92.357439,243.896493,0.357417,49.118048,270.515992,16.977674,0.433296,0.264103,0.395765
global,cloud-free-area,2025-10,98.518315,241.621385,2.280017,52.266986,268.606546,21.546603,0.433296,0.264103,0.395765
global,cloud-free-area,2025-11,103.893279,239.380292,4.655814,55.816737,266.541419,25.570571,0.433296,0.264103,0.395765
global,cloud-free-area,2025-12,106.011720,237.242313,8.007895,56.101302,265.042620,30.117511,0.433296,0.264103,0.395765
global,cloud-free-area,2026-01,103.496625,238.261762,9.783236,54.890199,265.338478,31.312709,0.433296,0.264103,0.395765
global,cloud-free-area,2026-02,99.312112,238.989509,10.411461,53.635584,265.913745,29.163153,0.433296,0.264103,0.395765
global,cloud-free-area,2026-03,96.972602,239.217591,7.576422,52.788827,266.548028,24.430491,0.433296,0.264103,0.395765
global,cloud-free-area,2026-04,95.242654,239.367032,3.339174,53.996842,267.174055,16.778251,0.433296,0.264103,0.395765
global,cloud-free-area,2026-05,96.560410,241.573151,-5.126369,54.062219,269.590769,9.353365,0.433296,0.264103,0.395765
global,total-region,2000-03,99.259220,238.260854,5.956341,54.833523,264.296449,24.346728,0.436503,0.251561,0.409326
global,total-region,2000-04,97.778149,238.044972,1.930631,55.841838,265.030452,16.881654,0.436503,0.251561,0.409326
global,total-region,2000-05,97.928071,240.760376,-5.929587,55.933540,267.274870,9.550190,0.436503,0.251561,0.409326
global,total-region,2000-06,96.820395,243.227966,-10.230057,53.526934,269.479193,6.812377,0.436503,0.251561,0.409326
global,total-region,2000-07,94.221084,243.985584,-8.708398,50.546746,270.118736,8.833117,0.436503,0.251561,0.409326
global,total-region,2000-08,93.580420,243.660559,-5.212380,49.813613,270.039952,12.175118,0.436503,0.251561,0.409326
global,total-region,2000-09,95.207598,242.236206,-0.899814,51.040580,268.103102,17.401035,0.436503,0.251561,0.409326
global,total-region,2000-10,101.913126,238.959327,1.659359,54.317299,265.670304,22.544465,0.436503,0.251561,0.409326
global,total-region,2000-11,106.527208,237.252574,4.152031,57.513277,263.706053,26.712116,0.436503,0.251561,0.409326
global,total-region,2000-12,108.284166,237.076405,6.005747,58.125200,262.729019,30.513571,0.436503,0.251561,0.409326
global,total-region,2001-01,104.706382,237.070987,9.778725,56.211458,262.940209,32.404733,0.436503,0.251561,0.409326
global,total-region,2001-02,102.868610,236.851347,8.970407,55.295963,263.071605,30.323143,0.436503,0.251561,0.409326
global,total-region,2001-03,99.093975,236.925347,7.539152,54.976145,263.998944,24.583696,0.436503,0.251561,0.409326
global,total-region,2001-04,98.470068,238.274766,1.001292,56.603949,265.139414,16.002779,0.436503,0.251561,0.409326
global,total-region,2001-05,97.902246,241.088256,-6.114560,55.644837,267.335345,9.895533,0.436503,0.251561,0.409326
global,total-region,2001-06,96.671556,242.924702,-9.725197,54.379038,268.828691,6.663146,0.436503,0.251561,0.409326
global,total-region,2001-07,93.905920,244.351008,-8.672647,50.475715,270.236990,8.871633,0.436503,0.251561,0.409326
global,total-region,2001-08,93.333874,244.674847,-6.095781,49.753116,270.516576,11.642939,0.436503,0.251561,0.409326
global,total-region,2001-09,94.460647,241.985982,0.012244,50.465453,268.196351,17.797303,0.436503,0.251561,0.409326
global,total-region,2001-10,101.595173,239.705517,1.095298,53.744039,266.424069,22.228416,0.436503,0.251561,0.409326
global,total-region,2001-11,105.826081,238.398275,3.573207,56.586373,264.378844,26.832640,0.436503,0.251561,0.409326
global,total-region,2001-12,108.870172,237.275329,5.155808,57.370758,263.281399,30.648394,0.436503,0.251561,0.409326
global,total-region,2002-01,106.612542,237.231109,7.819554,55.440926,263.436354,32.785211,0.436503,0.251561,0.409326
global,total-region,2002-02,102.750235,238.011280,8.044439,53.961711,263.871943,30.972534,0.436503,0.251561,0.409326
global,total-region,2002-03,99.190530,238.103249,6.496666,53.973185,264.487765,25.329449,0.436503,0.251561,0.409326
global,total-region,2002-04,97.886311,239.277991,0.699469,55.746723,265.101702,17.015158,0.436503,0.251561,0.409326
global,total-region,2002-05,96.691242,241.777115,-5.564910,55.981275,267.459403,9.462689,0.436503,0.251561,0.409326
global,total-region,2002-06,96.836504,243.211890,-10.111858,53.432774,269.502468,7.000592,0.436503,0.251561,0.409326
global,total-region,2002-07,94.641785,244.946011,-10.166852,50.847842,270.623302,7.949708,0.436503,0.251561,0.409326
global,total-region,2002-08,93.817465,244.577421,-6.579451,49.728889,270.252641,11.833970,0.436503,0.251561,0.409326
global,total-region,2002-09,94.461919,243.162469,-1.169304,50.239610,268.659163,17.556729,0.436503,0.251561,0.409326
global,total-region,2002-10,99.637307,240.043720,2.588864,53.421981,265.874705,22.973371,0.436503,0.251561,0.409326
global,total-region,2002-11,106.317011,237.884896,3.519828,57.143324,264.278647,26.299850,0.436503,0.251561,0.409326
global,total-region,2002-12,108.337822,236.907481,6.046318,57.860040,263.091902,30.339571,0.436503,0.251561,0.409326
global,total-region,2003-01,105.976047,237.962669,7.615623,56.146689,263.791746,31.615996,0.436503,0.251561,0.409326
global,total-region,2003-02,101.792264,238.082661,8.845985,54.941015,263.640265,30.139485,0.436503,0.251561,0.409326
global,total-region,2003-03,98.305657,238.903820,6.408689,54.877768,264.184304,24.556643,0.436503,0.251561,0.409326
global,total-region,2003-04,97.487814,239.035089,1.290164,55.543809,265.129608,17.139754,0.436503,0.251561,0.409326
global,total-region,2003-05,97.869194,240.971289,-6.007623,56.406172,267.395253,9.031450,0.436503,0.251561,0.409326
global,total-region,2003-06,95.968392,243.235283,-9.437258,53.546832,269.007921,7.211499,0.436503,0.251561,0.409326
global,total-region,2003-07,93.638963,244.660028,-8.913655,50.653502,270.329478,8.402813,0.436503,0.251561,0.409326
global,total-region,2003-08,92.238069,244.260084,-4.724948,49.240420,269.754595,12.778297,0.436503,0.251561,0.409326
global,total-region,2003-09,94.162023,242.827886,-0.592497,49.994909,268.516233,17.886353,0.436503,0.251561,0.409326
global,total-region,2003-10,99.614783,240.756364,1.589390,52.916346,266.363517,22.680311,0.436503,0.251561,0.409326
global,total-region,2003-11,105.675278,238.186262,3.747955,56.992437,263.757726,26.858785,0.436503,0.251561,0.409326
global,total-region,2003-12,107.488168,237.639436,6.014483,57.458756,263.505455,30.177240,0.436503,0.251561,0.409326
global,total-region,2004-01,105.793856,236.964639,8.640038,55.602543,262.689882,33.106188,0.436503,0.251561,0.409326
global,total-region,2004-02,101.353526,238.079646,9.094595,54.509736,263.710561,30.307543,0.436503,0.251561,0.409326
global,total-region,2004-03,99.884966,237.999482,5.567422,54.448803,264.288080,24.714689,0.436503,0.251561,0.409326
global,total-region,2004-04,96.410022,238.888939,2.358944,55.076713,264.802011,17.778528,0.436503,0.251561,0.409326
global,total-region,2004-05,98.502318,240.646814,-6.475318,55.969124,266.622268,10.081729,0.436503,0.251561,0.409326
global,total-region,2004-06,96.887580,243.303252,-10.487527,53.632487,269.156101,6.914427,0.436503,0.251561,0.409326
global,total-region,2004-07,93.360134,243.791414,-7.854011,50.478393,269.406550,9.412264,0.436503,0.251561,0.409326
global,total-region,2004-08,92.595049,244.361676,-5.197583,49.108658,269.507155,13.143166,0.436503,0.251561,0.409326
global,total-region,2004-09,93.990818,242.509102,-0.036011,50.213552,268.103239,18.146933,0.436503,0.251561,0.409326
global,total-region,2004-10,100.424658,240.500592,1.361751,54.141697,265.363457,22.781980,0.436503,0.251561,0.409326
global,total-region,2004-11,105.669559,237.857006,4.183445,56.677185,263.700956,27.331773,0.436503,0.251561,0.409326
global,total-region,2004-12,107.310446,236.658843,7.186868,57.128144,262.578550,31.448435,0.436503,0.251561,0.409326
global,total-region,2005-01,105.654047,237.559667,8.040067,55.845536,263.110498,32.297837,0.436503,0.251561,0.409326
global,total-region,2005-02,102.355125,238.263183,7.818809,54.545864,263.441458,30.449376,0.436503,0.251561,0.409326
global,total-region,2005-03,98.735404,238.094911,6.612780,54.200880,264.000218,25.241887,0.436503,0.251561,0.409326
global,total-region,2005-04,97.286043,239.224556,1.122182,55.652342,265.475733,16.504464,0.436503,0.251561,0.409326
global,total-region,2005-05,96.968253,239.997189,-4.314906,55.736762,266.653367,10.260743,0.436503,0.251561,0.409326
global,total-region,2005-06,96.478647,243.097726,-9.907164,53.115603,269.235442,7.318950,0.436503,0.251561,0.409326
global,total-region,2005-07,94.384797,244.792275,-9.849927,50.471668,270.517915,8.338008,0.436503,0.251561,0.409326
global,total-region,2005-08,93.181225,244.515440,-5.942437,49.369476,270.077442,12.307373,0.436503,0.251561,0.409326
global,total-region,2005-09,94.201702,242.802361,-0.655252,50.708839,268.381721,17.258209,0.436503,0.251561,0.409326
global,total-region,2005-10,100.092669,240.621765,1.492209,53.367553,266.554549,22.283953,0.436503,0.251561,0.409326
global,total-region,2005-11,105.698220,238.354336,3.569737,57.178520,264.249898,26.194001,0.436503,0.251561,0.409326
global,total-region,2005-12,106.724616,237.331549,6.995261,56.995367,263.315220,30.740765,0.436503,0.251561,0.409326
global,total-region,2006-01,105.972918,236.357419,8.977907,55.614980,262.942435,32.750278,0.436503,0.251561,0.409326
global,total-region,2006-02,102.103031,237.163429,9.191397,54.135094,263.351153,30.971252,0.436503,0.251561,0.409326
global,total-region,2006-03,98.869355,237.999654,6.603998,54.468251,264.006355,24.998340,0.436503,0.251561,0.409326
global,total-region,2006-04,97.202758,238.076039,2.398352,55.427616,264.763811,17.485401,0.436503,0.251561,0.409326
global,total-region,2006-05,96.805465,240.181565,-4.227184,55.117080,266.540899,11.101846,0.436503,0.251561,0.409326
global,total-region,2006-06,95.444976,243.489237,-9.204488,52.946165,269.192767,7.590991,0.436503,0.251561,0.409326
global,total-region,2006-07,93.754132,244.892836,-9.328673,50.472976,270.242244,8.603115,0.436503,0.251561,0.409326
global,total-region,2006-08,92.785297,244.679936,-5.810521,49.381134,270.235212,12.037997,0.436503,0.251561,0.409326
global,total-region,2006-09,93.859346,242.930679,-0.494563,50.285206,268.379418,17.631075,0.436503,0.251561,0.409326
global,total-region,2006-10,100.754205,240.131671,1.216687,53.585193,266.091507,22.426217,0.436503,0.251561,0.409326
global,total-region,2006-11,105.050315,238.128283,4.338213,57.146869,263.810113,26.559456,0.436503,0.251561,0.409326
global,total-region,2006-12,107.801559,237.092075,6.094400,57.843346,263.212955,29.931878,0.436503,0.251561,0.409326
global,total-region,2007-01,105.990512,238.371199,6.914873,56.027309,263.917480,31.331585,0.436503,0.251561,0.409326
global,total-region,2007-02,101.495107,238.412635,8.552664,54.442904,263.691720,30.325810,0.436503,0.251561,0.409326
global,total-region,2007-03,98.808637,238.839269,5.877466,54.658110,264.493592,24.373510,0.436503,0.251561,0.409326
global,total-region,2007-04,96.534577,239.266999,1.905200,55.024630,265.100463,17.582061,0.436503,0.251561,0.409326
global,total-region,2007-05,97.284836,241.055272,-5.623670,55.809737,267.037258,9.869053,0.436503,0.251561,0.409326
global,total-region,2007-06,96.053886,242.351634,-8.698449,53.030259,268.499272,8.178497,0.436503,0.251561,0.409326
global,total-region,2007-07,93.693696,244.435880,-8.858260,50.048977,269.916735,9.304693,0.436503,0.251561,0.409326
global,total-region,2007-08,92.965408,244.374381,-5.708012,49.095515,269.813657,12.722570,0.436503,0.251561,0.409326
global,total-region,2007-09,94.668959,243.291181,-1.760307,50.427206,268.490808,17.281224,0.436503,0.251561,0.409326
global,total-region,2007-10,99.621767,240.762182,1.637302,53.438761,266.279498,22.302685,0.436503,0.251561,0.409326
global,total-region,2007-11,106.116794,238.335444,3.055242,57.240763,263.752190,26.514809,0.436503,0.251561,0.409326
global,total-region,2007-12,108.901165,237.038009,5.057293,58.102319,262.720777,30.172703,0.436503,0.251561,0.409326
global,total-region,2008-01,106.552363,236.198628,8.564547,56.420612,262.005309,32.889779,0.436503,0.251561,0.409326
global,total-region,2008-02,102.324811,237.696474,8.407069,55.100376,263.044023,30.283781,0.436503,0.251561,0.409326
global,total-region,2008-03,97.727645,238.056619,7.559225,54.363560,263.755953,25.223918,0.436503,0.251561,0.409326
global,total-region,2008-04,97.122968,238.637476,1.787832,55.873327,264.721927,16.953314,0.436503,0.251561,0.409326
global,total-region,2008-05,96.387875,240.370638,-4.159046,55.774513,266.290263,10.534451,0.436503,0.251561,0.409326
global,total-region,2008-06,95.710309,242.537770,-8.626553,53.264951,268.664606,7.691282,0.436503,0.251561,0.409326
global,total-region,2008-07,93.077878,244.293726,-8.089603,50.364623,270.206991,8.710878,0.436503,0.251561,0.409326
global,total-region,2008-08,92.020275,243.551086,-3.870673,49.191939,269.138615,13.369922,0.436503,0.251561,0.409326
global,total-region,2008-09,95.039834,241.993393,-0.707283,50.527354,267.796380,18.002371,0.436503,0.251561,0.409326
global,total-region,2008-10,99.623003,239.874020,2.657723,53.634848,265.752929,22.767007,0.436503,0.251561,0.409326
global,total-region,2008-11,106.205085,237.893521,3.516765,57.093661,263.755163,26.766957,0.436503,0.251561,0.409326
global,total-region,2008-12,107.076470,236.612591,7.339418,57.561349,262.615859,30.851871,0.436503,0.251561,0.409326
global,total-region,2009-01,105.723630,236.852021,8.676696,55.916128,262.780533,32.555515,0.436503,0.251561,0.409326
global,total-region,2009-02,101.720953,237.373944,9.291312,54.394114,263.121777,30.871050,0.436503,0.251561,0.409326
global,total-region,2009-03,98.787911,237.180529,7.427578,54.765619,263.374970,25.255584,0.436503,0.251561,0.409326
global,total-region,2009-04,96.726192,238.970619,1.890808,55.389327,264.741251,17.457234,0.436503,0.251561,0.409326
global,total-region,2009-05,96.436336,240.612658,-4.400187,56.057868,266.602378,9.988800,0.436503,0.251561,0.409326
global,total-region,2009-06,95.216025,241.980342,-7.532120,53.168809,268.232778,8.263065,0.436503,0.251561,0.409326
global,total-region,2009-07,93.865303,244.260362,-8.825787,50.585351,270.220931,8.492955,0.436503,0.251561,0.409326
global,total-region,2009-08,92.135366,244.594938,-5.038340,49.446651,269.938527,12.306790,0.436503,0.251561,0.409326
global,total-region,2009-09,94.948355,242.742603,-1.391749,50.436855,268.273031,17.589616,0.436503,0.251561,0.409326
global,total-region,2009-10,100.038981,240.524548,1.542000,53.375767,265.921027,22.808996,0.436503,0.251561,0.409326
global,total-region,2009-11,106.379175,238.259272,2.930273,56.887881,263.907608,26.773453,0.436503,0.251561,0.409326
global,total-region,2009-12,107.923241,236.808205,6.261760,57.461024,262.846228,30.687243,0.436503,0.251561,0.409326
global,total-region,2010-01,106.356781,238.251228,6.662440,55.942952,263.782506,31.544896,0.436503,0.251561,0.409326
global,total-region,2010-02,102.455002,237.952038,8.075162,54.568218,263.642580,30.271607,0.436503,0.251561,0.409326
global,total-region,2010-03,98.890111,238.992868,5.627673,54.912716,264.705095,23.893048,0.436503,0.251561,0.409326
global,total-region,2010-04,97.001554,238.646293,2.077645,55.284690,265.053928,17.386935,0.436503,0.251561,0.409326
global,total-region,2010-05,97.525736,241.168529,-5.944857,55.029342,267.094237,10.625630,0.436503,0.251561,0.409326
global,total-region,2010-06,96.516097,242.942702,-9.727029,52.461191,268.668826,8.602187,0.436503,0.251561,0.409326
global,total-region,2010-07,94.630634,244.073811,-9.346058,50.010907,269.903779,9.443296,0.436503,0.251561,0.409326
global,total-region,2010-08,93.147845,244.620583,-6.049004,49.055618,270.008144,12.655982,0.436503,0.251561,0.409326
global,total-region,2010-09,94.532871,242.725992,-0.947253,49.713746,268.332760,18.265206,0.436503,0.251561,0.409326
global,total-region,2010-10,100.350350,240.228009,1.513883,53.100068,265.978313,23.013504,0.436503,0.251561,0.409326
global,total-region,2010-11,106.221388,238.704506,2.652317,56.911352,264.130304,26.536166,0.436503,0.251561,0.409326
global,total-region,2010-12,108.157478,237.205056,5.660029,57.644484,262.648145,30.729412,0.436503,0.251561,0.409326
global,total-region,2011-01,106.096717,236.646458,8.575763,55.807363,262.281363,33.230076,0.436503,0.251561,0.409326
global,total-region,2011-02,102.096236,237.930069,8.492847,54.421295,263.431991,30.665621,0.436503,0.251561,0.409326
global,total-region,2011-03,98.219319,238.492405,6.859756,54.417135,263.626136,25.527958,0.436503,0.251561,0.409326
global,total-region,2011-04,97.025138,238.424730,2.396503,55.179214,264.439935,18.227353,0.436503,0.251561,0.409326
global,total-region,2011-05,97.521896,239.604479,-4.268821,55.468662,266.043448,11.345343,0.436503,0.251561,0.409326
global,total-region,2011-06,96.920492,242.388012,-9.492032,53.079373,268.545892,8.191876,0.436503,0.251561,0.409326
global,total-region,2011-07,93.749274,244.590340,-8.984276,50.515864,270.091769,8.746813,0.436503,0.251561,0.409326
global,total-region,2011-08,92.221303,244.848281,-5.382427,49.145781,269.757852,12.783393,0.436503,0.251561,0.409326
global,total-region,2011-09,93.841492,243.789475,-1.362452,50.229701,268.557496,17.481746,0.436503,0.251561,0.409326
global,total-region,2011-10,99.166596,239.863156,3.094474,53.360357,265.488793,23.275141,0.436503,0.251561,0.409326
global,total-region,2011-11,106.036097,237.643620,3.980321,57.129655,263.398800,27.131593,0.436503,0.251561,0.409326
global,total-region,2011-12,109.321372,237.046145,4.798538,58.099374,262.586030,30.479785,0.436503,0.251561,0.409326
global,total-region,2012-01,105.551950,237.155945,8.740383,56.144091,262.523934,32.780194,0.436503,0.251561,0.409326
global,total-region,2012-02,101.234486,236.684082,10.667721,54.817711,262.273998,31.494258,0.436503,0.251561,0.409326
global,total-region,2012-03,99.147490,237.637080,6.697886,54.994203,263.485368,25.002881,0.436503,0.251561,0.409326
global,total-region,2012-04,97.042808,238.082471,2.574554,54.991835,264.380461,18.327653,0.436503,0.251561,0.409326
global,total-region,2012-05,96.295059,240.622793,-4.202030,55.381058,266.708708,10.626577,0.436503,0.251561,0.409326
global,total-region,2012-06,95.163393,243.342035,-8.743002,52.336787,268.874848,8.550833,0.436503,0.251561,0.409326
global,total-region,2012-07,93.872895,243.680987,-8.194972,50.155776,269.487692,9.715993,0.436503,0.251561,0.409326
global,total-region,2012-08,92.450544,243.956212,-4.530390,48.955463,269.519974,13.401131,0.436503,0.251561,0.409326
global,total-region,2012-09,94.210928,242.976920,-0.657110,49.990388,268.368639,18.171437,0.436503,0.251561,0.409326
global,total-region,2012-10,98.930175,240.761444,2.621258,53.077443,266.123983,23.111375,0.436503,0.251561,0.409326
global,total-region,2012-11,105.623179,237.591602,4.565127,56.959858,263.710159,27.110011,0.436503,0.251561,0.409326
global,total-region,2012-12,107.666712,236.453779,7.058281,57.520467,262.509631,31.147569,0.436503,0.251561,0.409326
global,total-region,2013-01,106.526866,238.058719,6.776218,55.819072,263.369016,32.173259,0.436503,0.251561,0.409326
global,total-region,2013-02,102.034015,237.995492,8.479147,54.676126,263.394234,30.437861,0.436503,0.251561,0.409326
global,total-region,2013-03,98.518385,237.674323,7.337983,54.569225,263.503595,25.457650,0.436503,0.251561,0.409326
global,total-region,2013-04,97.421881,238.965973,1.301733,55.508604,264.741076,17.439581,0.436503,0.251561,0.409326
global,total-region,2013-05,97.184358,240.414413,-4.803713,55.298449,266.619613,10.877140,0.436503,0.251561,0.409326
global,total-region,2013-06,96.606101,242.818235,-9.601100,52.887551,268.884067,8.052062,0.436503,0.251561,0.409326
global,total-region,2013-07,94.286646,243.558682,-8.359216,50.119975,269.293782,10.072650,0.436503,0.251561,0.409326
global,total-region,2013-08,92.251683,244.564802,-4.940438,49.117171,269.556779,13.202555,0.436503,0.251561,0.409326
global,total-region,2013-09,94.550292,242.740918,-0.788696,49.974384,268.428535,18.099718,0.436503,0.251561,0.409326
global,total-region,2013-10,99.816955,240.855379,1.562642,53.314220,265.966800,22.954258,0.436503,0.251561,0.409326
global,total-region,2013-11,106.031259,237.786111,3.875149,57.139943,263.731190,26.821123,0.436503,0.251561,0.409326
global,total-region,2013-12,107.659011,237.324948,6.201902,57.652994,262.998910,30.534898,0.436503,0.251561,0.409326
global,total-region,2014-01,105.930656,237.596176,7.847465,55.876165,263.168180,32.330021,0.436503,0.251561,0.409326
global,total-region,2014-02,102.047436,238.001640,8.446421,54.856030,263.307173,30.332305,0.436503,0.251561,0.409326
global,total-region,2014-03,98.193191,238.475681,7.050530,54.200418,263.805957,25.713612,0.436503,0.251561,0.409326
global,total-region,2014-04,96.770225,238.700708,2.401489,55.060847,264.748606,18.062827,0.436503,0.251561,0.409326
global,total-region,2014-05,96.932202,240.251231,-4.301458,55.018339,266.681645,11.181549,0.436503,0.251561,0.409326
global,total-region,2014-06,96.339765,243.090819,-9.571857,52.950792,268.754931,8.151777,0.436503,0.251561,0.409326
global,total-region,2014-07,94.225344,244.604707,-9.379425,50.452918,269.902053,9.095442,0.436503,0.251561,0.409326
global,total-region,2014-08,91.675986,244.404029,-4.211353,49.147556,269.401390,13.320078,0.436503,0.251561,0.409326
global,total-region,2014-09,93.884587,242.737540,-0.183099,50.054702,268.072406,18.311689,0.436503,0.251561,0.409326
global,total-region,2014-10,99.196953,240.741206,2.226062,53.477679,266.006313,22.680177,0.436503,0.251561,0.409326
global,total-region,2014-11,105.617712,238.021770,4.097458,57.103723,263.570473,27.062790,0.436503,0.251561,0.409326
global,total-region,2014-12,108.316703,237.016674,5.851685,58.017750,262.811349,30.356054,0.436503,0.251561,0.409326
global,total-region,2015-01,105.830311,238.273830,7.408299,56.215306,263.292373,32.004509,0.436503,0.251561,0.409326
global,total-region,2015-02,101.377513,238.201267,9.211154,54.129518,263.269584,31.391486,0.436503,0.251561,0.409326
global,total-region,2015-03,98.567502,238.118507,7.097091,53.915501,263.952795,25.914738,0.436503,0.251561,0.409326
global,total-region,2015-04,96.511217,239.146244,2.315410,55.028432,264.805880,18.138339,0.436503,0.251561,0.409326
global,total-region,2015-05,96.450669,240.780218,-4.297149,55.354585,266.855803,10.723100,0.436503,0.251561,0.409326
global,total-region,2015-06,95.822470,242.944811,-8.898615,52.691054,268.966679,8.210167,0.436503,0.251561,0.409326
global,total-region,2015-07,93.053425,244.492118,-8.054007,50.306286,269.748171,9.436598,0.436503,0.251561,0.409326
global,total-region,2015-08,91.476914,244.497422,-4.213644,49.237345,269.497065,13.026061,0.436503,0.251561,0.409326
global,total-region,2015-09,93.020015,243.092761,0.213787,49.985094,268.024122,18.317603,0.436503,0.251561,0.409326
global,total-region,2015-10,98.740993,241.151601,2.294886,53.744402,266.376358,22.066540,0.436503,0.251561,0.409326
global,total-region,2015-11,105.418517,238.363544,3.903429,57.124154,263.775045,26.786393,0.436503,0.251561,0.409326
global,total-region,2015-12,107.399515,237.627026,6.118475,57.547326,263.258624,30.338633,0.436503,0.251561,0.409326
global,total-region,2016-01,105.365179,238.105549,7.996443,55.824006,263.626643,32.016926,0.436503,0.251561,0.409326
global,total-region,2016-02,101.607646,239.688266,7.313264,54.346730,264.681773,29.581361,0.436503,0.251561,0.409326
global,total-region,2016-03,98.342777,238.853725,6.322360,53.787730,264.422121,25.309125,0.436503,0.251561,0.409326
global,total-region,2016-04,95.898738,240.252599,1.480944,54.650546,265.545155,17.436503,0.436503,0.251561,0.409326
global,total-region,2016-05,96.537652,241.054712,-4.892592,54.388869,266.712472,11.598661,0.436503,0.251561,0.409326
global,total-region,2016-06,94.695379,242.582843,-7.532038,51.934260,268.154808,9.657266,0.436503,0.251561,0.409326
global,total-region,2016-07,93.057480,244.510723,-8.185041,49.974181,269.762634,9.646027,0.436503,0.251561,0.409326
global,total-region,2016-08,92.003863,244.439528,-4.638134,48.513383,269.880576,13.411820,0.436503,0.251561,0.409326
global,total-region,2016-09,93.557073,243.118427,-0.237983,49.536588,267.955014,18.945816,0.436503,0.251561,0.409326
global,total-region,2016-10,99.261682,240.946729,2.043625,52.772533,266.120520,23.358973,0.436503,0.251561,0.409326
global,total-region,2016-11,104.545230,238.341508,4.817918,55.958832,263.953866,27.792652,0.436503,0.251561,0.409326
global,total-region,2016-12,106.985679,237.225789,6.874097,56.699017,262.950924,31.434465,0.436503,0.251561,0.409326
global,total-region,2017-01,103.746806,238.286968,9.276537,55.165367,263.287936,32.856541,0.436503,0.251561,0.409326
global,total-region,2017-02,100.106604,238.642655,9.708164,53.970883,263.687674,30.799029,0.436503,0.251561,0.409326
global,total-region,2017-03,97.694991,238.513601,7.248762,53.650822,263.947866,25.858375,0.436503,0.251561,0.409326
global,total-region,2017-04,95.642351,240.099270,1.928089,54.709706,265.095477,17.864307,0.436503,0.251561,0.409326
global,total-region,2017-05,96.430116,241.503604,-5.213897,55.209147,266.965540,10.545006,0.436503,0.251561,0.409326
global,total-region,2017-06,95.178438,242.993729,-8.435775,52.450725,268.313876,8.972135,0.436503,0.251561,0.409326
global,total-region,2017-07,92.751545,244.687691,-8.103592,49.970498,269.854707,9.510630,0.436503,0.251561,0.409326
global,total-region,2017-08,92.532952,244.266299,-5.074031,48.919131,269.357241,13.448826,0.436503,0.251561,0.409326
global,total-region,2017-09,93.939279,243.409892,-1.043789,50.009995,268.073265,18.222232,0.436503,0.251561,0.409326
global,total-region,2017-10,100.091708,240.737534,1.362756,53.070012,265.868362,23.253507,0.436503,0.251561,0.409326
global,total-region,2017-11,105.587083,238.041894,4.009321,56.228417,263.487683,27.922221,0.436503,0.251561,0.409326
global,total-region,2017-12,107.909653,237.441545,5.696846,56.804412,262.784828,31.459195,0.436503,0.251561,0.409326
global,total-region,2018-01,105.150767,237.286545,8.850390,55.452781,262.707023,33.127494,0.436503,0.251561,0.409326
global,total-region,2018-02,102.188822,237.090046,9.158235,53.990952,262.478414,31.967871,0.436503,0.251561,0.409326
global,total-region,2018-03,98.375309,238.401772,6.706993,54.088405,263.891848,25.504650,0.436503,0.251561,0.409326
global,total-region,2018-04,95.471563,239.235757,2.994224,55.420814,264.749286,17.531236,0.436503,0.251561,0.409326
global,total-region,2018-05,96.219659,240.937585,-4.414695,55.604783,266.461218,10.677320,0.436503,0.251561,0.409326
global,total-region,2018-06,95.914507,243.376509,-9.554827,52.766076,268.603303,8.367089,0.436503,0.251561,0.409326
global,total-region,2018-07,93.478059,244.396765,-8.537238,50.538259,269.751958,9.047684,0.436503,0.251561,0.409326
global,total-region,2018-08,92.508374,243.987108,-4.803529,49.258476,269.240185,13.193457,0.436503,0.251561,0.409326
global,total-region,2018-09,93.035763,242.821721,0.424237,49.771170,267.607417,18.902688,0.436503,0.251561,0.409326
global,total-region,2018-10,98.821740,240.288601,2.982085,52.851444,265.216777,24.023941,0.436503,0.251561,0.409326
global,total-region,2018-11,104.656430,237.793557,5.117697,56.519292,263.203871,27.844637,0.436503,0.251561,0.409326
global,total-region,2018-12,106.445262,237.120069,7.466784,56.844745,262.753918,31.432976,0.436503,0.251561,0.409326
global,total-region,2019-01,105.121229,237.539359,8.661147,55.378361,262.973816,32.970022,0.436503,0.251561,0.409326
global,total-region,2019-02,100.692991,238.371115,9.451475,54.371421,263.381973,30.761940,0.436503,0.251561,0.409326
global,total-region,2019-03,97.261769,238.941965,7.348196,53.792696,264.239598,25.520131,0.436503,0.251561,0.409326
global,total-region,2019-04,96.031403,239.507032,2.188942,54.521830,265.311793,17.893934,0.436503,0.251561,0.409326
global,total-region,2019-05,95.825689,241.329663,-4.407902,54.754071,266.671360,11.322101,0.436503,0.251561,0.409326
global,total-region,2019-06,95.317373,242.808141,-8.401256,51.961347,268.755482,9.006824,0.436503,0.251561,0.409326
global,total-region,2019-07,92.683002,244.786711,-8.171549,50.435537,269.843005,9.020211,0.436503,0.251561,0.409326
global,total-region,2019-08,91.685557,244.907668,-4.966032,49.514531,269.680348,12.432726,0.436503,0.251561,0.409326
global,total-region,2019-09,92.630441,243.554968,0.021292,50.286717,267.797099,18.123235,0.436503,0.251561,0.409326
global,total-region,2019-10,97.864808,240.661812,3.494344,53.110339,265.510547,23.399777,0.436503,0.251561,0.409326
global,total-region,2019-11,104.416964,238.365465,4.744933,56.757691,263.782582,26.987160,0.436503,0.251561,0.409326
global,total-region,2019-12,106.349255,238.422427,6.253766,57.187059,263.335973,30.502755,0.436503,0.251561,0.409326
global,total-region,2020-01,105.495343,237.679299,8.176646,56.325095,262.715930,32.310532,0.436503,0.251561,0.409326
global,total-region,2020-02,101.048389,239.019632,8.412598,54.925396,263.963943,29.590916,0.436503,0.251561,0.409326
global,total-region,2020-03,97.365766,239.024267,7.020048,54.002916,264.368039,25.039179,0.436503,0.251561,0.409326
global,total-region,2020-04,95.424973,239.766142,2.401682,54.652828,265.174028,17.766365,0.436503,0.251561,0.409326
global,total-region,2020-05,95.522135,241.864639,-4.741730,54.824296,267.332219,10.488624,0.436503,0.251561,0.409326
global,total-region,2020-06,94.819682,243.735698,-8.877333,52.346267,268.711058,8.620463,0.436503,0.251561,0.409326
global,total-region,2020-07,93.304735,244.455394,-8.431685,49.991925,269.782254,9.553871,0.436503,0.251561,0.409326
global,total-region,2020-08,91.100129,244.861523,-4.200614,48.868890,269.653241,13.239164,0.436503,0.251561,0.409326
global,total-region,2020-09,93.586700,243.488052,-0.697991,50.367311,268.190497,17.818632,0.436503,0.251561,0.409326
global,total-region,2020-10,100.032204,240.747794,1.426959,53.336391,265.929874,22.940645,0.436503,0.251561,0.409326
global,total-region,2020-11,105.235158,239.409070,3.021076,57.037432,264.197450,26.430156,0.436503,0.251561,0.409326
global,total-region,2020-12,107.998001,237.838717,5.293639,57.179298,262.801087,31.150577,0.436503,0.251561,0.409326
global,total-region,2021-01,105.677384,237.528576,8.165845,55.445658,262.986511,32.939187,0.436503,0.251561,0.409326
global,total-region,2021-02,100.984409,238.631535,8.885349,54.231331,263.443795,30.825607,0.436503,0.251561,0.409326
global,total-region,2021-03,97.427853,238.408050,7.694777,53.793036,263.589810,26.147668,0.436503,0.251561,0.409326
global,total-region,2021-04,96.087141,238.658400,2.960858,54.660279,264.237002,18.809232,0.436503,0.251561,0.409326
global,total-region,2021-05,96.529142,240.574118,-4.365095,54.976575,266.593197,11.168667,0.436503,0.251561,0.409326
global,total-region,2021-06,94.511678,242.545008,-7.287410,52.126630,267.945852,9.696561,0.436503,0.251561,0.409326
global,total-region,2021-07,93.333354,244.101332,-8.019232,50.510244,269.487629,9.418081,0.436503,0.251561,0.409326
global,total-region,2021-08,91.326094,244.610096,-4.126239,49.490725,269.309087,13.010417,0.436503,0.251561,0.409326
global,total-region,2021-09,93.384002,242.611515,0.406988,49.954458,267.731194,18.716442,0.436503,0.251561,0.409326
global,total-region,2021-10,98.707263,240.955464,2.563624,52.904444,265.699848,23.622131,0.436503,0.251561,0.409326
global,total-region,2021-11,104.434301,238.272356,4.996475,56.106187,263.606956,27.989431,0.436503,0.251561,0.409326
global,total-region,2021-12,107.505195,237.409897,6.254814,56.672542,262.776095,31.721421,0.436503,0.251561,0.409326
global,total-region,2022-01,104.821356,237.395712,9.252869,55.325950,262.773577,33.370421,0.436503,0.251561,0.409326
global,total-region,2022-02,100.498627,238.779945,9.436605,54.446476,263.548808,30.720037,0.436503,0.251561,0.409326
global,total-region,2022-03,97.799233,238.570104,7.378248,54.254896,263.932686,25.560227,0.436503,0.251561,0.409326
global,total-region,2022-04,96.097775,240.082112,1.794882,55.470263,265.102862,17.402017,0.436503,0.251561,0.409326
global,total-region,2022-05,96.791041,241.504039,-5.281786,55.216402,266.802450,10.994105,0.436503,0.251561,0.409326
global,total-region,2022-06,94.292039,243.103580,-7.389118,52.423431,268.672373,8.910281,0.436503,0.251561,0.409326
global,total-region,2022-07,93.422674,244.792823,-8.656386,50.332111,270.028005,9.199327,0.436503,0.251561,0.409326
global,total-region,2022-08,91.810849,243.957868,-3.861258,48.962258,269.122383,13.822403,0.436503,0.251561,0.409326
global,total-region,2022-09,93.334635,242.963127,0.238734,50.084133,267.927995,18.524293,0.436503,0.251561,0.409326
global,total-region,2022-10,98.949448,240.671066,2.742770,53.153753,265.750240,23.459685,0.436503,0.251561,0.409326
global,total-region,2022-11,104.688663,238.472770,4.662435,56.565803,263.341662,27.916278,0.436503,0.251561,0.409326
global,total-region,2022-12,106.242549,237.291410,7.690647,56.830595,262.394043,32.000448,0.436503,0.251561,0.409326
global,total-region,2023-01,103.860869,238.171775,9.561515,55.284587,262.808674,33.500834,0.436503,0.251561,0.409326
global,total-region,2023-02,100.435863,238.408200,10.013869,54.608604,263.304282,30.945132,0.436503,0.251561,0.409326
global,total-region,2023-03,96.838907,238.837868,8.300931,53.755538,264.055612,26.166695,0.436503,0.251561,0.409326
global,total-region,2023-04,95.438870,238.812068,3.909278,55.064513,264.402625,18.693252,0.436503,0.251561,0.409326
global,total-region,2023-05,96.280213,240.087935,-3.314255,55.046534,266.226575,11.780837,0.436503,0.251561,0.409326
global,total-region,2023-06,94.115728,243.919002,-7.952890,52.319989,269.108981,8.651776,0.436503,0.251561,0.409326
global,total-region,2023-07,91.941756,245.590909,-7.987369,50.361014,270.472375,8.712426,0.436503,0.251561,0.409326
global,total-region,2023-08,90.044337,246.013832,-4.071805,48.861620,270.351695,12.772898,0.436503,0.251561,0.409326
global,total-region,2023-09,91.849930,244.605103,0.131962,49.777386,269.172312,17.637823,0.436503,0.251561,0.409326
global,total-region,2023-10,97.712240,242.530715,2.228272,52.568623,266.880728,23.022551,0.436503,0.251561,0.409326
global,total-region,2023-11,104.118761,239.297295,4.488353,56.205882,264.337483,27.361256,0.436503,0.251561,0.409326
global,total-region,2023-12,106.337001,238.256482,6.774646,56.674858,263.608357,31.085853,0.436503,0.251561,0.409326
global,total-region,2024-01,104.892066,238.815926,8.002729,55.362710,264.009250,32.339007,0.436503,0.251561,0.409326
global,total-region,2024-02,100.829495,239.188736,8.741937,54.031521,264.447440,30.281272,0.436503,0.251561,0.409326
global,total-region,2024-03,97.854800,239.209762,6.714673,53.509064,264.682491,25.588211,0.436503,0.251561,0.409326
global,total-region,2024-04,95.849589,239.871798,2.276740,54.331084,265.546198,18.121095,0.436503,0.251561,0.409326
global,total-region,2024-05,96.440093,242.416575,-5.892637,55.207165,267.581501,10.174867,0.436503,0.251561,0.409326
global,total-region,2024-06,94.759226,244.133030,-8.869934,52.089786,269.422998,8.509055,0.436503,0.251561,0.409326
global,total-region,2024-07,93.173486,245.303760,-8.773083,50.291437,270.677457,8.735254,0.436503,0.251561,0.409326
global,total-region,2024-08,90.930928,245.630875,-4.574643,49.097392,270.498887,12.390628,0.436503,0.251561,0.409326
global,total-region,2024-09,92.647051,244.555737,-0.359914,49.990527,268.971346,17.881172,0.436503,0.251561,0.409326
global,total-region,2024-10,98.517852,241.525827,2.445576,52.802714,266.436341,23.250448,0.436503,0.251561,0.409326
global,total-region,2024-11,104.146462,239.634508,4.210281,56.333018,264.317089,27.341623,0.436503,0.251561,0.409326
global,total-region,2024-12,106.672936,238.879468,5.887635,57.328912,263.663780,30.446489,0.436503,0.251561,0.409326
global,total-region,2025-01,103.202438,238.759866,9.705115,55.210917,263.684435,32.771813,0.436503,0.251561,0.409326
global,total-region,2025-02,100.141618,239.650313,9.004311,54.133294,264.342405,30.320564,0.436503,0.251561,0.409326
global,total-region,2025-03,96.537663,240.007005,7.359084,53.584051,264.678734,25.640742,0.436503,0.251561,0.409326
global,total-region,2025-04,95.849411,240.217442,1.977571,54.550807,265.455241,18.038334,0.436503,0.251561,0.409326
global,total-region,2025-05,96.454241,241.562047,-5.021434,54.833939,267.064429,11.096457,0.436503,0.251561,0.409326
global,total-region,2025-06,94.759411,244.209461,-8.926815,52.798884,268.922082,8.321559,0.436503,0.251561,0.409326
global,total-region,2025-07,92.672013,244.928229,-7.909244,49.943133,269.912899,9.834279,0.436503,0.251561,0.409326
global,total-region,2025-08,90.939660,244.837663,-3.739133,48.839188,269.564811,13.634792,0.436503,0.251561,0.409326
global,total-region,2025-09,92.357439,243.896493,0.357417,49.577375,268.426499,18.607642,0.436503,0.251561,0.409326
global,total-region,2025-10,98.518315,241.621385,2.280017,52.618914,266.410405,23.390614,0.436503,0.251561,0.409326
global,total-region,2025-11,103.893279,239.380292,4.655814,56.211742,264.207006,27.510065,0.436503,0.251561,0.409326
global,total-region,2025-12,106.011720,237.242313,8.007895,56.641329,262.887843,31.733658,0.436503,0.251561,0.409326
global,total-region,2026-01,103.496625,238.261762,9.783236,55.358088,263.066363,33.117453,0.436503,0.251561,0.409326
global,total-region,2026-02,99.312112,238.989509,10.411461,54.088349,263.743937,30.880751,0.436503,0.251561,0.409326
global,total-region,2026-03,96.972602,239.217591,7.576422,53.058538,264.225550,26.481991,0.436503,0.251561,0.409326
global,total-region,2026-04,95.242654,239.367032,3.339174,54.379607,264.700273,18.868549,0.436503,0.251561,0.409326
global,total-region,2026-05,96.560410,241.573151,-5.126369,54.630725,267.080047,11.295845,0.436503,0.251561,0.409326
northern-extratropics,cloud-free-area,2000-03,100.306473,223.889165,-36.680153,64.510444,246.236855,-23.231363,0.873970,0.480566,0.747175
northern-extratropics,cloud-free-area,2000-04,129.956205,230.298492,16.551901,82.422201,254.735864,39.650066,0.873970,0.480566,0.747175
northern-extratropics,cloud-free-area,2000-05,153.483505,239.820326,53.653335,93.771544,265.214174,87.972516,0.873970,0.480566,0.747175
northern-extratropics,cloud-free-area,2000-06,156.569825,250.137001,70.950346,89.163250,275.362348,113.131869,0.873970,0.480566,0.747175
northern-extratropics,cloud-free-area,2000-07,143.935126,253.981048,61.678747,77.664189,279.870134,102.062621,0.873970,0.480566,0.747175
northern-extratropics,cloud-free-area,2000-08,120.943851,252.517956,24.950052,65.421617,277.562510,55.430052,0.873970,0.480566,0.747175
northern-extratropics,cloud-free-area,2000-09,96.177214,245.846452,-28.119346,54.065466,270.925589,-11.085059,0.873970,0.480566,0.747175
northern-extratropics,cloud-free-area,2000-10,73.019440,234.485135,-78.333796,42.362000,259.570679,-72.760540,0.873970,0.480566,0.747175
northern-extratropics,cloud-free-area,2000-11,55.680565,224.640275,-114.609368,33.179704,247.728557,-115.196480,0.873970,0.480566,0.747175
northern-extratropics,cloud-free-area,2000-12,48.928230,218.372230,-128.568346,29.828686,240.948127,-132.045970,0.873970,0.480566,0.747175
northern-extratropics,cloud-free-area,2001-01,55.529740,215.403097,-116.837624,34.243172,238.083020,-118.230991,0.873970,0.480566,0.747175
northern-extratropics,cloud-free-area,2001-02,73.536745,217.424830,-84.045939,46.667070,239.668877,-79.419962,0.873970,0.480566,0.747175
northern-extratropics,cloud-free-area,2001-03,102.535846,220.298450,-36.019813,64.510672,245.255006,-22.951580,0.873970,0.480566,0.747175
northern-extratropics,cloud-free-area,2001-04,131.971930,228.724370,15.394459,84.017741,253.832410,38.241647,0.873970,0.480566,0.747175
northern-extratropics,cloud-free-area,2001-05,154.504889,239.391770,52.755000,92.501840,265.197679,88.951131,0.873970,0.480566,0.747175
northern-extratropics,cloud-free-area,2001-06,156.394119,249.263499,72.000818,91.107740,273.233733,113.318144,0.873970,0.480566,0.747175
northern-extratropics,cloud-free-area,2001-07,143.229644,254.384686,62.438823,77.851504,280.256303,101.947850,0.873970,0.480566,0.747175
northern-extratropics,cloud-free-area,2001-08,120.846126,253.465460,24.595515,66.385846,278.979517,53.543869,0.873970,0.480566,0.747175
northern-extratropics,cloud-free-area,2001-09,95.037585,246.335936,-26.811690,53.390086,270.894998,-9.721769,0.873970,0.480566,0.747175
northern-extratropics,cloud-free-area,2001-10,72.456877,235.770997,-78.492036,42.056622,260.374705,-72.695333,0.873970,0.480566,0.747175
northern-extratropics,cloud-free-area,2001-11,54.668385,226.268847,-114.900278,32.162799,250.016524,-116.141786,0.873970,0.480566,0.747175
northern-extratropics,cloud-free-area,2001-12,48.154591,219.503331,-128.893232,29.389304,241.893006,-132.517074,0.873970,0.480566,0.747175
northern-extratropics,cloud-free-area,2002-01,54.415911,216.736600,-117.304159,33.684686,239.414107,-119.250445,0.873970,0.480566,0.747175
northern-extratropics,cloud-free-area,2002-02,71.612693,218.972418,-84.185545,44.685351,241.406204,-79.692217,0.873970,0.480566,0.747175
northern-extratropics,cloud-free-area,2002-03,101.164013,221.852954,-36.751897,61.111347,245.516834,-20.363453,0.873970,0.480566,0.747175
northern-extratropics,cloud-free-area,2002-04,132.454641,230.032964,13.020650,83.285955,253.860200,38.361639,0.873970,0.480566,0.747175
northern-extratropics,cloud-free-area,2002-05,151.892715,239.941972,54.383966,93.471823,264.559878,88.187785,0.873970,0.480566,0.747175
northern-extratropics,cloud-free-area,2002-06,156.870211,249.304280,71.502452,88.153107,275.188576,114.334329,0.873970,0.480566,0.747175
northern-extratropics,cloud-free-area,2002-07,145.513823,254.414003,60.232639,78.703298,279.989191,101.470911,0.873970,0.480566,0.747175
northern-extratropics,cloud-free-area,2002-08,122.348581,252.692728,24.384129,65.779157,277.543330,56.104722,0.873970,0.480566,0.747175
northern-extratropics,cloud-free-area,2002-09,96.394980,245.689432,-26.785989,53.691201,270.898009,-9.288254,0.873970,0.480566,0.747175
northern-extratropics,cloud-free-area,2002-10,72.654500,235.530010,-77.891641,42.060989,259.672279,-71.439900,0.873970,0.480566,0.747175
northern-extratropics,cloud-free-area,2002-11,55.163632,225.692517,-114.459361,32.665934,249.131316,-115.400055,0.873970,0.480566,0.747175
northern-extratropics,cloud-free-area,2002-12,49.202770,217.096126,-127.474888,29.725298,241.085471,-131.987094,0.873970,0.480566,0.747175
northern-extratropics,cloud-free-area,2003-01,54.497701,217.101550,-118.089566,33.513534,239.762736,-119.766404,0.873970,0.480566,0.747175
northern-extratropics,cloud-free-area,2003-02,74.021207,216.004613,-84.266279,46.426857,238.791013,-79.458089,0.873970,0.480566,0.747175
northern-extratropics,cloud-free-area,2003-03,100.491896,221.714998,-36.838496,65.168725,245.298484,-25.098316,0.873970,0.480566,0.747175
northern-extratropics,cloud-free-area,2003-04,131.053690,229.773299,13.900083,82.350573,254.307370,38.068906,0.873970,0.480566,0.747175
northern-extratropics,cloud-free-area,2003-05,152.079502,240.311744,53.264722,93.811314,265.266727,86.578148,0.873970,0.480566,0.747175
northern-extratropics,cloud-free-area,2003-06,156.772458,249.402833,71.174883,88.244023,275.057815,114.048573,0.873970,0.480566,0.747175
northern-extratropics,cloud-free-area,2003-07,143.071185,254.474352,62.890095,77.880197,279.811988,102.746032,0.873970,0.480566,0.747175
northern-extratropics,cloud-free-area,2003-08,120.307952,253.002838,26.694326,66.181388,278.064982,55.760192,0.873970,0.480566,0.747175
northern-extratropics,cloud-free-area,2003-09,95.109026,246.873336,-25.989138,52.948215,271.830368,-8.782867,0.873970,0.480566,0.747175
northern-extratropics,cloud-free-area,2003-10,72.119330,236.114217,-77.478871,41.031414,261.299845,-71.576223,0.873970,0.480566,0.747175
northern-extratropics,cloud-free-area,2003-11,56.212777,225.642631,-115.114685,32.853067,248.858500,-114.970548,0.873970,0.480566,0.747175
northern-extratropics,cloud-free-area,2003-12,48.298880,220.009187,-129.477324,29.074654,242.956929,-133.200690,0.873970,0.480566,0.747175
northern-extratropics,cloud-free-area,2004-01,55.213176,214.424113,-116.481000,33.463037,237.684460,-117.991272,0.873970,0.480566,0.747175
northern-extratropics,cloud-free-area,2004-02,72.361912,217.691392,-83.704920,45.813557,240.303079,-79.768365,0.873970,0.480566,0.747175
northern-extratropics,cloud-free-area,2004-03,100.975210,222.806770,-36.197054,63.572408,245.857685,-21.844397,0.873970,0.480566,0.747175
northern-extratropics,cloud-free-area,2004-04,128.299622,230.335635,18.164754,81.368379,254.055192,41.376512,0.873970,0.480566,0.747175
northern-extratropics,cloud-free-area,2004-05,154.256428,240.290085,52.357996,93.952053,264.528155,88.425451,0.873970,0.480566,0.747175
northern-extratropics,cloud-free-area,2004-06,156.004650,249.532034,71.958249,88.814136,273.963336,114.717435,0.873970,0.480566,0.747175
northern-extratropics,cloud-free-area,2004-07,142.168853,253.888997,63.209425,78.394147,278.897149,101.978384,0.873970,0.480566,0.747175
northern-extratropics,cloud-free-area,2004-08,120.919377,252.008554,25.065696,65.608868,277.374481,55.011697,0.873970,0.480566,0.747175
northern-extratropics,cloud-free-area,2004-09,94.212742,246.287163,-26.776784,52.788617,270.925695,-9.989288,0.873970,0.480566,0.747175
northern-extratropics,cloud-free-area,2004-10,72.503522,235.290423,-78.862014,39.228520,257.790023,-68.087348,0.873970,0.480566,0.747175
northern-extratropics,cloud-free-area,2004-11,54.724141,225.135197,-114.302692,32.010371,249.164796,-115.618918,0.873970,0.480566,0.747175
northern-extratropics,cloud-free-area,2004-12,49.041514,216.219772,-126.615953,29.279658,240.355705,-130.990479,0.873970,0.480566,0.747175
northern-extratropics,cloud-free-area,2005-01,55.582395,215.547836,-117.129001,33.901346,238.625539,-118.525404,0.873970,0.480566,0.747175
northern-extratropics,cloud-free-area,2005-02,74.726748,216.641757,-84.526248,46.477031,239.055023,-78.689082,0.873970,0.480566,0.747175
northern-extratropics,cloud-free-area,2005-03,101.653849,220.957458,-35.785260,63.123197,245.152639,-21.448321,0.873970,0.480566,0.747175
northern-extratropics,cloud-free-area,2005-04,128.817049,231.340482,15.895737,82.380485,255.322280,38.350910,0.873970,0.480566,0.747175
northern-extratropics,cloud-free-area,2005-05,150.889626,238.835779,56.685302,91.563850,264.524039,90.322945,0.873970,0.480566,0.747175
northern-extratropics,cloud-free-area,2005-06,156.159012,248.411184,72.802369,87.546758,274.778031,115.046615,0.873970,0.480566,0.747175
northern-extratropics,cloud-free-area,2005-07,144.043902,254.786806,60.808852,77.318132,279.977599,102.346802,0.873970,0.480566,0.747175
northern-extratropics,cloud-free-area,2005-08,121.632381,252.786693,24.205579,65.867612,278.155621,54.604798,0.873970,0.480566,0.747175
northern-extratropics,cloud-free-area,2005-09,92.017750,247.586776,-25.248197,52.864579,271.939401,-10.447239,0.873970,0.480566,0.747175
northern-extratropics,cloud-free-area,2005-10,71.076391,237.713541,-79.268688,41.146859,261.499294,-73.123653,0.873970,0.480566,0.747175
northern-extratropics,cloud-free-area,2005-11,54.714566,226.045463,-114.848741,32.460693,249.707234,-116.255910,0.873970,0.480566,0.747175
northern-extratropics,cloud-free-area,2005-12,48.029583,218.192093,-127.558770,29.234164,241.706216,-132.278022,0.873970,0.480566,0.747175
northern-extratropics,cloud-free-area,2006-01,54.877489,215.770848,-116.917158,34.237960,238.658422,-119.164823,0.873970,0.480566,0.747175
northern-extratropics,cloud-free-area,2006-02,74.065221,215.971831,-83.770318,45.693012,239.869550,-79.296499,0.873970,0.480566,0.747175
northern-extratropics,cloud-free-area,2006-03,100.394549,222.454020,-36.750682,63.786075,245.613895,-23.302033,0.873970,0.480566,0.747175
northern-extratropics,cloud-free-area,2006-04,129.851897,228.635939,16.902180,81.817263,253.843047,39.730041,0.873970,0.480566,0.747175
northern-extratropics,cloud-free-area,2006-05,151.511780,239.630156,54.944117,91.668440,264.700223,89.718219,0.873970,0.480566,0.747175
northern-extratropics,cloud-free-area,2006-06,155.031157,249.794005,72.558126,86.800452,274.787736,115.793918,0.873970,0.480566,0.747175
northern-extratropics,cloud-free-area,2006-07,143.039448,254.790331,62.133114,77.559516,279.808428,102.596329,0.873970,0.480566,0.747175
northern-extratropics,cloud-free-area,2006-08,121.551242,252.952660,24.639431,66.037146,278.085627,55.023331,0.873970,0.480566,0.747175
northern-extratropics,cloud-free-area,2006-09,93.688182,247.098398,-25.734159,52.908643,271.637426,-9.491159,0.873970,0.480566,0.747175
northern-extratropics,cloud-free-area,2006-10,72.125793,235.745217,-77.770008,41.370857,260.528349,-71.797559,0.873970,0.480566,0.747175
northern-extratropics,cloud-free-area,2006-11,55.625422,224.260722,-113.631725,32.667635,248.571011,-114.983665,0.873970,0.480566,0.747175
northern-extratropics,cloud-free-area,2006-12,48.488677,219.503412,-129.292129,29.502878,242.813471,-133.615636,0.873970,0.480566,0.747175
northern-extratropics,cloud-free-area,2007-01,53.688393,217.583507,-117.845069,33.587975,240.256507,-120.417493,0.873970,0.480566,0.747175
northern-extratropics,cloud-free-area,2007-02,72.772708,218.021214,-85.111457,45.407149,240.557757,-80.282641,0.873970,0.480566,0.747175
northern-extratropics,cloud-free-area,2007-03,100.750910,223.080405,-38.440239,63.556641,246.069767,-24.235320,0.873970,0.480566,0.747175
northern-extratropics,cloud-free-area,2007-04,128.713086,231.079135,14.908450,80.721966,255.291479,38.687237,0.873970,0.480566,0.747175
northern-extratropics,cloud-free-area,2007-05,153.252795,239.738056,52.566756,92.727444,264.885050,87.945408,0.873970,0.480566,0.747175
northern-extratropics,cloud-free-area,2007-06,156.015963,248.727511,72.527101,86.745700,274.504658,116.019347,0.873970,0.480566,0.747175
northern-extratropics,cloud-free-area,2007-07,143.897275,254.253164,62.076729,76.424749,279.560879,104.242816,0.873970,0.480566,0.747175
northern-extratropics,cloud-free-area,2007-08,120.610590,253.696246,25.441867,65.074356,278.421843,56.253806,0.873970,0.480566,0.747175
northern-extratropics,cloud-free-area,2007-09,94.598552,247.418602,-26.313059,52.683439,271.596409,-8.573073,0.873970,0.480566,0.747175
northern-extratropics,cloud-free-area,2007-10,71.024781,237.854409,-78.187034,41.454420,261.411842,-72.174156,0.873970,0.480566,0.747175
northern-extratropics,cloud-free-area,2007-11,54.035961,226.637914,-114.028358,32.598400,249.522978,-115.476102,0.873970,0.480566,0.747175
northern-extratropics,cloud-free-area,2007-12,48.331988,218.740982,-128.305135,29.671380,241.351214,-132.253563,0.873970,0.480566,0.747175
northern-extratropics,cloud-free-area,2008-01,55.566830,214.401593,-116.813260,34.468716,237.095915,-118.408788,0.873970,0.480566,0.747175
northern-extratropics,cloud-free-area,2008-02,72.276824,219.675263,-85.586734,46.584034,240.517293,-80.735364,0.873970,0.480566,0.747175
northern-extratropics,cloud-free-area,2008-03,99.259614,223.906792,-35.576000,63.181376,246.767539,-22.358883,0.873970,0.480566,0.747175
northern-extratropics,cloud-free-area,2008-04,130.445083,231.285260,15.040502,83.341913,255.054084,38.375417,0.873970,0.480566,0.747175
northern-extratropics,cloud-free-area,2008-05,151.826927,239.513832,55.524754,92.627793,264.241784,89.997014,0.873970,0.480566,0.747175
northern-extratropics,cloud-free-area,2008-06,155.109758,249.249541,73.022732,87.446941,274.531542,115.403269,0.873970,0.480566,0.747175
northern-extratropics,cloud-free-area,2008-07,142.224667,254.630108,62.337149,77.446642,279.728595,102.018646,0.873970,0.480566,0.747175
northern-extratropics,cloud-free-area,2008-08,120.906226,252.806972,24.123195,65.445159,278.221880,54.171705,0.873970,0.480566,0.747175
northern-extratropics,cloud-free-area,2008-09,95.924755,245.794503,-28.224002,53.554861,270.634748,-10.691894,0.873970,0.480566,0.747175
northern-extratropics,cloud-free-area,2008-10,70.823988,235.647399,-77.710909,41.398464,260.200605,-72.838157,0.873970,0.480566,0.747175
northern-extratropics,cloud-free-area,2008-11,53.998953,226.027343,-114.555567,32.305032,249.240651,-116.075669,0.873970,0.480566,0.747175
northern-extratropics,cloud-free-area,2008-12,49.097118,217.169872,-127.675746,29.342553,240.955113,-131.706241,0.873970,0.480566,0.747175
northern-extratropics,cloud-free-area,2009-01,54.588820,216.673262,-117.223474,34.003057,239.050110,-119.014998,0.873970,0.480566,0.747175
northern-extratropics,cloud-free-area,2009-02,72.461927,218.770543,-84.347976,45.851767,240.620343,-79.587531,0.873970,0.480566,0.747175
northern-extratropics,cloud-free-area,2009-03,102.223918,220.707908,-36.051274,64.838955,244.459969,-22.418861,0.873970,0.480566,0.747175
northern-extratropics,cloud-free-area,2009-04,129.385140,230.099898,16.611736,82.087760,254.152369,39.856233,0.873970,0.480566,0.747175
northern-extratropics,cloud-free-area,2009-05,151.797834,239.907088,54.760073,93.457825,264.472941,88.535416,0.873970,0.480566,0.747175
northern-extratropics,cloud-free-area,2009-06,155.778206,247.081066,74.511337,88.062805,273.212335,116.093511,0.873970,0.480566,0.747175
northern-extratropics,cloud-free-area,2009-07,142.495948,253.802651,63.254306,77.815653,278.929564,102.811478,0.873970,0.480566,0.747175
northern-extratropics,cloud-free-area,2009-08,120.125445,253.136245,25.201581,66.408996,277.624677,54.431395,0.873970,0.480566,0.747175
northern-extratropics,cloud-free-area,2009-09,94.146547,246.251632,-26.185196,53.167812,270.811208,-9.763758,0.873970,0.480566,0.747175
northern-extratropics,cloud-free-area,2009-10,71.726468,236.810766,-79.163899,41.611444,260.202533,-72.440780,0.873970,0.480566,0.747175
northern-extratropics,cloud-free-area,2009-11,55.343717,225.492882,-114.997944,32.802207,249.145807,-116.108529,0.873970,0.480566,0.747175
northern-extratropics,cloud-free-area,2009-12,49.067385,216.988369,-127.419629,29.512620,240.622063,-131.498539,0.873970,0.480566,0.747175
northern-extratropics,cloud-free-area,2010-01,54.443315,216.798311,-117.488318,33.974141,238.931526,-119.152184,0.873970,0.480566,0.747175
northern-extratropics,cloud-free-area,2010-02,74.733193,216.495360,-84.873129,46.480974,239.699947,-79.825099,0.873970,0.480566,0.747175
northern-extratropics,cloud-free-area,2010-03,100.131433,222.579132,-36.486444,64.686016,246.302647,-24.764639,0.873970,0.480566,0.747175
northern-extratropics,cloud-free-area,2010-04,129.597495,230.089076,15.848116,81.342027,254.606197,39.588226,0.873970,0.480566,0.747175
northern-extratropics,cloud-free-area,2010-05,152.905449,240.086398,53.139968,90.197747,265.407541,90.525621,0.873970,0.480566,0.747175
northern-extratropics,cloud-free-area,2010-06,156.660914,249.379007,71.352605,85.625144,274.384114,117.381578,0.873970,0.480566,0.747175
northern-extratropics,cloud-free-area,2010-07,143.239980,255.168864,61.558549,76.601623,280.089998,103.276853,0.873970,0.480566,0.747175
northern-extratropics,cloud-free-area,2010-08,120.693114,253.997420,24.439616,65.065824,278.551995,55.513640,0.873970,0.480566,0.747175
northern-extratropics,cloud-free-area,2010-09,94.234467,247.615784,-26.881820,52.182292,271.957727,-9.170879,0.873970,0.480566,0.747175
northern-extratropics,cloud-free-area,2010-10,70.902507,236.990188,-77.880976,40.944852,261.155518,-72.087881,0.873970,0.480566,0.747175
northern-extratropics,cloud-free-area,2010-11,54.189705,227.711500,-115.663590,32.133643,250.546740,-116.442703,0.873970,0.480566,0.747175
northern-extratropics,cloud-free-area,2010-12,48.551923,218.490482,-128.332982,29.451476,241.782658,-132.524928,0.873970,0.480566,0.747175
northern-extratropics,cloud-free-area,2011-01,54.705967,216.248020,-117.470791,33.962968,237.926455,-118.406580,0.873970,0.480566,0.747175
northern-extratropics,cloud-free-area,2011-02,74.104054,216.864910,-85.178965,46.369109,239.683794,-80.262513,0.873970,0.480566,0.747175
northern-extratropics,cloud-free-area,2011-03,99.415432,223.017149,-36.904832,64.190894,245.084356,-23.745898,0.873970,0.480566,0.747175
northern-extratropics,cloud-free-area,2011-04,129.480188,230.721966,14.744403,81.536772,254.728382,38.683053,0.873970,0.480566,0.747175
northern-extratropics,cloud-free-area,2011-05,151.491051,239.261343,55.052725,91.448064,264.338892,90.016669,0.873970,0.480566,0.747175
northern-extratropics,cloud-free-area,2011-06,156.766410,248.711506,71.956727,86.010250,274.505349,116.917891,0.873970,0.480566,0.747175
northern-extratropics,cloud-free-area,2011-07,142.749671,254.780254,62.765909,77.276264,279.239740,103.781525,0.873970,0.480566,0.747175
northern-extratropics,cloud-free-area,2011-08,120.279013,253.081546,26.360674,65.297992,277.778664,56.645456,0.873970,0.480566,0.747175
northern-extratropics,cloud-free-area,2011-09,94.461999,247.536308,-26.324520,52.705427,271.593875,-8.623463,0.873970,0.480566,0.747175
northern-extratropics,cloud-free-area,2011-10,71.269719,236.824961,-77.412704,41.567338,260.835168,-71.720441,0.873970,0.480566,0.747175
northern-extratropics,cloud-free-area,2011-11,55.682030,224.670510,-113.680300,33.110982,248.427544,-114.865054,0.873970,0.480566,0.747175
northern-extratropics,cloud-free-area,2011-12,47.978939,218.731951,-127.879893,29.447483,241.766861,-132.383529,0.873970,0.480566,0.747175
northern-extratropics,cloud-free-area,2012-01,53.815179,216.772996,-117.336828,33.777253,238.339420,-118.864944,0.873970,0.480566,0.747175
northern-extratropics,cloud-free-area,2012-02,74.199002,215.966417,-83.632002,46.462565,238.752614,-78.681112,0.873970,0.480566,0.747175
northern-extratropics,cloud-free-area,2012-03,99.806700,224.089771,-36.091463,65.173201,245.609619,-22.976977,0.873970,0.480566,0.747175
northern-extratropics,cloud-free-area,2012-04,130.175400,230.839079,16.014121,81.533926,254.917725,40.577080,0.873970,0.480566,0.747175
northern-extratropics,cloud-free-area,2012-05,150.808113,240.643865,55.629370,91.647557,265.508811,89.925489,0.873970,0.480566,0.747175
northern-extratropics,cloud-free-area,2012-06,154.212549,250.017263,73.360438,85.165776,275.574606,116.849415,0.873970,0.480566,0.747175
northern-extratropics,cloud-free-area,2012-07,141.772484,254.933751,62.539359,76.455196,279.907869,102.885374,0.873970,0.480566,0.747175
northern-extratropics,cloud-free-area,2012-08,119.969668,252.428094,25.558814,64.646899,277.951135,55.360003,0.873970,0.480566,0.747175
northern-extratropics,cloud-free-area,2012-09,93.198378,246.814093,-26.426616,51.805981,271.762642,-9.981109,0.873970,0.480566,0.747175
northern-extratropics,cloud-free-area,2012-10,71.162454,236.385822,-78.765285,40.729504,260.691312,-72.637075,0.873970,0.480566,0.747175
northern-extratropics,cloud-free-area,2012-11,55.417705,223.897040,-113.811328,32.425417,248.553190,-115.474147,0.873970,0.480566,0.747175
northern-extratropics,cloud-free-area,2012-12,49.353727,215.961527,-126.668295,29.697061,240.307391,-131.357533,0.873970,0.480566,0.747175
northern-extratropics,cloud-free-area,2013-01,54.796022,217.444871,-118.114741,34.038268,239.521224,-119.434449,0.873970,0.480566,0.747175
northern-extratropics,cloud-free-area,2013-02,73.556085,217.641584,-84.165894,46.286591,239.740840,-78.994977,0.873970,0.480566,0.747175
northern-extratropics,cloud-free-area,2013-03,100.296972,222.018699,-35.227755,64.690516,245.480052,-23.083231,0.873970,0.480566,0.747175
northern-extratropics,cloud-free-area,2013-04,131.793175,230.211846,14.298733,83.141567,254.101037,39.062023,0.873970,0.480566,0.747175
northern-extratropics,cloud-free-area,2013-05,153.290836,239.926202,53.506083,91.719426,264.903763,90.100195,0.873970,0.480566,0.747175
northern-extratropics,cloud-free-area,2013-06,155.176134,249.788034,72.641691,86.637801,274.649971,116.317435,0.873970,0.480566,0.747175
northern-extratropics,cloud-free-area,2013-07,143.272548,253.784655,62.703614,76.971036,278.732398,104.059691,0.873970,0.480566,0.747175
northern-extratropics,cloud-free-area,2013-08,119.688582,252.928453,25.976305,65.618205,277.918607,55.057678,0.873970,0.480566,0.747175
northern-extratropics,cloud-free-area,2013-09,94.856396,246.463132,-27.017371,52.365242,271.513978,-9.574353,0.873970,0.480566,0.747175
northern-extratropics,cloud-free-area,2013-10,71.363285,237.392180,-79.372634,41.084242,261.002588,-72.703178,0.873970,0.480566,0.747175
northern-extratropics,cloud-free-area,2013-11,55.301198,224.412800,-113.862504,31.989790,249.111153,-115.249617,0.873970,0.480566,0.747175
northern-extratropics,cloud-free-area,2013-12,48.039225,217.929057,-127.259502,29.276515,241.601300,-132.168694,0.873970,0.480566,0.747175
northern-extratropics,cloud-free-area,2014-01,53.962957,216.330745,-116.455463,33.216860,239.544755,-118.923024,0.873970,0.480566,0.747175
northern-extratropics,cloud-free-area,2014-02,73.671026,218.513135,-85.740703,46.175249,240.624020,-80.356000,0.873970,0.480566,0.747175
northern-extratropics,cloud-free-area,2014-03,99.067422,224.061193,-36.632839,62.970353,247.137851,-23.611886,0.873970,0.480566,0.747175
northern-extratropics,cloud-free-area,2014-04,128.388984,230.882820,16.518271,81.043706,255.109948,39.636570,0.873970,0.480566,0.747175
northern-extratropics,cloud-free-area,2014-05,152.251440,239.134404,54.985506,91.419782,264.726578,90.224991,0.873970,0.480566,0.747175
northern-extratropics,cloud-free-area,2014-06,156.511607,248.481514,72.587675,86.587315,274.283055,116.710457,0.873970,0.480566,0.747175
northern-extratropics,cloud-free-area,2014-07,142.717191,254.222002,63.105867,77.516840,279.093663,103.435946,0.873970,0.480566,0.747175
northern-extratropics,cloud-free-area,2014-08,118.580017,253.356437,27.287839,65.617168,278.071500,55.534646,0.873970,0.480566,0.747175
northern-extratropics,cloud-free-area,2014-09,93.958337,246.208910,-25.177172,52.494935,270.988608,-8.492289,0.873970,0.480566,0.747175
northern-extratropics,cloud-free-area,2014-10,71.268820,236.873197,-78.153012,41.369595,260.776974,-72.156823,0.873970,0.480566,0.747175
northern-extratropics,cloud-free-area,2014-11,55.263763,225.640428,-114.634057,32.426860,248.832858,-114.989505,0.873970,0.480566,0.747175
northern-extratropics,cloud-free-area,2014-12,48.774992,218.628043,-128.633807,28.989124,242.096880,-132.316014,0.873970,0.480566,0.747175
northern-extratropics,cloud-free-area,2015-01,54.421627,217.004170,-117.820419,33.380119,239.761832,-119.536311,0.873970,0.480566,0.747175
northern-extratropics,cloud-free-area,2015-02,73.169885,217.803168,-84.951095,44.705656,240.394971,-79.077850,0.873970,0.480566,0.747175
northern-extratropics,cloud-free-area,2015-03,99.022387,222.699167,-35.929746,62.365298,246.379922,-22.953379,0.873970,0.480566,0.747175
northern-extratropics,cloud-free-area,2015-04,128.041354,231.784389,15.354887,80.927846,255.128421,39.124770,0.873970,0.480566,0.747175
northern-extratropics,cloud-free-area,2015-05,149.247500,240.613689,56.107369,90.895946,264.914413,90.158948,0.873970,0.480566,0.747175
northern-extratropics,cloud-free-area,2015-06,153.693276,249.718434,74.104273,85.513200,274.837189,117.163996,0.873970,0.480566,0.747175
northern-extratropics,cloud-free-area,2015-07,141.996178,254.797564,63.640447,76.502694,279.928485,104.005553,0.873970,0.480566,0.747175
northern-extratropics,cloud-free-area,2015-08,119.526014,252.330320,27.870181,65.305727,277.527671,56.893622,0.873970,0.480566,0.747175
northern-extratropics,cloud-free-area,2015-09,94.700685,245.535548,-24.607169,51.917812,271.001250,-7.289619,0.873970,0.480566,0.747175
northern-extratropics,cloud-free-area,2015-10,71.553583,236.025952,-76.938879,41.013334,261.356314,-71.729111,0.873970,0.480566,0.747175
northern-extratropics,cloud-free-area,2015-11,55.161971,225.961923,-114.486874,32.380927,249.798963,-115.542944,0.873970,0.480566,0.747175
northern-extratropics,cloud-free-area,2015-12,47.731113,219.577862,-128.490583,28.987574,243.254369,-133.423463,0.873970,0.480566,0.747175
northern-extratropics,cloud-free-area,2016-01,54.302321,216.434768,-117.440221,33.303476,240.227273,-120.233889,0.873970,0.480566,0.747175
northern-extratropics,cloud-free-area,2016-02,70.762897,221.565576,-85.707714,44.351539,243.669259,-81.399553,0.873970,0.480566,0.747175
northern-extratropics,cloud-free-area,2016-03,99.968117,224.173761,-36.216292,61.911015,247.922685,-21.906979,0.873970,0.480566,0.747175
northern-extratropics,cloud-free-area,2016-04,128.653281,231.701175,16.694316,79.485368,255.995312,41.569599,0.873970,0.480566,0.747175
northern-extratropics,cloud-free-area,2016-05,150.994590,240.154981,55.966922,89.077060,265.279272,92.759469,0.873970,0.480566,0.747175
northern-extratropics,cloud-free-area,2016-06,152.990297,249.337063,75.244458,84.216981,274.510297,118.845076,0.873970,0.480566,0.747175
northern-extratropics,cloud-free-area,2016-07,142.498734,254.690020,62.041799,76.046661,279.414094,103.770940,0.873970,0.480566,0.747175
northern-extratropics,cloud-free-area,2016-08,119.669928,252.674328,25.437347,63.846607,278.326454,55.608605,0.873970,0.480566,0.747175
northern-extratropics,cloud-free-area,2016-09,92.505890,247.696435,-26.803367,51.386996,271.754316,-9.740696,0.873970,0.480566,0.747175
northern-extratropics,cloud-free-area,2016-10,71.388497,236.935734,-79.660630,41.065590,261.033560,-73.435827,0.873970,0.480566,0.747175
northern-extratropics,cloud-free-area,2016-11,54.307130,225.942962,-114.826584,32.494272,249.923284,-116.994025,0.873970,0.480566,0.747175
northern-extratropics,cloud-free-area,2016-12,48.135330,218.852693,-128.381182,29.259303,241.983531,-132.636607,0.873970,0.480566,0.747175
northern-extratropics,cloud-free-area,2017-01,54.080012,217.277160,-117.215705,33.539706,239.451226,-118.849920,0.873970,0.480566,0.747175
northern-extratropics,cloud-free-area,2017-02,71.875819,219.834844,-84.633988,45.208188,241.766157,-79.897488,0.873970,0.480566,0.747175
northern-extratropics,cloud-free-area,2017-03,100.279578,223.696492,-36.854461,62.045340,246.638140,-21.561106,0.873970,0.480566,0.747175
northern-extratropics,cloud-free-area,2017-04,128.744203,232.021263,15.611213,80.127431,255.433862,40.815684,0.873970,0.480566,0.747175
northern-extratropics,cloud-free-area,2017-05,152.022123,240.329929,54.326565,91.346739,265.023207,90.309023,0.873970,0.480566,0.747175
northern-extratropics,cloud-free-area,2017-06,155.557743,248.286073,73.640947,86.086431,273.916598,117.481936,0.873970,0.480566,0.747175
northern-extratropics,cloud-free-area,2017-07,141.458092,254.115656,63.927110,76.227593,279.088794,104.186129,0.873970,0.480566,0.747175
northern-extratropics,cloud-free-area,2017-08,120.594593,252.902229,24.828150,65.161685,277.638235,55.526831,0.873970,0.480566,0.747175
northern-extratropics,cloud-free-area,2017-09,94.212823,247.373365,-27.569684,52.558233,271.489758,-10.028693,0.873970,0.480566,0.747175
northern-extratropics,cloud-free-area,2017-10,71.197811,238.021711,-79.951349,41.069593,261.403293,-73.203928,0.873970,0.480566,0.747175
northern-extratropics,cloud-free-area,2017-11,54.499268,225.455756,-114.172766,32.407681,249.099638,-115.724406,0.873970,0.480566,0.747175
northern-extratropics,cloud-free-area,2017-12,47.593299,218.442605,-127.385202,28.759672,242.403174,-132.511552,0.873970,0.480566,0.747175
northern-extratropics,cloud-free-area,2018-01,54.096852,216.706820,-116.966568,33.122334,239.543516,-118.828401,0.873970,0.480566,0.747175
northern-extratropics,cloud-free-area,2018-02,73.054226,217.299809,-83.877951,45.255744,240.286922,-79.066806,0.873970,0.480566,0.747175
northern-extratropics,cloud-free-area,2018-03,100.908180,222.650001,-37.164974,63.558729,246.349091,-23.513832,0.873970,0.480566,0.747175
northern-extratropics,cloud-free-area,2018-04,126.999553,231.674945,17.017441,81.758579,255.074327,38.858989,0.873970,0.480566,0.747175
northern-extratropics,cloud-free-area,2018-05,150.307248,240.601199,55.333650,92.464505,264.759611,89.019296,0.873970,0.480566,0.747175
northern-extratropics,cloud-free-area,2018-06,156.243159,249.328398,71.838202,86.600391,274.232889,116.576277,0.873970,0.480566,0.747175
northern-extratropics,cloud-free-area,2018-07,141.926185,254.677088,63.234480,77.051574,279.483510,103.302973,0.873970,0.480566,0.747175
northern-extratropics,cloud-free-area,2018-08,120.428697,253.015062,25.475190,65.816770,277.377770,55.726371,0.873970,0.480566,0.747175
northern-extratropics,cloud-free-area,2018-09,94.002970,245.959987,-25.221931,52.404690,270.180844,-7.842586,0.873970,0.480566,0.747175
northern-extratropics,cloud-free-area,2018-10,70.675919,236.771608,-77.599170,40.795551,260.533990,-71.480228,0.873970,0.480566,0.747175
northern-extratropics,cloud-free-area,2018-11,55.124949,224.488381,-113.472467,32.521830,248.424240,-114.805373,0.873970,0.480566,0.747175
northern-extratropics,cloud-free-area,2018-12,48.117163,219.604589,-129.016425,28.937602,242.458925,-132.691236,0.873970,0.480566,0.747175
northern-extratropics,cloud-free-area,2019-01,54.031628,216.597692,-117.068294,33.184811,238.919158,-118.542507,0.873970,0.480566,0.747175
northern-extratropics,cloud-free-area,2019-02,73.610221,216.836675,-84.510535,45.678268,239.744154,-79.485539,0.873970,0.480566,0.747175
northern-extratropics,cloud-free-area,2019-03,97.921855,223.913012,-36.136597,62.082824,246.839816,-23.223628,0.873970,0.480566,0.747175
northern-extratropics,cloud-free-area,2019-04,127.561943,231.270700,16.169305,79.231321,255.152313,40.618699,0.873970,0.480566,0.747175
northern-extratropics,cloud-free-area,2019-05,151.091982,240.511378,54.174792,90.148102,265.136691,90.493292,0.873970,0.480566,0.747175
northern-extratropics,cloud-free-area,2019-06,153.770488,249.000707,74.542591,84.317730,274.055898,118.938694,0.873970,0.480566,0.747175
northern-extratropics,cloud-free-area,2019-07,141.928710,254.131166,64.054084,77.053721,279.072420,103.990118,0.873970,0.480566,0.747175
northern-extratropics,cloud-free-area,2019-08,118.941562,253.174376,27.359345,65.859957,277.861071,55.755780,0.873970,0.480566,0.747175
northern-extratropics,cloud-free-area,2019-09,92.746010,246.348395,-23.679692,52.650691,270.694423,-7.927374,0.873970,0.480566,0.747175
northern-extratropics,cloud-free-area,2019-10,70.961689,237.258191,-77.770936,41.448858,260.838530,-71.838693,0.873970,0.480566,0.747175
northern-extratropics,cloud-free-area,2019-11,55.106884,225.139711,-113.728791,32.791651,249.213091,-115.486841,0.873970,0.480566,0.747175
northern-extratropics,cloud-free-area,2019-12,47.908345,219.449128,-128.590662,29.227882,242.870177,-133.331555,0.873970,0.480566,0.747175
northern-extratropics,cloud-free-area,2020-01,54.367244,216.750985,-117.834755,33.416818,239.471703,-119.603596,0.873970,0.480566,0.747175
northern-extratropics,cloud-free-area,2020-02,70.787318,219.985173,-84.155655,45.305076,242.137418,-80.825837,0.873970,0.480566,0.747175
northern-extratropics,cloud-free-area,2020-03,99.879682,222.712960,-34.661374,62.332881,246.354307,-20.756246,0.873970,0.480566,0.747175
northern-extratropics,cloud-free-area,2020-04,128.070186,231.434643,17.589795,80.585575,255.344448,41.163847,0.873970,0.480566,0.747175
northern-extratropics,cloud-free-area,2020-05,149.674799,241.114480,56.312356,90.352555,265.676660,91.072545,0.873970,0.480566,0.747175
northern-extratropics,cloud-free-area,2020-06,154.728814,249.430840,73.317154,84.383848,274.354425,118.737511,0.873970,0.480566,0.747175
northern-extratropics,cloud-free-area,2020-07,142.062209,254.848407,62.191785,75.836727,279.814289,103.452600,0.873970,0.480566,0.747175
northern-extratropics,cloud-free-area,2020-08,116.731065,254.167356,26.741175,64.199735,278.344685,55.096675,0.873970,0.480566,0.747175
northern-extratropics,cloud-free-area,2020-09,92.084035,247.646590,-26.484926,52.009454,271.511696,-10.273591,0.873970,0.480566,0.747175
northern-extratropics,cloud-free-area,2020-10,69.608581,239.011025,-80.066197,40.919836,261.908477,-74.275025,0.873970,0.480566,0.747175
northern-extratropics,cloud-free-area,2020-11,53.019029,228.493077,-116.153000,32.395108,251.130416,-118.165719,0.873970,0.480566,0.747175
northern-extratropics,cloud-free-area,2020-12,46.902560,220.324744,-128.605697,28.869681,242.376589,-132.624285,0.873970,0.480566,0.747175
northern-extratropics,cloud-free-area,2021-01,53.564223,218.327007,-117.683286,33.230695,240.255772,-119.278651,0.873970,0.480566,0.747175
northern-extratropics,cloud-free-area,2021-02,71.029260,219.905750,-83.756796,45.516551,241.144813,-79.483239,0.873970,0.480566,0.747175
northern-extratropics,cloud-free-area,2021-03,98.935371,223.517901,-35.171633,62.974967,246.215686,-21.908972,0.873970,0.480566,0.747175
northern-extratropics,cloud-free-area,2021-04,129.312057,230.679658,16.515066,80.265301,254.940794,41.302401,0.873970,0.480566,0.747175
northern-extratropics,cloud-free-area,2021-05,150.627864,240.314599,55.820193,90.216843,265.241622,91.304744,0.873970,0.480566,0.747175
northern-extratropics,cloud-free-area,2021-06,154.284121,249.374043,73.880287,84.901929,274.639952,117.996854,0.873970,0.480566,0.747175
northern-extratropics,cloud-free-area,2021-07,141.993961,254.817583,62.747323,77.622628,279.700902,102.237819,0.873970,0.480566,0.747175
northern-extratropics,cloud-free-area,2021-08,119.548823,254.116630,24.669652,66.306315,278.004396,54.025195,0.873970,0.480566,0.747175
northern-extratropics,cloud-free-area,2021-09,92.701118,246.691515,-25.382568,52.285669,271.037765,-9.311357,0.873970,0.480566,0.747175
northern-extratropics,cloud-free-area,2021-10,69.562232,238.061063,-78.413423,40.762584,261.283195,-72.835176,0.873970,0.480566,0.747175
northern-extratropics,cloud-free-area,2021-11,53.487019,225.970671,-113.690409,32.157570,249.545714,-115.936661,0.873970,0.480566,0.747175
northern-extratropics,cloud-free-area,2021-12,46.961351,219.669489,-127.936079,28.880876,241.928498,-132.115891,0.873970,0.480566,0.747175
northern-extratropics,cloud-free-area,2022-01,53.891485,216.466184,-116.401931,33.409564,238.765409,-118.218426,0.873970,0.480566,0.747175
northern-extratropics,cloud-free-area,2022-02,71.562292,218.922853,-83.768537,45.476986,240.460682,-79.221558,0.873970,0.480566,0.747175
northern-extratropics,cloud-free-area,2022-03,97.813889,224.721393,-35.827975,62.746013,247.385990,-23.424452,0.873970,0.480566,0.747175
northern-extratropics,cloud-free-area,2022-04,126.807931,233.019868,16.259252,81.473317,255.887152,38.726530,0.873970,0.480566,0.747175
northern-extratropics,cloud-free-area,2022-05,151.191088,240.704004,54.769540,90.862371,265.115166,90.688180,0.873970,0.480566,0.747175
northern-extratropics,cloud-free-area,2022-06,152.581981,250.521458,74.703297,85.628960,274.890898,117.285006,0.873970,0.480566,0.747175
northern-extratropics,cloud-free-area,2022-07,141.247350,255.528231,63.320634,76.445003,280.108389,103.545288,0.873970,0.480566,0.747175
northern-extratropics,cloud-free-area,2022-08,117.769181,253.937870,27.385810,64.313859,278.223269,56.558318,0.873970,0.480566,0.747175
northern-extratropics,cloud-free-area,2022-09,92.344030,247.663757,-25.124196,52.010325,271.845594,-8.969934,0.873970,0.480566,0.747175
northern-extratropics,cloud-free-area,2022-10,69.262462,238.499148,-77.811823,40.818352,261.655501,-72.522394,0.873970,0.480566,0.747175
northern-extratropics,cloud-free-area,2022-11,53.947280,226.354035,-114.081273,32.565240,249.621071,-115.966598,0.873970,0.480566,0.747175
northern-extratropics,cloud-free-area,2022-12,47.904396,218.998105,-128.124677,28.937750,241.817281,-131.977479,0.873970,0.480566,0.747175
northern-extratropics,cloud-free-area,2023-01,52.239873,218.834014,-117.354525,33.078294,239.777422,-119.136095,0.873970,0.480566,0.747175
northern-extratropics,cloud-free-area,2023-02,70.838323,219.779577,-84.410348,45.438662,241.288583,-80.520187,0.873970,0.480566,0.747175
northern-extratropics,cloud-free-area,2023-03,98.038816,224.176920,-36.071094,61.725484,247.114253,-22.694214,0.873970,0.480566,0.747175
northern-extratropics,cloud-free-area,2023-04,127.574493,231.408810,16.586061,81.084429,254.426102,40.059311,0.873970,0.480566,0.747175
northern-extratropics,cloud-free-area,2023-05,149.541895,240.087827,56.615816,90.587578,264.755116,90.903494,0.873970,0.480566,0.747175
northern-extratropics,cloud-free-area,2023-06,152.331602,249.948849,75.556830,85.903405,274.626652,117.305810,0.873970,0.480566,0.747175
northern-extratropics,cloud-free-area,2023-07,138.667536,256.004352,65.737296,77.181252,280.121483,103.107590,0.873970,0.480566,0.747175
northern-extratropics,cloud-free-area,2023-08,117.655826,254.914909,27.248947,65.199005,279.444946,55.177876,0.873970,0.480566,0.747175
northern-extratropics,cloud-free-area,2023-09,90.510661,248.941843,-23.779929,52.536572,272.659480,-9.520497,0.873970,0.480566,0.747175
northern-extratropics,cloud-free-area,2023-10,70.288047,238.259724,-77.875643,40.441168,262.408667,-72.178442,0.873970,0.480566,0.747175
northern-extratropics,cloud-free-area,2023-11,53.581389,227.113397,-114.041056,32.279190,251.094889,-116.720940,0.873970,0.480566,0.747175
northern-extratropics,cloud-free-area,2023-12,47.442830,219.640667,-128.186282,28.557043,243.659458,-133.318263,0.873970,0.480566,0.747175
northern-extratropics,cloud-free-area,2024-01,53.751135,217.298592,-117.570404,33.046087,240.223384,-119.789799,0.873970,0.480566,0.747175
northern-extratropics,cloud-free-area,2024-02,71.899978,219.444079,-84.488364,45.051220,242.055732,-80.251459,0.873970,0.480566,0.747175
northern-extratropics,cloud-free-area,2024-03,99.077895,224.286846,-35.029293,62.479017,247.170805,-21.313548,0.873970,0.480566,0.747175
northern-extratropics,cloud-free-area,2024-04,128.277202,232.248606,17.114711,79.698532,256.079009,41.863073,0.873970,0.480566,0.747175
northern-extratropics,cloud-free-area,2024-05,150.718649,241.345953,55.529852,90.450187,265.438500,91.704306,0.873970,0.480566,0.747175
northern-extratropics,cloud-free-area,2024-06,153.759593,250.090149,74.130944,84.632245,275.255041,118.093087,0.873970,0.480566,0.747175
northern-extratropics,cloud-free-area,2024-07,139.593915,255.644029,64.339791,76.366571,280.182258,103.031202,0.873970,0.480566,0.747175
northern-extratropics,cloud-free-area,2024-08,115.881574,254.657572,27.277557,64.399228,278.757305,54.661863,0.873970,0.480566,0.747175
northern-extratropics,cloud-free-area,2024-09,91.232110,248.233663,-25.886526,51.194355,272.517736,-10.130619,0.873970,0.480566,0.747175
northern-extratropics,cloud-free-area,2024-10,69.000245,238.323227,-78.667224,40.512542,262.195667,-74.051840,0.873970,0.480566,0.747175
northern-extratropics,cloud-free-area,2024-11,52.906769,228.388501,-115.828013,31.922729,251.212222,-117.667222,0.873970,0.480566,0.747175
northern-extratropics,cloud-free-area,2024-12,46.423290,220.828818,-128.511435,28.730226,243.459780,-133.449262,0.873970,0.480566,0.747175
northern-extratropics,cloud-free-area,2025-01,52.877936,218.182258,-116.683478,32.857218,240.428311,-118.908644,0.873970,0.480566,0.747175
northern-extratropics,cloud-free-area,2025-02,70.704234,221.063142,-84.338366,45.225802,241.928528,-79.724439,0.873970,0.480566,0.747175
northern-extratropics,cloud-free-area,2025-03,97.254264,226.641096,-36.204910,61.804020,248.759624,-22.872914,0.873970,0.480566,0.747175
northern-extratropics,cloud-free-area,2025-04,127.795034,233.733689,15.451263,80.121950,256.769440,40.088664,0.873970,0.480566,0.747175
northern-extratropics,cloud-free-area,2025-05,151.212406,240.989691,54.967924,90.276827,266.051856,90.842068,0.873970,0.480566,0.747175
northern-extratropics,cloud-free-area,2025-06,153.260918,251.433626,73.243470,86.214452,275.333455,116.390017,0.873970,0.480566,0.747175
northern-extratropics,cloud-free-area,2025-07,139.996644,255.366711,64.530980,76.202896,279.897742,103.795148,0.873970,0.480566,0.747175
northern-extratropics,cloud-free-area,2025-08,116.735983,254.460318,27.326765,64.702039,278.261932,55.560414,0.873970,0.480566,0.747175
northern-extratropics,cloud-free-area,2025-09,91.029041,247.707148,-24.627678,51.459060,271.814099,-9.163141,0.873970,0.480566,0.747175
northern-extratropics,cloud-free-area,2025-10,69.731239,238.274743,-78.748095,40.351599,261.704195,-72.796862,0.873970,0.480566,0.747175
northern-extratropics,cloud-free-area,2025-11,51.987168,228.644728,-114.800340,31.915135,251.321207,-117.405527,0.873970,0.480566,0.747175
northern-extratropics,cloud-free-area,2025-12,47.938246,218.246614,-127.458129,28.606327,242.169283,-132.047955,0.873970,0.480566,0.747175
northern-extratropics,cloud-free-area,2026-01,53.572883,217.689010,-117.234234,33.406599,240.072971,-119.452522,0.873970,0.480566,0.747175
northern-extratropics,cloud-free-area,2026-02,70.349839,220.674830,-84.229358,44.747203,242.194482,-80.146908,0.873970,0.480566,0.747175
northern-extratropics,cloud-free-area,2026-03,98.994971,224.012329,-36.188295,61.135813,246.697903,-21.013839,0.873970,0.480566,0.747175
northern-extratropics,cloud-free-area,2026-04,129.076681,230.980202,16.092323,80.075739,254.955853,41.118382,0.873970,0.480566,0.747175
northern-extratropics,cloud-free-area,2026-05,149.850459,241.248821,55.617620,89.325450,265.485700,91.904990,0.873970,0.480566,0.747175
northern-extratropics,total-region,2000-03,100.306473,223.889165,-36.680153,64.796401,245.228619,-22.509722,0.898826,0.461270,0.773871
northern-extratropics,total-region,2000-04,129.956205,230.298492,16.551901,82.711670,252.780482,41.315401,0.898826,0.461270,0.773871
northern-extratropics,total-region,2000-05,153.483505,239.820326,53.653335,94.057596,262.855208,90.045254,0.898826,0.461270,0.773871
northern-extratropics,total-region,2000-06,156.569825,250.137001,70.950346,90.451728,272.438566,114.766707,0.898826,0.461270,0.773871
northern-extratropics,total-region,2000-07,143.935126,253.981048,61.678747,78.908259,276.943620,103.742352,0.898826,0.461270,0.773871
northern-extratropics,total-region,2000-08,120.943851,252.517956,24.950052,66.318428,274.822542,57.271261,0.898826,0.461270,0.773871
northern-extratropics,total-region,2000-09,96.177214,245.846452,-28.119346,54.813471,268.188720,-9.097828,0.898826,0.461270,0.773871
northern-extratropics,total-region,2000-10,73.019440,234.485135,-78.333796,42.895756,257.651683,-71.376633,0.898826,0.461270,0.773871
northern-extratropics,total-region,2000-11,55.680565,224.640275,-114.609368,33.501565,246.648470,-114.438474,0.898826,0.461270,0.773871
northern-extratropics,total-region,2000-12,48.928230,218.372230,-128.568346,29.985823,240.357515,-131.611982,0.898826,0.461270,0.773871
northern-extratropics,total-region,2001-01,55.529740,215.403097,-116.837624,34.425058,237.782439,-118.112262,0.898826,0.461270,0.773871
northern-extratropics,total-region,2001-02,73.536745,217.424830,-84.045939,46.941467,239.233382,-79.258661,0.898826,0.461270,0.773871
northern-extratropics,total-region,2001-03,102.535846,220.298450,-36.019813,64.930801,244.366571,-22.482641,0.898826,0.461270,0.773871
northern-extratropics,total-region,2001-04,131.971930,228.724370,15.394459,84.928582,252.071673,39.090697,0.898826,0.461270,0.773871
northern-extratropics,total-region,2001-05,154.504889,239.391770,52.755000,93.000537,262.569597,91.080919,0.898826,0.461270,0.773871
northern-extratropics,total-region,2001-06,156.394119,249.263499,72.000818,92.661639,270.452503,114.545316,0.898826,0.461270,0.773871
northern-extratropics,total-region,2001-07,143.229644,254.384686,62.438823,79.121972,277.322742,103.609321,0.898826,0.461270,0.773871
northern-extratropics,total-region,2001-08,120.846126,253.465460,24.595515,67.525842,275.989594,55.392003,0.898826,0.461270,0.773871
northern-extratropics,total-region,2001-09,95.037585,246.335936,-26.811690,54.149916,268.546314,-8.134106,0.898826,0.461270,0.773871
northern-extratropics,total-region,2001-10,72.456877,235.770997,-78.492036,42.661214,258.684719,-71.610221,0.898826,0.461270,0.773871
northern-extratropics,total-region,2001-11,54.668385,226.268847,-114.900278,32.536235,248.894674,-115.393315,0.898826,0.461270,0.773871
northern-extratropics,total-region,2001-12,48.154591,219.503331,-128.893232,29.611223,241.710168,-132.556356,0.898826,0.461270,0.773871
northern-extratropics,total-region,2002-01,54.415911,216.736600,-117.304159,33.976720,239.261527,-119.389819,0.898826,0.461270,0.773871
northern-extratropics,total-region,2002-02,71.612693,218.972418,-84.185545,44.989124,240.974090,-79.563505,0.898826,0.461270,0.773871
northern-extratropics,total-region,2002-03,101.164013,221.852954,-36.751897,61.561130,244.507998,-19.804084,0.898826,0.461270,0.773871
northern-extratropics,total-region,2002-04,132.454641,230.032964,13.020650,83.879193,252.002303,39.625982,0.898826,0.461270,0.773871
northern-extratropics,total-region,2002-05,151.892715,239.941972,54.383966,93.823855,262.133045,90.261355,0.898826,0.461270,0.773871
northern-extratropics,total-region,2002-06,156.870211,249.304280,71.502452,89.955173,271.980789,115.740215,0.898826,0.461270,0.773871
northern-extratropics,total-region,2002-07,145.513823,254.414003,60.232639,80.166314,276.989630,103.004497,0.898826,0.461270,0.773871
northern-extratropics,total-region,2002-08,122.348581,252.692728,24.384129,66.845311,274.692663,57.887676,0.898826,0.461270,0.773871
northern-extratropics,total-region,2002-09,96.394980,245.689432,-26.785989,54.423272,268.168528,-7.292789,0.898826,0.461270,0.773871
northern-extratropics,total-region,2002-10,72.654500,235.530010,-77.891641,42.476161,257.801154,-69.984284,0.898826,0.461270,0.773871
northern-extratropics,total-region,2002-11,55.163632,225.692517,-114.459361,33.006958,248.207817,-114.817707,0.898826,0.461270,0.773871
northern-extratropics,total-region,2002-12,49.202770,217.096126,-127.474888,29.935461,240.673639,-131.785251,0.898826,0.461270,0.773871
northern-extratropics,total-region,2003-01,54.497701,217.101550,-118.089566,33.695929,239.516850,-119.703087,0.898826,0.461270,0.773871
northern-extratropics,total-region,2003-02,74.021207,216.004613,-84.266279,46.499532,238.188055,-78.927845,0.898826,0.461270,0.773871
northern-extratropics,total-region,2003-03,100.491896,221.714998,-36.838496,65.746563,244.058773,-24.436449,0.898826,0.461270,0.773871
northern-extratropics,total-region,2003-04,131.053690,229.773299,13.900083,82.957698,252.414045,39.355534,0.898826,0.461270,0.773871
northern-extratropics,total-region,2003-05,152.079502,240.311744,53.264722,94.402929,262.709253,88.543725,0.898826,0.461270,0.773871
northern-extratropics,total-region,2003-06,156.772458,249.402833,71.174883,90.528443,271.959347,114.863102,0.898826,0.461270,0.773871
northern-extratropics,total-region,2003-07,143.071185,254.474352,62.890095,79.450557,276.735954,104.248767,0.898826,0.461270,0.773871
northern-extratropics,total-region,2003-08,120.307952,253.002838,26.694326,67.223140,275.240867,57.541285,0.898826,0.461270,0.773871
northern-extratropics,total-region,2003-09,95.109026,246.873336,-25.989138,53.762313,268.815178,-6.584262,0.898826,0.461270,0.773871
northern-extratropics,total-region,2003-10,72.119330,236.114217,-77.478871,41.519869,258.950131,-69.715531,0.898826,0.461270,0.773871
northern-extratropics,total-region,2003-11,56.212777,225.642631,-115.114685,33.381422,247.814395,-114.455205,0.898826,0.461270,0.773871
northern-extratropics,total-region,2003-12,48.298880,220.009187,-129.477324,29.360957,242.587982,-133.119155,0.898826,0.461270,0.773871
northern-extratropics,total-region,2004-01,55.213176,214.424113,-116.481000,33.710080,237.264157,-117.818437,0.898826,0.461270,0.773871
northern-extratropics,total-region,2004-02,72.361912,217.691392,-83.704920,46.066086,239.866650,-79.584564,0.898826,0.461270,0.773871
northern-extratropics,total-region,2004-03,100.975210,222.806770,-36.197054,63.998981,245.068188,-21.481477,0.898826,0.461270,0.773871
northern-extratropics,total-region,2004-04,128.299622,230.335635,18.164754,81.880205,252.239410,42.679749,0.898826,0.461270,0.773871
northern-extratropics,total-region,2004-05,154.256428,240.290085,52.357996,94.082851,262.204846,90.616164,0.898826,0.461270,0.773871
northern-extratropics,total-region,2004-06,156.004650,249.532034,71.958249,90.563221,271.105026,115.827510,0.898826,0.461270,0.773871
northern-extratropics,total-region,2004-07,142.168853,253.888997,63.209425,79.789700,275.935942,103.540572,0.898826,0.461270,0.773871
northern-extratropics,total-region,2004-08,120.919377,252.008554,25.065696,66.563883,274.362074,57.067788,0.898826,0.461270,0.773871
northern-extratropics,total-region,2004-09,94.212742,246.287163,-26.776784,53.650882,268.334606,-8.262654,0.898826,0.461270,0.773871
northern-extratropics,total-region,2004-10,72.503522,235.290423,-78.862014,39.520474,256.032731,-66.621522,0.898826,0.461270,0.773871
northern-extratropics,total-region,2004-11,54.724141,225.135197,-114.302692,32.349619,248.201741,-114.995101,0.898826,0.461270,0.773871
northern-extratropics,total-region,2004-12,49.041514,216.219772,-126.615953,29.485743,239.815770,-130.656612,0.898826,0.461270,0.773871
northern-extratropics,total-region,2005-01,55.582395,215.547836,-117.129001,34.186751,238.383514,-118.568414,0.898826,0.461270,0.773871
northern-extratropics,total-region,2005-02,74.726748,216.641757,-84.526248,46.707858,238.421858,-78.287631,0.898826,0.461270,0.773871
northern-extratropics,total-region,2005-03,101.653849,220.957458,-35.785260,63.692778,243.916759,-20.783527,0.898826,0.461270,0.773871
northern-extratropics,total-region,2005-04,128.817049,231.340482,15.895737,82.289764,253.376396,40.387788,0.898826,0.461270,0.773871
northern-extratropics,total-region,2005-05,150.889626,238.835779,56.685302,92.482039,261.802592,92.126715,0.898826,0.461270,0.773871
northern-extratropics,total-region,2005-06,156.159012,248.411184,72.802369,88.954138,271.586403,116.832425,0.898826,0.461270,0.773871
northern-extratropics,total-region,2005-07,144.043902,254.786806,60.808852,78.696953,276.968838,103.974466,0.898826,0.461270,0.773871
northern-extratropics,total-region,2005-08,121.632381,252.786693,24.205579,66.892620,275.038440,56.694042,0.898826,0.461270,0.773871
northern-extratropics,total-region,2005-09,92.017750,247.586776,-25.248197,53.705138,269.132919,-8.481823,0.898826,0.461270,0.773871
northern-extratropics,total-region,2005-10,71.076391,237.713541,-79.268688,41.632956,259.474442,-71.585870,0.898826,0.461270,0.773871
northern-extratropics,total-region,2005-11,54.714566,226.045463,-114.848741,32.859553,248.546754,-115.495003,0.898826,0.461270,0.773871
northern-extratropics,total-region,2005-12,48.029583,218.192093,-127.558770,29.433937,241.020319,-131.791153,0.898826,0.461270,0.773871
northern-extratropics,total-region,2006-01,54.877489,215.770848,-116.917158,34.477720,238.627647,-119.374532,0.898826,0.461270,0.773871
northern-extratropics,total-region,2006-02,74.065221,215.971831,-83.770318,45.976372,239.427686,-79.137489,0.898826,0.461270,0.773871
northern-extratropics,total-region,2006-03,100.394549,222.454020,-36.750682,64.338876,244.518642,-22.759235,0.898826,0.461270,0.773871
northern-extratropics,total-region,2006-04,129.851897,228.635939,16.902180,82.745085,251.869522,40.775370,0.898826,0.461270,0.773871
northern-extratropics,total-region,2006-05,151.511780,239.630156,54.944117,91.870886,262.381964,91.832741,0.898826,0.461270,0.773871
northern-extratropics,total-region,2006-06,155.031157,249.794005,72.558126,88.571981,271.650964,117.161149,0.898826,0.461270,0.773871
northern-extratropics,total-region,2006-07,143.039448,254.790331,62.133114,78.901009,276.736222,104.324679,0.898826,0.461270,0.773871
northern-extratropics,total-region,2006-08,121.551242,252.952660,24.639431,67.118549,275.346001,56.678784,0.898826,0.461270,0.773871
northern-extratropics,total-region,2006-09,93.688182,247.098398,-25.734159,53.744467,268.761003,-7.453355,0.898826,0.461270,0.773871
northern-extratropics,total-region,2006-10,72.125793,235.745217,-77.770008,41.904064,258.603990,-70.407135,0.898826,0.461270,0.773871
northern-extratropics,total-region,2006-11,55.625422,224.260722,-113.631725,33.112710,247.505097,-114.363519,0.898826,0.461270,0.773871
northern-extratropics,total-region,2006-12,48.488677,219.503412,-129.292129,29.833645,242.298848,-133.433317,0.898826,0.461270,0.773871
northern-extratropics,total-region,2007-01,53.688393,217.583507,-117.845069,33.930576,239.954810,-120.458844,0.898826,0.461270,0.773871
northern-extratropics,total-region,2007-02,72.772708,218.021214,-85.111457,45.751733,239.927752,-79.996452,0.898826,0.461270,0.773871
northern-extratropics,total-region,2007-03,100.750910,223.080405,-38.440239,64.168474,244.939990,-23.717615,0.898826,0.461270,0.773871
northern-extratropics,total-region,2007-04,128.713086,231.079135,14.908450,81.169290,253.171472,40.360448,0.898826,0.461270,0.773871
northern-extratropics,total-region,2007-05,153.252795,239.738056,52.566756,93.233025,262.348068,89.976400,0.898826,0.461270,0.773871
northern-extratropics,total-region,2007-06,156.015963,248.727511,72.527101,88.835420,271.147321,117.288897,0.898826,0.461270,0.773871
northern-extratropics,total-region,2007-07,143.897275,254.253164,62.076729,77.908998,276.563067,105.753691,0.898826,0.461270,0.773871
northern-extratropics,total-region,2007-08,120.610590,253.696246,25.441867,66.332001,275.517204,57.899050,0.898826,0.461270,0.773871
northern-extratropics,total-region,2007-09,94.598552,247.418602,-26.313059,53.518813,268.841166,-6.656517,0.898826,0.461270,0.773871
northern-extratropics,total-region,2007-10,71.024781,237.854409,-78.187034,42.038229,259.311668,-70.657877,0.898826,0.461270,0.773871
northern-extratropics,total-region,2007-11,54.035961,226.637914,-114.028358,32.936151,248.276105,-114.566790,0.898826,0.461270,0.773871
northern-extratropics,total-region,2007-12,48.331988,218.740982,-128.305135,29.915960,241.074008,-132.222170,0.898826,0.461270,0.773871
northern-extratropics,total-region,2008-01,55.566830,214.401593,-116.813260,34.599873,236.782691,-118.227176,0.898826,0.461270,0.773871
northern-extratropics,total-region,2008-02,72.276824,219.675263,-85.586734,47.078905,239.973832,-80.687319,0.898826,0.461270,0.773871
northern-extratropics,total-region,2008-03,99.259614,223.906792,-35.576000,63.933287,245.621085,-21.964205,0.898826,0.461270,0.773871
northern-extratropics,total-region,2008-04,130.445083,231.285260,15.040502,83.621580,253.221018,39.928797,0.898826,0.461270,0.773871
northern-extratropics,total-region,2008-05,151.826927,239.513832,55.524754,93.430761,261.772874,91.661765,0.898826,0.461270,0.773871
northern-extratropics,total-region,2008-06,155.109758,249.249541,73.022732,89.435481,271.453712,116.491862,0.898826,0.461270,0.773871
northern-extratropics,total-region,2008-07,142.224667,254.630108,62.337149,78.859909,276.738192,103.594371,0.898826,0.461270,0.773871
northern-extratropics,total-region,2008-08,120.906226,252.806972,24.123195,66.667475,275.218076,55.950721,0.898826,0.461270,0.773871
northern-extratropics,total-region,2008-09,95.924755,245.794503,-28.224002,54.441592,267.799801,-8.746687,0.898826,0.461270,0.773871
northern-extratropics,total-region,2008-10,70.823988,235.647399,-77.710909,42.039836,258.347278,-71.626954,0.898826,0.461270,0.773871
northern-extratropics,total-region,2008-11,53.998953,226.027343,-114.555567,32.674188,248.183880,-115.387551,0.898826,0.461270,0.773871
northern-extratropics,total-region,2008-12,49.097118,217.169872,-127.675746,29.600371,240.403928,-131.413124,0.898826,0.461270,0.773871
northern-extratropics,total-region,2009-01,54.588820,216.673262,-117.223474,34.192308,238.634678,-118.788586,0.898826,0.461270,0.773871
northern-extratropics,total-region,2009-02,72.461927,218.770543,-84.347976,46.086375,240.183018,-79.384389,0.898826,0.461270,0.773871
northern-extratropics,total-region,2009-03,102.223918,220.707908,-36.051274,65.429891,243.378207,-21.927995,0.898826,0.461270,0.773871
northern-extratropics,total-region,2009-04,129.385140,230.099898,16.611736,82.338825,252.267038,41.490752,0.898826,0.461270,0.773871
northern-extratropics,total-region,2009-05,151.797834,239.907088,54.760073,94.332980,261.755906,90.375907,0.898826,0.461270,0.773871
northern-extratropics,total-region,2009-06,155.778206,247.081066,74.511337,89.966403,269.844582,117.559832,0.898826,0.461270,0.773871
northern-extratropics,total-region,2009-07,142.495948,253.802651,63.254306,79.252719,275.949181,104.350758,0.898826,0.461270,0.773871
northern-extratropics,total-region,2009-08,120.125445,253.136245,25.201581,67.628132,274.694578,56.140892,0.898826,0.461270,0.773871
northern-extratropics,total-region,2009-09,94.146547,246.251632,-26.185196,54.053391,267.971869,-7.812123,0.898826,0.461270,0.773871
northern-extratropics,total-region,2009-10,71.726468,236.810766,-79.163899,42.190948,258.123436,-70.941222,0.898826,0.461270,0.773871
northern-extratropics,total-region,2009-11,55.343717,225.492882,-114.997944,33.242517,247.974727,-115.377969,0.898826,0.461270,0.773871
northern-extratropics,total-region,2009-12,49.067385,216.988369,-127.419629,29.848315,240.339239,-131.551006,0.898826,0.461270,0.773871
northern-extratropics,total-region,2010-01,54.443315,216.798311,-117.488318,34.080246,238.820148,-119.147008,0.898826,0.461270,0.773871
northern-extratropics,total-region,2010-02,74.733193,216.495360,-84.873129,46.754562,239.090460,-79.489047,0.898826,0.461270,0.773871
northern-extratropics,total-region,2010-03,100.131433,222.579132,-36.486444,65.077253,245.188170,-24.041782,0.898826,0.461270,0.773871
northern-extratropics,total-region,2010-04,129.597495,230.089076,15.848116,82.120373,252.567366,40.846666,0.898826,0.461270,0.773871
northern-extratropics,total-region,2010-05,152.905449,240.086398,53.139968,91.018325,262.455595,92.656741,0.898826,0.461270,0.773871
northern-extratropics,total-region,2010-06,156.660914,249.379007,71.352605,87.314727,271.416196,118.662055,0.898826,0.461270,0.773871
northern-extratropics,total-region,2010-07,143.239980,255.168864,61.558549,77.840566,277.177562,104.948968,0.898826,0.461270,0.773871
northern-extratropics,total-region,2010-08,120.693114,253.997420,24.439616,66.183723,275.803042,57.143492,0.898826,0.461270,0.773871
northern-extratropics,total-region,2010-09,94.234467,247.615784,-26.881820,52.989690,268.973411,-6.994199,0.898826,0.461270,0.773871
northern-extratropics,total-region,2010-10,70.902507,236.990188,-77.880976,41.457487,258.958556,-70.404766,0.898826,0.461270,0.773871
northern-extratropics,total-region,2010-11,54.189705,227.711500,-115.663590,32.618655,249.580896,-115.961558,0.898826,0.461270,0.773871
northern-extratropics,total-region,2010-12,48.551923,218.490482,-128.332982,29.681756,241.325696,-132.298115,0.898826,0.461270,0.773871
northern-extratropics,total-region,2011-01,54.705967,216.248020,-117.470791,34.221232,237.575309,-118.313532,0.898826,0.461270,0.773871
northern-extratropics,total-region,2011-02,74.104054,216.864910,-85.178965,46.450561,239.138848,-79.799564,0.898826,0.461270,0.773871
northern-extratropics,total-region,2011-03,99.415432,223.017149,-36.904832,64.439934,244.209760,-23.121743,0.898826,0.461270,0.773871
northern-extratropics,total-region,2011-04,129.480188,230.721966,14.744403,82.056676,252.745154,40.145370,0.898826,0.461270,0.773871
northern-extratropics,total-region,2011-05,151.491051,239.261343,55.052725,92.479756,261.541394,91.784606,0.898826,0.461270,0.773871
northern-extratropics,total-region,2011-06,156.766410,248.711506,71.956727,88.300216,271.324584,117.809795,0.898826,0.461270,0.773871
northern-extratropics,total-region,2011-07,142.749671,254.780254,62.765909,78.595572,276.487002,105.212131,0.898826,0.461270,0.773871
northern-extratropics,total-region,2011-08,120.279013,253.081546,26.360674,66.496403,274.880012,58.344464,0.898826,0.461270,0.773871
northern-extratropics,total-region,2011-09,94.461999,247.536308,-26.324520,53.443749,268.957183,-6.727177,0.898826,0.461270,0.773871
northern-extratropics,total-region,2011-10,71.269719,236.824961,-77.412704,42.132042,258.772622,-70.222900,0.898826,0.461270,0.773871
northern-extratropics,total-region,2011-11,55.682030,224.670510,-113.680300,33.426743,247.514053,-114.268949,0.898826,0.461270,0.773871
northern-extratropics,total-region,2011-12,47.978939,218.731951,-127.879893,29.774779,241.168780,-132.113055,0.898826,0.461270,0.773871
northern-extratropics,total-region,2012-01,53.815179,216.772996,-117.336828,34.017062,237.996161,-118.762236,0.898826,0.461270,0.773871
northern-extratropics,total-region,2012-02,74.199002,215.966417,-83.632002,46.808325,238.122693,-78.397926,0.898826,0.461270,0.773871
northern-extratropics,total-region,2012-03,99.806700,224.089771,-36.091463,65.724501,244.482911,-22.402200,0.898826,0.461270,0.773871
northern-extratropics,total-region,2012-04,130.175400,230.839079,16.014121,81.849701,253.163412,42.015109,0.898826,0.461270,0.773871
northern-extratropics,total-region,2012-05,150.808113,240.643865,55.629370,92.124121,262.969526,91.987987,0.898826,0.461270,0.773871
northern-extratropics,total-region,2012-06,154.212549,250.017263,73.360438,86.704455,272.418535,118.467241,0.898826,0.461270,0.773871
northern-extratropics,total-region,2012-07,141.772484,254.933751,62.539359,77.986459,277.005732,104.254373,0.898826,0.461270,0.773871
northern-extratropics,total-region,2012-08,119.969668,252.428094,25.558814,65.910650,275.077076,56.969377,0.898826,0.461270,0.773871
northern-extratropics,total-region,2012-09,93.198378,246.814093,-26.426616,52.656202,268.971558,-8.042237,0.898826,0.461270,0.773871
northern-extratropics,total-region,2012-10,71.162454,236.385822,-78.765285,41.087541,258.747635,-71.051899,0.898826,0.461270,0.773871
northern-extratropics,total-region,2012-11,55.417705,223.897040,-113.811328,32.753878,247.449477,-114.700153,0.898826,0.461270,0.773871
northern-extratropics,total-region,2012-12,49.353727,215.961527,-126.668295,29.956201,239.590848,-130.900129,0.898826,0.461270,0.773871
northern-extratropics,total-region,2013-01,54.796022,217.444871,-118.114741,34.152543,239.039015,-119.065763,0.898826,0.461270,0.773871
northern-extratropics,total-region,2013-02,73.556085,217.641584,-84.165894,46.685970,239.066051,-78.720117,0.898826,0.461270,0.773871
northern-extratropics,total-region,2013-03,100.296972,222.018699,-35.227755,65.242531,244.385370,-22.540581,0.898826,0.461270,0.773871
northern-extratropics,total-region,2013-04,131.793175,230.211846,14.298733,83.437974,252.108032,40.756842,0.898826,0.461270,0.773871
northern-extratropics,total-region,2013-05,153.290836,239.926202,53.506083,92.152916,262.218734,92.351484,0.898826,0.461270,0.773871
northern-extratropics,total-region,2013-06,155.176134,249.788034,72.641691,88.186207,271.600863,117.818387,0.898826,0.461270,0.773871
northern-extratropics,total-region,2013-07,143.272548,253.784655,62.703614,78.294243,275.940287,105.525390,0.898826,0.461270,0.773871
northern-extratropics,total-region,2013-08,119.688582,252.928453,25.976305,66.756356,274.761943,57.075813,0.898826,0.461270,0.773871
northern-extratropics,total-region,2013-09,94.856396,246.463132,-27.017371,53.251667,268.544521,-7.493536,0.898826,0.461270,0.773871
northern-extratropics,total-region,2013-10,71.363285,237.392180,-79.372634,41.417572,259.016409,-71.051040,0.898826,0.461270,0.773871
northern-extratropics,total-region,2013-11,55.301198,224.412800,-113.862504,32.365392,247.917308,-114.430552,0.898826,0.461270,0.773871
northern-extratropics,total-region,2013-12,48.039225,217.929057,-127.259502,29.478540,240.846405,-131.615962,0.898826,0.461270,0.773871
northern-extratropics,total-region,2014-01,53.962957,216.330745,-116.455463,33.424773,239.088974,-118.675242,0.898826,0.461270,0.773871
northern-extratropics,total-region,2014-02,73.671026,218.513135,-85.740703,46.517862,240.038662,-80.113592,0.898826,0.461270,0.773871
northern-extratropics,total-region,2014-03,99.067422,224.061193,-36.632839,63.589501,245.753738,-22.846976,0.898826,0.461270,0.773871
northern-extratropics,total-region,2014-04,128.388984,230.882820,16.518271,81.445227,253.297417,41.047688,0.898826,0.461270,0.773871
northern-extratropics,total-region,2014-05,152.251440,239.134404,54.985506,91.641107,262.218248,92.511329,0.898826,0.461270,0.773871
northern-extratropics,total-region,2014-06,156.511607,248.481514,72.587675,88.303734,271.039004,118.237072,0.898826,0.461270,0.773871
northern-extratropics,total-region,2014-07,142.717191,254.222002,63.105867,78.743219,276.065033,105.236544,0.898826,0.461270,0.773871
northern-extratropics,total-region,2014-08,118.580017,253.356437,27.287839,66.793544,275.149407,57.281526,0.898826,0.461270,0.773871
northern-extratropics,total-region,2014-09,93.958337,246.208910,-25.177172,53.239787,268.099701,-6.349759,0.898826,0.461270,0.773871
northern-extratropics,total-region,2014-10,71.268820,236.873197,-78.153012,41.828027,259.052571,-70.892144,0.898826,0.461270,0.773871
northern-extratropics,total-region,2014-11,55.263763,225.640428,-114.634057,32.887558,247.855609,-114.472859,0.898826,0.461270,0.773871
northern-extratropics,total-region,2014-12,48.774992,218.628043,-128.633807,29.272237,241.595091,-132.097187,0.898826,0.461270,0.773871
northern-extratropics,total-region,2015-01,54.421627,217.004170,-117.820419,33.611129,239.328040,-119.333770,0.898826,0.461270,0.773871
northern-extratropics,total-region,2015-02,73.169885,217.803168,-84.951095,44.845047,239.792377,-78.615116,0.898826,0.461270,0.773871
northern-extratropics,total-region,2015-03,99.022387,222.699167,-35.929746,62.745937,245.082099,-22.036418,0.898826,0.461270,0.773871
northern-extratropics,total-region,2015-04,128.041354,231.784389,15.354887,80.759816,253.397784,41.022447,0.898826,0.461270,0.773871
northern-extratropics,total-region,2015-05,149.247500,240.613689,56.107369,91.422211,262.710438,91.835904,0.898826,0.461270,0.773871
northern-extratropics,total-region,2015-06,153.693276,249.718434,74.104273,86.913206,271.783799,118.817604,0.898826,0.461270,0.773871
northern-extratropics,total-region,2015-07,141.996178,254.797564,63.640447,78.052582,276.657059,105.725358,0.898826,0.461270,0.773871
northern-extratropics,total-region,2015-08,119.526014,252.330320,27.870181,66.411779,274.365603,58.948933,0.898826,0.461270,0.773871
northern-extratropics,total-region,2015-09,94.700685,245.535548,-24.607169,52.801085,267.871964,-5.043425,0.898826,0.461270,0.773871
northern-extratropics,total-region,2015-10,71.553583,236.025952,-76.938879,41.579140,259.122563,-70.061348,0.898826,0.461270,0.773871
northern-extratropics,total-region,2015-11,55.161971,225.961923,-114.486874,32.661915,248.583547,-114.608822,0.898826,0.461270,0.773871
northern-extratropics,total-region,2015-12,47.731113,219.577862,-128.490583,29.285465,242.670779,-133.137976,0.898826,0.461270,0.773871
northern-extratropics,total-region,2016-01,54.302321,216.434768,-117.440221,33.609260,239.636198,-119.948429,0.898826,0.461270,0.773871
northern-extratropics,total-region,2016-02,70.762897,221.565576,-85.707714,44.756543,242.835895,-80.971311,0.898826,0.461270,0.773871
northern-extratropics,total-region,2016-03,99.968117,224.173761,-36.216292,62.399110,246.486674,-20.959548,0.898826,0.461270,0.773871
northern-extratropics,total-region,2016-04,128.653281,231.701175,16.694316,80.242196,253.869256,42.936647,0.898826,0.461270,0.773871
northern-extratropics,total-region,2016-05,150.994590,240.154981,55.966922,89.288276,262.577152,95.251171,0.898826,0.461270,0.773871
northern-extratropics,total-region,2016-06,152.990297,249.337063,75.244458,85.687600,271.200516,120.682526,0.898826,0.461270,0.773871
northern-extratropics,total-region,2016-07,142.498734,254.690020,62.041799,77.409373,276.392004,105.429258,0.898826,0.461270,0.773871
northern-extratropics,total-region,2016-08,119.669928,252.674328,25.437347,64.866220,275.243974,57.672026,0.898826,0.461270,0.773871
northern-extratropics,total-region,2016-09,92.505890,247.696435,-26.803367,52.192060,268.909229,-7.702761,0.898826,0.461270,0.773871
northern-extratropics,total-region,2016-10,71.388497,236.935734,-79.660630,41.646115,258.446874,-71.429325,0.898826,0.461270,0.773871
northern-extratropics,total-region,2016-11,54.307130,225.942962,-114.826584,32.780880,248.644117,-116.001090,0.898826,0.461270,0.773871
northern-extratropics,total-region,2016-12,48.135330,218.852693,-128.381182,29.491682,241.535495,-132.420624,0.898826,0.461270,0.773871
northern-extratropics,total-region,2017-01,54.080012,217.277160,-117.215705,33.705661,239.284657,-118.849292,0.898826,0.461270,0.773871
northern-extratropics,total-region,2017-02,71.875819,219.834844,-84.633988,45.477707,241.174497,-79.575292,0.898826,0.461270,0.773871
northern-extratropics,total-region,2017-03,100.279578,223.696492,-36.854461,62.434289,245.458743,-20.771750,0.898826,0.461270,0.773871
northern-extratropics,total-region,2017-04,128.744203,232.021263,15.611213,80.605882,253.352549,42.417409,0.898826,0.461270,0.773871
northern-extratropics,total-region,2017-05,152.022123,240.329929,54.326565,91.646495,262.470934,92.561400,0.898826,0.461270,0.773871
northern-extratropics,total-region,2017-06,155.557743,248.286073,73.640947,87.535115,270.934968,119.015146,0.898826,0.461270,0.773871
northern-extratropics,total-region,2017-07,141.458092,254.115656,63.927110,77.496449,276.103329,105.901082,0.898826,0.461270,0.773871
northern-extratropics,total-region,2017-08,120.594593,252.902229,24.828150,66.318325,274.740128,57.265791,0.898826,0.461270,0.773871
northern-extratropics,total-region,2017-09,94.212823,247.373365,-27.569684,53.479509,268.470216,-7.932809,0.898826,0.461270,0.773871
northern-extratropics,total-region,2017-10,71.197811,238.021711,-79.951349,41.444205,259.273705,-71.449582,0.898826,0.461270,0.773871
northern-extratropics,total-region,2017-11,54.499268,225.455756,-114.172766,32.794625,247.843269,-114.855349,0.898826,0.461270,0.773871
northern-extratropics,total-region,2017-12,47.593299,218.442605,-127.385202,29.013927,241.547112,-131.909884,0.898826,0.461270,0.773871
northern-extratropics,total-region,2018-01,54.096852,216.706820,-116.966568,33.409392,238.963616,-118.535751,0.898826,0.461270,0.773871
northern-extratropics,total-region,2018-02,73.054226,217.299809,-83.877951,45.565659,239.327200,-78.416577,0.898826,0.461270,0.773871
northern-extratropics,total-region,2018-03,100.908180,222.650001,-37.164974,63.697503,245.306874,-22.610701,0.898826,0.461270,0.773871
northern-extratropics,total-region,2018-04,126.999553,231.674945,17.017441,82.438402,252.795458,40.458025,0.898826,0.461270,0.773871
northern-extratropics,total-region,2018-05,150.307248,240.601199,55.333650,92.689460,262.306104,91.247865,0.898826,0.461270,0.773871
northern-extratropics,total-region,2018-06,156.243159,249.328398,71.838202,87.950032,271.070776,118.388449,0.898826,0.461270,0.773871
northern-extratropics,total-region,2018-07,141.926185,254.677088,63.234480,78.350270,276.244140,105.243282,0.898826,0.461270,0.773871
northern-extratropics,total-region,2018-08,120.428697,253.015062,25.475190,66.845602,274.561099,57.512853,0.898826,0.461270,0.773871
northern-extratropics,total-region,2018-09,94.002970,245.959987,-25.221931,53.073915,267.361895,-5.694478,0.898826,0.461270,0.773871
northern-extratropics,total-region,2018-10,70.675919,236.771608,-77.599170,41.243060,257.940395,-69.335126,0.898826,0.461270,0.773871
northern-extratropics,total-region,2018-11,55.124949,224.488381,-113.472467,32.771744,247.309203,-113.939864,0.898826,0.461270,0.773871
northern-extratropics,total-region,2018-12,48.117163,219.604589,-129.016425,29.250332,241.844376,-132.389851,0.898826,0.461270,0.773871
northern-extratropics,total-region,2019-01,54.031628,216.597692,-117.068294,33.444282,238.524740,-118.408291,0.898826,0.461270,0.773871
northern-extratropics,total-region,2019-02,73.610221,216.836675,-84.510535,46.057907,239.029439,-79.150631,0.898826,0.461270,0.773871
northern-extratropics,total-region,2019-03,97.921855,223.913012,-36.136597,62.351834,245.609866,-22.262961,0.898826,0.461270,0.773871
northern-extratropics,total-region,2019-04,127.561943,231.270700,16.169305,79.894822,253.094574,42.012242,0.898826,0.461270,0.773871
northern-extratropics,total-region,2019-05,151.091982,240.511378,54.174792,90.490906,262.389125,92.897839,0.898826,0.461270,0.773871
northern-extratropics,total-region,2019-06,153.770488,249.000707,74.542591,85.755887,271.098018,120.457944,0.898826,0.461270,0.773871
northern-extratropics,total-region,2019-07,141.928710,254.131166,64.054084,78.664090,275.800477,105.650139,0.898826,0.461270,0.773871
northern-extratropics,total-region,2019-08,118.941562,253.174376,27.359345,67.107063,274.692660,57.675914,0.898826,0.461270,0.773871
northern-extratropics,total-region,2019-09,92.746010,246.348395,-23.679692,53.468247,267.858674,-5.911789,0.898826,0.461270,0.773871
northern-extratropics,total-region,2019-10,70.961689,237.258191,-77.770936,41.817883,258.672412,-70.041248,0.898826,0.461270,0.773871
northern-extratropics,total-region,2019-11,55.106884,225.139711,-113.728791,33.164075,247.994894,-114.641199,0.898826,0.461270,0.773871
northern-extratropics,total-region,2019-12,47.908345,219.449128,-128.590662,29.449393,241.970184,-132.653314,0.898826,0.461270,0.773871
northern-extratropics,total-region,2020-01,54.367244,216.750985,-117.834755,33.724218,238.895391,-119.335150,0.898826,0.461270,0.773871
northern-extratropics,total-region,2020-02,70.787318,219.985173,-84.155655,45.649586,241.556656,-80.588989,0.898826,0.461270,0.773871
northern-extratropics,total-region,2020-03,99.879682,222.712960,-34.661374,62.809268,245.341072,-20.219163,0.898826,0.461270,0.773871
northern-extratropics,total-region,2020-04,128.070186,231.434643,17.589795,80.406179,253.331604,43.356423,0.898826,0.461270,0.773871
northern-extratropics,total-region,2020-05,149.674799,241.114480,56.312356,90.225734,263.008891,93.867022,0.898826,0.461270,0.773871
northern-extratropics,total-region,2020-06,154.728814,249.430840,73.317154,86.369980,271.271189,119.834500,0.898826,0.461270,0.773871
northern-extratropics,total-region,2020-07,142.062209,254.848407,62.191785,76.999046,276.730604,105.372343,0.898826,0.461270,0.773871
northern-extratropics,total-region,2020-08,116.731065,254.167356,26.741175,65.132029,275.359903,57.148152,0.898826,0.461270,0.773871
northern-extratropics,total-region,2020-09,92.084035,247.646590,-26.484926,52.965391,268.767041,-8.486908,0.898826,0.461270,0.773871
northern-extratropics,total-region,2020-10,69.608581,239.011025,-80.066197,41.360415,259.872262,-72.679454,0.898826,0.461270,0.773871
northern-extratropics,total-region,2020-11,53.019029,228.493077,-116.153000,32.760142,249.528329,-116.928913,0.898826,0.461270,0.773871
northern-extratropics,total-region,2020-12,46.902560,220.324744,-128.605697,29.169112,241.680212,-132.227953,0.898826,0.461270,0.773871
northern-extratropics,total-region,2021-01,53.564223,218.327007,-117.683286,33.391360,239.772544,-118.956020,0.898826,0.461270,0.773871
northern-extratropics,total-region,2021-02,71.029260,219.905750,-83.756796,45.698461,240.464119,-78.984550,0.898826,0.461270,0.773871
northern-extratropics,total-region,2021-03,98.935371,223.517901,-35.171633,63.045523,245.192510,-20.956932,0.898826,0.461270,0.773871
northern-extratropics,total-region,2021-04,129.312057,230.679658,16.515066,80.712346,252.782623,43.011445,0.898826,0.461270,0.773871
northern-extratropics,total-region,2021-05,150.627864,240.314599,55.820193,90.708794,262.466438,93.587754,0.898826,0.461270,0.773871
northern-extratropics,total-region,2021-06,154.284121,249.374043,73.880287,86.419138,271.418320,119.700459,0.898826,0.461270,0.773871
northern-extratropics,total-region,2021-07,141.993961,254.817583,62.747323,78.985743,276.465140,104.109303,0.898826,0.461270,0.773871
northern-extratropics,total-region,2021-08,119.548823,254.116630,24.669652,67.785810,275.063738,55.484863,0.898826,0.461270,0.773871
northern-extratropics,total-region,2021-09,92.701118,246.691515,-25.382568,52.978246,268.430901,-7.400095,0.898826,0.461270,0.773871
northern-extratropics,total-region,2021-10,69.562232,238.061063,-78.413423,41.243979,259.057613,-71.091789,0.898826,0.461270,0.773871
northern-extratropics,total-region,2021-11,53.487019,225.970671,-113.690409,32.571725,248.465778,-115.270118,0.898826,0.461270,0.773871
northern-extratropics,total-region,2021-12,46.961351,219.669489,-127.936079,29.152707,241.289013,-131.746824,0.898826,0.461270,0.773871
northern-extratropics,total-region,2022-01,53.891485,216.466184,-116.401931,33.695530,238.255418,-117.994716,0.898826,0.461270,0.773871
northern-extratropics,total-region,2022-02,71.562292,218.922853,-83.768537,45.769612,239.780623,-78.833673,0.898826,0.461270,0.773871
northern-extratropics,total-region,2022-03,97.813889,224.721393,-35.827975,63.101798,246.135274,-22.529475,0.898826,0.461270,0.773871
northern-extratropics,total-region,2022-04,126.807931,233.019868,16.259252,81.842650,254.015022,40.229272,0.898826,0.461270,0.773871
northern-extratropics,total-region,2022-05,151.191088,240.704004,54.769540,90.714973,262.643086,93.306816,0.898826,0.461270,0.773871
northern-extratropics,total-region,2022-06,152.581981,250.521458,74.703297,86.775815,271.862383,119.168731,0.898826,0.461270,0.773871
northern-extratropics,total-region,2022-07,141.247350,255.528231,63.320634,77.627997,277.021559,105.447498,0.898826,0.461270,0.773871
northern-extratropics,total-region,2022-08,117.769181,253.937870,27.385810,65.283966,275.398909,58.410074,0.898826,0.461270,0.773871
northern-extratropics,total-region,2022-09,92.344030,247.663757,-25.124196,52.741108,269.064063,-6.921026,0.898826,0.461270,0.773871
northern-extratropics,total-region,2022-10,69.262462,238.499148,-77.811823,41.202733,259.569731,-70.822292,0.898826,0.461270,0.773871
northern-extratropics,total-region,2022-11,53.947280,226.354035,-114.081273,32.897685,248.461299,-115.138837,0.898826,0.461270,0.773871
northern-extratropics,total-region,2022-12,47.904396,218.998105,-128.124677,29.249896,241.076119,-131.548280,0.898826,0.461270,0.773871
northern-extratropics,total-region,2023-01,52.239873,218.834014,-117.354525,33.237153,239.482632,-119.000487,0.898826,0.461270,0.773871
northern-extratropics,total-region,2023-02,70.838323,219.779577,-84.410348,45.754800,240.505218,-80.052265,0.898826,0.461270,0.773871
northern-extratropics,total-region,2023-03,98.038816,224.176920,-36.071094,62.366200,245.849156,-22.070966,0.898826,0.461270,0.773871
northern-extratropics,total-region,2023-04,127.574493,231.408810,16.586061,81.221307,252.595167,41.753369,0.898826,0.461270,0.773871
northern-extratropics,total-region,2023-05,149.541895,240.087827,56.615816,91.124253,262.068687,93.052470,0.898826,0.461270,0.773871
northern-extratropics,total-region,2023-06,152.331602,249.948849,75.556830,87.274775,271.448561,119.112449,0.898826,0.461270,0.773871
northern-extratropics,total-region,2023-07,138.667536,256.004352,65.737296,78.679350,277.150205,104.579605,0.898826,0.461270,0.773871
northern-extratropics,total-region,2023-08,117.655826,254.914909,27.248947,66.382043,276.165483,57.272472,0.898826,0.461270,0.773871
northern-extratropics,total-region,2023-09,90.510661,248.941843,-23.779929,53.261844,269.852694,-7.441424,0.898826,0.461270,0.773871
northern-extratropics,total-region,2023-10,70.288047,238.259724,-77.875643,40.806858,260.093459,-70.228123,0.898826,0.461270,0.773871
northern-extratropics,total-region,2023-11,53.581389,227.113397,-114.041056,32.645086,249.670890,-115.662332,0.898826,0.461270,0.773871
northern-extratropics,total-region,2023-12,47.442830,219.640667,-128.186282,28.895347,242.990620,-132.988338,0.898826,0.461270,0.773871
northern-extratropics,total-region,2024-01,53.751135,217.298592,-117.570404,33.275527,239.885187,-119.680702,0.898826,0.461270,0.773871
northern-extratropics,total-region,2024-02,71.899978,219.444079,-84.488364,45.232438,241.294266,-79.670896,0.898826,0.461270,0.773871
northern-extratropics,total-region,2024-03,99.077895,224.286846,-35.029293,62.613759,246.196672,-20.473670,0.898826,0.461270,0.773871
northern-extratropics,total-region,2024-04,128.277202,232.248606,17.114711,79.779001,254.142893,43.719156,0.898826,0.461270,0.773871
northern-extratropics,total-region,2024-05,150.718649,241.345953,55.529852,91.399699,262.694191,93.499670,0.898826,0.461270,0.773871
northern-extratropics,total-region,2024-06,153.759593,250.090149,74.130944,86.067489,272.119920,119.792241,0.898826,0.461270,0.773871
northern-extratropics,total-region,2024-07,139.593915,255.644029,64.339791,77.658014,277.122148,104.797407,0.898826,0.461270,0.773871
northern-extratropics,total-region,2024-08,115.881574,254.657572,27.277557,65.560897,275.775781,56.479545,0.898826,0.461270,0.773871
northern-extratropics,total-region,2024-09,91.232110,248.233663,-25.886526,51.852978,269.680992,-7.954614,0.898826,0.461270,0.773871
northern-extratropics,total-region,2024-10,69.000245,238.323227,-78.667224,41.004973,259.840758,-72.189830,0.898826,0.461270,0.773871
northern-extratropics,total-region,2024-11,52.906769,228.388501,-115.828013,32.201883,249.898487,-116.632959,0.898826,0.461270,0.773871
northern-extratropics,total-region,2024-12,46.423290,220.828818,-128.511435,29.028261,242.774312,-133.062268,0.898826,0.461270,0.773871
northern-extratropics,total-region,2025-01,52.877936,218.182258,-116.683478,33.020757,239.910975,-118.554492,0.898826,0.461270,0.773871
northern-extratropics,total-region,2025-02,70.704234,221.063142,-84.338366,45.537903,241.257325,-79.366170,0.898826,0.461270,0.773871
northern-extratropics,total-region,2025-03,97.254264,226.641096,-36.204910,62.204740,247.186017,-21.700715,0.898826,0.461270,0.773871
northern-extratropics,total-region,2025-04,127.795034,233.733689,15.451263,80.443005,254.821693,41.715137,0.898826,0.461270,0.773871
northern-extratropics,total-region,2025-05,151.212406,240.989691,54.967924,90.492385,263.199369,93.479065,0.898826,0.461270,0.773871
northern-extratropics,total-region,2025-06,153.260918,251.433626,73.243470,88.423939,271.991927,117.522597,0.898826,0.461270,0.773871
northern-extratropics,total-region,2025-07,139.996644,255.366711,64.530980,77.463302,276.804018,105.625444,0.898826,0.461270,0.773871
northern-extratropics,total-region,2025-08,116.735983,254.460318,27.326765,65.598567,275.445529,57.479415,0.898826,0.461270,0.773871
northern-extratropics,total-region,2025-09,91.029041,247.707148,-24.627678,52.267263,269.011889,-7.171293,0.898826,0.461270,0.773871
northern-extratropics,total-region,2025-10,69.731239,238.274743,-78.748095,40.673463,259.625600,-71.041287,0.898826,0.461270,0.773871
northern-extratropics,total-region,2025-11,51.987168,228.644728,-114.800340,32.251884,250.051890,-116.472714,0.898826,0.461270,0.773871
northern-extratropics,total-region,2025-12,47.938246,218.246614,-127.458129,28.875277,241.507733,-131.656321,0.898826,0.461270,0.773871
northern-extratropics,total-region,2026-01,53.572883,217.689010,-117.234234,33.627175,239.339140,-118.938288,0.898826,0.461270,0.773871
northern-extratropics,total-region,2026-02,70.349839,220.674830,-84.229358,45.240387,241.372712,-79.818320,0.898826,0.461270,0.773871
northern-extratropics,total-region,2026-03,98.994971,224.012329,-36.188295,61.492099,245.536603,-20.209868,0.898826,0.461270,0.773871
northern-extratropics,total-region,2026-04,129.076681,230.980202,16.092323,80.669181,252.820348,42.660049,0.898826,0.461270,0.773871
northern-extratropics,total-region,2026-05,149.850459,241.248821,55.617620,90.432802,262.812283,93.471845,0.898826,0.461270,0.773871
northern-midlatitudes,cloud-free-area,2000-03,110.306176,218.296850,-27.933725,63.887601,246.772515,-9.990422,1.193782,0.639914,1.037046
northern-midlatitudes,cloud-free-area,2000-04,131.668974,225.544547,31.107305,70.032057,255.739016,62.551432,1.193782,0.639914,1.037046
northern-midlatitudes,cloud-free-area,2000-05,146.905631,236.066117,69.181604,71.125217,266.575381,114.453220,1.193782,0.639914,1.037046
northern-midlatitudes,cloud-free-area,2000-06,150.200060,248.777244,80.054929,70.108895,277.039703,131.883630,1.193782,0.639914,1.037046
northern-midlatitudes,cloud-free-area,2000-07,139.900573,255.464029,67.574617,67.430283,282.419167,113.090330,1.193782,0.639914,1.037046
northern-midlatitudes,cloud-free-area,2000-08,117.997319,256.293493,33.584309,60.522829,281.451191,65.901197,1.193782,0.639914,1.037046
northern-midlatitudes,cloud-free-area,2000-09,100.014573,248.008339,-20.770845,52.263347,274.712590,0.276291,1.193782,0.639914,1.037046
northern-midlatitudes,cloud-free-area,2000-10,81.494241,232.045936,-74.754203,43.343219,261.492778,-66.048274,1.193782,0.639914,1.037046
northern-midlatitudes,cloud-free-area,2000-11,64.293485,219.391281,-117.251180,35.771136,247.951397,-117.289705,1.193782,0.639914,1.037046
northern-midlatitudes,cloud-free-area,2000-12,56.054791,210.924359,-133.074891,32.471801,239.898035,-138.466596,1.193782,0.639914,1.037046
northern-midlatitudes,cloud-free-area,2001-01,64.279845,208.466647,-120.397221,38.338868,237.610998,-123.600109,1.193782,0.639914,1.037046
northern-midlatitudes,cloud-free-area,2001-02,85.939665,210.259604,-82.344220,51.664999,238.460707,-76.269085,1.193782,0.639914,1.037046
northern-midlatitudes,cloud-free-area,2001-03,113.784187,214.428833,-28.264863,64.505124,246.164110,-10.720604,1.193782,0.639914,1.037046
northern-midlatitudes,cloud-free-area,2001-04,133.225339,224.641004,29.778027,71.393798,255.397917,60.853558,1.193782,0.639914,1.037046
northern-midlatitudes,cloud-free-area,2001-05,145.571925,237.068241,69.257342,70.123893,267.134950,114.637871,1.193782,0.639914,1.037046
northern-midlatitudes,cloud-free-area,2001-06,149.368006,247.832704,81.841275,70.914910,274.263010,133.864904,1.193782,0.639914,1.037046
northern-midlatitudes,cloud-free-area,2001-07,138.677654,255.551294,69.132619,67.168935,282.603164,113.589880,1.193782,0.639914,1.037046
northern-midlatitudes,cloud-free-area,2001-08,117.106241,257.236272,33.975738,60.823481,282.674829,64.822808,1.193782,0.639914,1.037046
northern-midlatitudes,cloud-free-area,2001-09,99.021949,247.575042,-18.694166,51.438197,273.845259,2.622391,1.193782,0.639914,1.037046
northern-midlatitudes,cloud-free-area,2001-10,80.177614,234.378416,-75.147185,42.819375,262.811504,-66.220645,1.193782,0.639914,1.037046
northern-midlatitudes,cloud-free-area,2001-11,62.210492,223.025948,-118.408657,33.925381,251.359288,-118.456213,1.193782,0.639914,1.037046
northern-midlatitudes,cloud-free-area,2001-12,54.965351,213.534060,-134.549048,31.934860,241.173082,-139.157983,1.193782,0.639914,1.037046
northern-midlatitudes,cloud-free-area,2002-01,62.537606,211.002643,-121.495407,37.402535,239.420653,-124.778065,1.193782,0.639914,1.037046
northern-midlatitudes,cloud-free-area,2002-02,82.342621,214.240616,-83.316012,48.974665,242.753471,-78.460049,1.193782,0.639914,1.037046
northern-midlatitudes,cloud-free-area,2002-03,111.106531,216.763160,-28.484684,61.509671,246.039573,-8.163574,1.193782,0.639914,1.037046
northern-midlatitudes,cloud-free-area,2002-04,135.882169,225.886631,25.335960,70.398863,254.970201,61.735348,1.193782,0.639914,1.037046
northern-midlatitudes,cloud-free-area,2002-05,144.254250,236.269578,70.989383,71.796904,265.104444,114.612335,1.193782,0.639914,1.037046
northern-midlatitudes,cloud-free-area,2002-06,151.275663,246.534576,81.259582,70.227702,275.745319,133.094561,1.193782,0.639914,1.037046
northern-midlatitudes,cloud-free-area,2002-07,140.541022,255.300947,67.588003,68.074330,282.309852,113.046837,1.193782,0.639914,1.037046
northern-midlatitudes,cloud-free-area,2002-08,120.978462,255.118894,32.688668,60.834184,280.874643,67.078249,1.193782,0.639914,1.037046
northern-midlatitudes,cloud-free-area,2002-09,99.446040,248.074545,-18.883180,52.347478,274.312202,1.979778,1.193782,0.639914,1.037046
northern-midlatitudes,cloud-free-area,2002-10,81.952339,232.341353,-74.271837,43.094321,260.843196,-63.914981,1.193782,0.639914,1.037046
northern-midlatitudes,cloud-free-area,2002-11,63.414103,220.441141,-116.598019,34.921400,249.432509,-117.096954,1.193782,0.639914,1.037046
northern-midlatitudes,cloud-free-area,2002-12,56.354413,209.952227,-132.283887,32.578900,239.828699,-138.385387,1.193782,0.639914,1.037046
northern-midlatitudes,cloud-free-area,2003-01,62.647167,210.368676,-121.365547,37.271794,238.929044,-124.550052,1.193782,0.639914,1.037046
northern-midlatitudes,cloud-free-area,2003-02,86.788662,209.534759,-83.772504,52.192634,238.068322,-77.709277,1.193782,0.639914,1.037046
northern-midlatitudes,cloud-free-area,2003-03,111.546397,216.000522,-29.089300,65.958091,245.158254,-12.657347,1.193782,0.639914,1.037046
northern-midlatitudes,cloud-free-area,2003-04,134.317732,224.663026,27.380517,70.107773,254.483076,61.769769,1.193782,0.639914,1.037046
northern-midlatitudes,cloud-free-area,2003-05,145.534313,235.938172,69.524161,72.885340,265.720111,112.390974,1.193782,0.639914,1.037046
northern-midlatitudes,cloud-free-area,2003-06,149.815029,247.206355,81.730280,71.114056,275.777270,131.860397,1.193782,0.639914,1.037046
northern-midlatitudes,cloud-free-area,2003-07,141.343532,254.831415,67.494714,67.700080,281.706734,114.263900,1.193782,0.639914,1.037046
northern-midlatitudes,cloud-free-area,2003-08,119.000414,255.036896,35.277910,60.844861,281.330505,67.141880,1.193782,0.639914,1.037046
northern-midlatitudes,cloud-free-area,2003-09,98.500844,248.954757,-18.129247,51.266975,275.151831,2.909927,1.193782,0.639914,1.037046
northern-midlatitudes,cloud-free-area,2003-10,79.746672,234.663869,-73.873717,42.056527,263.463510,-64.982360,1.193782,0.639914,1.037046
northern-midlatitudes,cloud-free-area,2003-11,65.011093,221.359796,-118.699908,35.233416,249.524866,-117.086981,1.193782,0.639914,1.037046
northern-midlatitudes,cloud-free-area,2003-12,54.477138,215.280057,-135.711435,31.299258,243.347731,-140.600927,1.193782,0.639914,1.037046
northern-midlatitudes,cloud-free-area,2004-01,63.210781,208.006465,-119.974167,37.359359,237.001556,-123.117618,1.193782,0.639914,1.037046
northern-midlatitudes,cloud-free-area,2004-02,84.556964,210.872391,-82.221011,50.878289,240.051131,-77.721927,1.193782,0.639914,1.037046
northern-midlatitudes,cloud-free-area,2004-03,109.965802,218.047457,-27.272421,63.233464,246.970636,-9.461804,1.193782,0.639914,1.037046
northern-midlatitudes,cloud-free-area,2004-04,128.616406,226.958680,32.729939,68.386778,255.603610,64.314801,1.193782,0.639914,1.037046
northern-midlatitudes,cloud-free-area,2004-05,148.302255,236.514257,67.277205,71.675773,265.230189,115.188013,1.193782,0.639914,1.037046
northern-midlatitudes,cloud-free-area,2004-06,149.379828,247.088863,82.400094,69.775307,274.765706,134.325854,1.193782,0.639914,1.037046
northern-midlatitudes,cloud-free-area,2004-07,138.918694,254.459284,69.236379,67.538812,280.694906,114.383467,1.193782,0.639914,1.037046
northern-midlatitudes,cloud-free-area,2004-08,120.113251,253.467574,33.874784,59.989505,280.274296,67.193614,1.193782,0.639914,1.037046
northern-midlatitudes,cloud-free-area,2004-09,96.847222,248.928268,-18.707503,50.768165,274.638535,1.662085,1.193782,0.639914,1.037046
northern-midlatitudes,cloud-free-area,2004-10,80.820567,234.585193,-76.872356,40.233521,259.862841,-61.565013,1.193782,0.639914,1.037046
northern-midlatitudes,cloud-free-area,2004-11,62.663228,221.830886,-118.224496,33.862104,250.691067,-118.284668,1.193782,0.639914,1.037046
northern-midlatitudes,cloud-free-area,2004-12,54.736238,212.733911,-133.650670,31.695203,241.328912,-139.206316,1.193782,0.639914,1.037046
northern-midlatitudes,cloud-free-area,2005-01,63.654099,210.685431,-122.075337,37.827963,238.447965,-124.010998,1.193782,0.639914,1.037046
northern-midlatitudes,cloud-free-area,2005-02,86.383031,211.566206,-84.162182,52.094364,238.417768,-76.724065,1.193782,0.639914,1.037046
northern-midlatitudes,cloud-free-area,2005-03,111.550061,215.979750,-27.570538,63.394849,245.526290,-8.960706,1.193782,0.639914,1.037046
northern-midlatitudes,cloud-free-area,2005-04,130.111920,226.282162,31.203329,69.699524,255.825736,62.073080,1.193782,0.639914,1.037046
northern-midlatitudes,cloud-free-area,2005-05,144.947900,233.962797,72.736055,69.424107,264.708935,117.514150,1.193782,0.639914,1.037046
northern-midlatitudes,cloud-free-area,2005-06,151.562910,245.884938,81.306796,69.808812,275.374460,133.570132,1.193782,0.639914,1.037046
northern-midlatitudes,cloud-free-area,2005-07,139.092865,256.629882,67.228001,67.461923,282.541484,112.948337,1.193782,0.639914,1.037046
northern-midlatitudes,cloud-free-area,2005-08,119.832249,255.598622,32.607900,60.235583,281.646359,66.158895,1.193782,0.639914,1.037046
northern-midlatitudes,cloud-free-area,2005-09,94.377917,250.386982,-17.070496,51.188726,275.546526,0.959276,1.193782,0.639914,1.037046
northern-midlatitudes,cloud-free-area,2005-10,77.718289,237.094927,-75.632171,42.067915,263.857066,-66.743256,1.193782,0.639914,1.037046
northern-midlatitudes,cloud-free-area,2005-11,62.360117,222.621064,-118.287048,34.475822,250.766620,-118.548160,1.193782,0.639914,1.037046
northern-midlatitudes,cloud-free-area,2005-12,54.397705,212.239453,-132.785990,31.701305,241.311615,-139.162558,1.193782,0.639914,1.037046
northern-midlatitudes,cloud-free-area,2006-01,63.511170,208.286850,-119.860826,38.424544,237.311348,-123.798377,1.193782,0.639914,1.037046
northern-midlatitudes,cloud-free-area,2006-02,85.376068,209.486983,-81.725616,50.784391,238.301892,-75.949329,1.193782,0.639914,1.037046
northern-midlatitudes,cloud-free-area,2006-03,111.481647,216.464095,-28.737586,63.885568,245.641793,-10.316620,1.193782,0.639914,1.037046
northern-midlatitudes,cloud-free-area,2006-04,132.283283,224.748352,29.942636,69.177180,255.290135,62.509211,1.193782,0.639914,1.037046
northern-midlatitudes,cloud-free-area,2006-05,144.674068,235.997872,70.700229,70.205968,265.462899,115.703134,1.193782,0.639914,1.037046
northern-midlatitudes,cloud-free-area,2006-06,148.104707,248.349603,82.320503,69.781909,276.020638,132.971165,1.193782,0.639914,1.037046
northern-midlatitudes,cloud-free-area,2006-07,138.356096,255.590612,69.290603,66.999502,282.166589,114.072009,1.193782,0.639914,1.037046
northern-midlatitudes,cloud-free-area,2006-08,119.142985,256.502195,32.860883,60.700275,282.011703,65.795869,1.193782,0.639914,1.037046
northern-midlatitudes,cloud-free-area,2006-09,96.225856,249.176108,-17.016615,51.606912,274.787275,1.993898,1.193782,0.639914,1.037046
northern-midlatitudes,cloud-free-area,2006-10,80.408040,234.210152,-74.799937,42.367971,262.771658,-65.321382,1.193782,0.639914,1.037046
northern-midlatitudes,cloud-free-area,2006-11,63.327750,220.987812,-117.208669,34.795576,249.729235,-117.418035,1.193782,0.639914,1.037046
northern-midlatitudes,cloud-free-area,2006-12,54.510646,214.035433,-134.644250,31.856504,242.926196,-140.879984,1.193782,0.639914,1.037046
northern-midlatitudes,cloud-free-area,2007-01,60.619555,212.977454,-122.020073,37.260729,240.654750,-126.338309,1.193782,0.639914,1.037046
northern-midlatitudes,cloud-free-area,2007-02,84.823802,211.411122,-83.756631,50.114608,240.198120,-77.832978,1.193782,0.639914,1.037046
northern-midlatitudes,cloud-free-area,2007-03,110.872600,218.017353,-30.409842,63.649293,246.325414,-11.494106,1.193782,0.639914,1.037046
northern-midlatitudes,cloud-free-area,2007-04,130.321238,225.592135,30.412757,68.933626,254.952579,62.439677,1.193782,0.639914,1.037046
northern-midlatitudes,cloud-free-area,2007-05,147.059744,236.470612,67.360354,71.160528,266.289106,113.440684,1.193782,0.639914,1.037046
northern-midlatitudes,cloud-free-area,2007-06,150.411410,246.687813,81.571557,70.641017,275.265989,132.762085,1.193782,0.639914,1.037046
northern-midlatitudes,cloud-free-area,2007-07,142.298352,254.069466,67.097884,67.155006,281.384623,114.926126,1.193782,0.639914,1.037046
northern-midlatitudes,cloud-free-area,2007-08,119.492526,257.000022,32.569454,60.594720,281.843581,66.624643,1.193782,0.639914,1.037046
northern-midlatitudes,cloud-free-area,2007-09,97.985044,250.917694,-19.872883,51.560206,275.558836,1.912575,1.193782,0.639914,1.037046
northern-midlatitudes,cloud-free-area,2007-10,78.283266,236.952960,-74.769461,42.182562,263.056175,-64.771247,1.193782,0.639914,1.037046
northern-midlatitudes,cloud-free-area,2007-11,61.536352,222.821145,-116.790379,34.607767,250.189949,-117.230844,1.193782,0.639914,1.037046
northern-midlatitudes,cloud-free-area,2007-12,54.889786,212.962703,-133.869134,32.249336,240.731183,-138.995919,1.193782,0.639914,1.037046
northern-midlatitudes,cloud-free-area,2008-01,63.119900,209.616001,-121.486318,39.021436,236.771078,-124.542203,1.193782,0.639914,1.037046
northern-midlatitudes,cloud-free-area,2008-02,82.979628,214.351828,-84.098907,51.834844,239.891897,-78.493522,1.193782,0.639914,1.037046
northern-midlatitudes,cloud-free-area,2008-03,108.502412,219.249122,-27.007142,62.269981,247.657875,-9.183413,1.193782,0.639914,1.037046
northern-midlatitudes,cloud-free-area,2008-04,132.171111,226.677552,29.418143,71.065573,256.247073,60.955898,1.193782,0.639914,1.037046
northern-midlatitudes,cloud-free-area,2008-05,146.358681,234.832781,70.854938,71.010362,264.748512,116.289037,1.193782,0.639914,1.037046
northern-midlatitudes,cloud-free-area,2008-06,147.960471,248.204844,82.589974,70.034526,276.025879,132.692509,1.193782,0.639914,1.037046
northern-midlatitudes,cloud-free-area,2008-07,136.861117,256.604005,69.079616,67.898593,282.294191,112.353677,1.193782,0.639914,1.037046
northern-midlatitudes,cloud-free-area,2008-08,118.554836,256.243963,32.505400,60.782859,281.883353,64.640116,1.193782,0.639914,1.037046
northern-midlatitudes,cloud-free-area,2008-09,101.436823,246.041928,-20.644089,52.232110,273.187850,1.416235,1.193782,0.639914,1.037046
northern-midlatitudes,cloud-free-area,2008-10,78.084832,234.448785,-74.183060,42.332761,262.464351,-66.446352,1.193782,0.639914,1.037046
northern-midlatitudes,cloud-free-area,2008-11,61.591090,222.503592,-117.917934,34.313304,250.651343,-118.789928,1.193782,0.639914,1.037046
northern-midlatitudes,cloud-free-area,2008-12,54.829396,212.938900,-134.001802,31.634884,241.102847,-138.970186,1.193782,0.639914,1.037046
northern-midlatitudes,cloud-free-area,2009-01,62.453392,211.280850,-121.425646,38.144989,238.373228,-124.210141,1.193782,0.639914,1.037046
northern-midlatitudes,cloud-free-area,2009-02,85.237409,211.560869,-82.960925,51.146616,239.747396,-77.055098,1.193782,0.639914,1.037046
northern-midlatitudes,cloud-free-area,2009-03,112.418757,216.676606,-29.081142,65.148162,245.327866,-10.462306,1.193782,0.639914,1.037046
northern-midlatitudes,cloud-free-area,2009-04,129.817888,226.559671,31.256950,69.517942,255.498994,62.617784,1.193782,0.639914,1.037046
northern-midlatitudes,cloud-free-area,2009-05,144.405834,235.689054,71.600567,71.865030,265.074093,114.756345,1.193782,0.639914,1.037046
northern-midlatitudes,cloud-free-area,2009-06,150.984592,244.474184,83.293898,70.668766,274.255791,133.825572,1.193782,0.639914,1.037046
northern-midlatitudes,cloud-free-area,2009-07,140.549590,253.078216,69.242027,68.114077,280.239614,114.517543,1.193782,0.639914,1.037046
northern-midlatitudes,cloud-free-area,2009-08,119.985009,255.015225,32.882124,61.290116,280.556377,66.036906,1.193782,0.639914,1.037046
northern-midlatitudes,cloud-free-area,2009-09,99.369511,246.597460,-18.417502,51.761981,273.298524,2.491642,1.193782,0.639914,1.037046
northern-midlatitudes,cloud-free-area,2009-10,80.648390,234.027723,-75.653486,42.821421,261.470587,-65.268768,1.193782,0.639914,1.037046
northern-midlatitudes,cloud-free-area,2009-11,62.946750,221.627714,-117.960846,35.175254,250.138737,-118.700051,1.193782,0.639914,1.037046
northern-midlatitudes,cloud-free-area,2009-12,55.661697,210.442055,-132.279237,32.220501,239.735569,-138.131793,1.193782,0.639914,1.037046
northern-midlatitudes,cloud-free-area,2010-01,63.226167,208.795512,-120.054769,38.342480,237.151935,-123.526779,1.193782,0.639914,1.037046
northern-midlatitudes,cloud-free-area,2010-02,87.408147,207.858681,-82.030805,52.373817,237.376800,-76.514203,1.193782,0.639914,1.037046
northern-midlatitudes,cloud-free-area,2010-03,111.645995,214.360997,-26.667567,65.005468,245.046668,-10.712382,1.193782,0.639914,1.037046
northern-midlatitudes,cloud-free-area,2010-04,130.398109,224.983883,31.733975,69.176373,254.258705,63.682190,1.193782,0.639914,1.037046
northern-midlatitudes,cloud-free-area,2010-05,148.437681,234.505157,68.468634,69.743238,264.703494,116.963954,1.193782,0.639914,1.037046
northern-midlatitudes,cloud-free-area,2010-06,149.645578,247.468244,81.669478,69.127396,275.386856,134.266027,1.193782,0.639914,1.037046
northern-midlatitudes,cloud-free-area,2010-07,139.074776,257.277079,66.896464,66.902955,282.629033,113.717654,1.193782,0.639914,1.037046
northern-midlatitudes,cloud-free-area,2010-08,118.500460,257.720495,32.280357,60.450016,282.623624,65.428333,1.193782,0.639914,1.037046
northern-midlatitudes,cloud-free-area,2010-09,97.652650,249.152432,-18.502416,50.908618,275.049421,2.345079,1.193782,0.639914,1.037046
northern-midlatitudes,cloud-free-area,2010-10,78.358857,235.208382,-73.846204,41.826441,262.889033,-64.994430,1.193782,0.639914,1.037046
northern-midlatitudes,cloud-free-area,2010-11,61.370634,224.502167,-118.790817,34.107846,251.962469,-118.990842,1.193782,0.639914,1.037046
northern-midlatitudes,cloud-free-area,2010-12,54.778415,213.131411,-133.999689,31.985528,241.607794,-139.683134,1.193782,0.639914,1.037046
northern-midlatitudes,cloud-free-area,2011-01,62.142726,210.361971,-120.864673,38.147686,236.769824,-123.276915,1.193782,0.639914,1.037046
northern-midlatitudes,cloud-free-area,2011-02,86.230600,211.351425,-84.985782,52.169320,239.503343,-79.074482,1.193782,0.639914,1.037046
northern-midlatitudes,cloud-free-area,2011-03,108.934659,218.163087,-28.475642,65.654024,244.753774,-11.783473,1.193782,0.639914,1.037046
northern-midlatitudes,cloud-free-area,2011-04,130.474533,226.628707,29.468138,70.062664,255.197478,61.312832,1.193782,0.639914,1.037046
northern-midlatitudes,cloud-free-area,2011-05,146.130738,235.014381,69.988984,70.647242,264.588566,115.898150,1.193782,0.639914,1.037046
northern-midlatitudes,cloud-free-area,2011-06,152.784153,245.495389,80.555471,70.056290,274.899774,133.877651,1.193782,0.639914,1.037046
northern-midlatitudes,cloud-free-area,2011-07,139.296647,256.092990,68.150417,67.981912,281.416624,114.141564,1.193782,0.639914,1.037046
northern-midlatitudes,cloud-free-area,2011-08,118.053382,256.423398,34.566118,60.728889,281.325793,66.989539,1.193782,0.639914,1.037046
northern-midlatitudes,cloud-free-area,2011-09,96.537953,249.610697,-17.145661,51.666046,274.353799,2.984962,1.193782,0.639914,1.037046
northern-midlatitudes,cloud-free-area,2011-10,78.604540,236.132077,-74.285090,42.701923,263.174207,-65.425363,1.193782,0.639914,1.037046
northern-midlatitudes,cloud-free-area,2011-11,63.623644,221.188299,-117.225696,35.601420,249.283356,-117.298107,1.193782,0.639914,1.037046
northern-midlatitudes,cloud-free-area,2011-12,53.411390,214.054880,-133.423183,31.606491,242.033118,-139.596481,1.193782,0.639914,1.037046
northern-midlatitudes,cloud-free-area,2012-01,61.169031,211.094989,-120.912422,37.498459,237.546960,-123.692573,1.193782,0.639914,1.037046
northern-midlatitudes,cloud-free-area,2012-02,85.528021,209.869404,-81.984991,51.687820,237.359031,-75.632371,1.193782,0.639914,1.037046
northern-midlatitudes,cloud-free-area,2012-03,109.914929,219.711932,-28.659293,65.618349,246.403969,-11.054024,1.193782,0.639914,1.037046
northern-midlatitudes,cloud-free-area,2012-04,130.665788,227.829924,30.029622,69.076073,256.115788,63.332912,1.193782,0.639914,1.037046
northern-midlatitudes,cloud-free-area,2012-05,144.249631,237.213228,70.796234,71.132307,266.373031,114.753954,1.193782,0.639914,1.037046
northern-midlatitudes,cloud-free-area,2012-06,149.917200,247.832557,81.213485,70.308599,276.125823,132.528123,1.193782,0.639914,1.037046
northern-midlatitudes,cloud-free-area,2012-07,137.376142,256.579412,68.649257,67.843231,282.277092,112.486450,1.193782,0.639914,1.037046
northern-midlatitudes,cloud-free-area,2012-08,115.623282,256.670299,35.141986,60.422407,282.009389,65.005628,1.193782,0.639914,1.037046
northern-midlatitudes,cloud-free-area,2012-09,95.634217,249.296970,-17.997543,51.008872,274.863393,1.063191,1.193782,0.639914,1.037046
northern-midlatitudes,cloud-free-area,2012-10,79.961811,234.027589,-75.619759,42.000457,262.086825,-65.716925,1.193782,0.639914,1.037046
northern-midlatitudes,cloud-free-area,2012-11,63.422011,220.058827,-117.279371,34.810752,249.295447,-117.905667,1.193782,0.639914,1.037046
northern-midlatitudes,cloud-free-area,2012-12,55.874070,209.269019,-131.323816,32.513022,239.198011,-137.891667,1.193782,0.639914,1.037046
northern-midlatitudes,cloud-free-area,2013-01,62.695885,210.189098,-120.481637,38.058677,237.941025,-123.597054,1.193782,0.639914,1.037046
northern-midlatitudes,cloud-free-area,2013-02,86.108013,210.775074,-82.886270,51.562262,239.182031,-76.747459,1.193782,0.639914,1.037046
northern-midlatitudes,cloud-free-area,2013-03,112.505790,215.920244,-28.196009,65.003933,245.570034,-10.344639,1.193782,0.639914,1.037046
northern-midlatitudes,cloud-free-area,2013-04,133.181338,226.582365,28.075490,71.533502,255.027421,61.278365,1.193782,0.639914,1.037046
northern-midlatitudes,cloud-free-area,2013-05,147.213186,236.494606,68.241555,70.290082,265.820780,115.839064,1.193782,0.639914,1.037046
northern-midlatitudes,cloud-free-area,2013-06,149.327191,247.861283,81.798797,69.429200,275.399240,134.156538,1.193782,0.639914,1.037046
northern-midlatitudes,cloud-free-area,2013-07,138.352754,255.387915,69.343879,67.151313,281.144763,114.790648,1.193782,0.639914,1.037046
northern-midlatitudes,cloud-free-area,2013-08,117.734743,255.831634,34.458039,60.235549,281.199781,66.590428,1.193782,0.639914,1.037046
northern-midlatitudes,cloud-free-area,2013-09,97.781047,248.549581,-18.683873,50.716669,274.783473,2.148378,1.193782,0.639914,1.037046
northern-midlatitudes,cloud-free-area,2013-10,78.472310,237.219379,-76.662652,41.853053,263.407602,-66.231385,1.193782,0.639914,1.037046
northern-midlatitudes,cloud-free-area,2013-11,62.703910,221.696643,-117.782417,34.021653,250.594753,-117.999510,1.193782,0.639914,1.037046
northern-midlatitudes,cloud-free-area,2013-12,53.690607,213.169240,-132.966321,31.643539,241.740980,-139.490878,1.193782,0.639914,1.037046
northern-midlatitudes,cloud-free-area,2014-01,61.623366,210.164121,-119.728529,36.963750,239.024815,-123.929229,1.193782,0.639914,1.037046
northern-midlatitudes,cloud-free-area,2014-02,85.116780,211.068027,-82.850711,51.622292,238.836727,-77.123850,1.193782,0.639914,1.037046
northern-midlatitudes,cloud-free-area,2014-03,108.138285,218.720667,-27.236533,63.008698,247.100822,-10.486575,1.193782,0.639914,1.037046
northern-midlatitudes,cloud-free-area,2014-04,129.599630,226.258869,31.513493,68.674151,255.526122,63.171640,1.193782,0.639914,1.037046
northern-midlatitudes,cloud-free-area,2014-05,145.265323,235.653495,70.727579,70.330198,265.416440,115.899693,1.193782,0.639914,1.037046
northern-midlatitudes,cloud-free-area,2014-06,149.270791,246.180359,83.519870,69.448164,275.128377,134.393762,1.193782,0.639914,1.037046
northern-midlatitudes,cloud-free-area,2014-07,138.998707,254.786242,69.547706,67.569632,280.884351,114.878500,1.193782,0.639914,1.037046
northern-midlatitudes,cloud-free-area,2014-08,117.559464,255.348678,35.698226,60.459579,281.203949,66.942958,1.193782,0.639914,1.037046
northern-midlatitudes,cloud-free-area,2014-09,98.616412,247.477586,-17.764397,51.168063,273.981277,3.181505,1.193782,0.639914,1.037046
northern-midlatitudes,cloud-free-area,2014-10,79.630512,235.161974,-75.098898,42.213618,262.846628,-65.365878,1.193782,0.639914,1.037046
northern-midlatitudes,cloud-free-area,2014-11,62.895022,220.957670,-116.745584,34.680631,248.719953,-116.293837,1.193782,0.639914,1.037046
northern-midlatitudes,cloud-free-area,2014-12,54.638847,213.597850,-134.270246,31.178516,242.123421,-139.334841,1.193782,0.639914,1.037046
northern-midlatitudes,cloud-free-area,2015-01,61.656965,211.762463,-121.650527,36.905308,239.667617,-124.805277,1.193782,0.639914,1.037046
northern-midlatitudes,cloud-free-area,2015-02,84.560047,213.341830,-85.058750,49.347275,240.571265,-77.073725,1.193782,0.639914,1.037046
northern-midlatitudes,cloud-free-area,2015-03,107.971665,218.802212,-27.877488,61.952220,246.949886,-10.005005,1.193782,0.639914,1.037046
northern-midlatitudes,cloud-free-area,2015-04,129.484820,226.890668,30.429628,69.234690,255.286632,62.284197,1.193782,0.639914,1.037046
northern-midlatitudes,cloud-free-area,2015-05,143.911948,235.758958,71.621966,69.518322,265.155749,116.618333,1.193782,0.639914,1.037046
northern-midlatitudes,cloud-free-area,2015-06,149.092650,247.040339,82.782702,69.181716,275.489145,134.243411,1.193782,0.639914,1.037046
northern-midlatitudes,cloud-free-area,2015-07,138.162957,255.707933,69.815328,67.430965,281.903460,114.353115,1.193782,0.639914,1.037046
northern-midlatitudes,cloud-free-area,2015-08,118.497471,255.079992,35.479754,60.801915,281.027252,67.228767,1.193782,0.639914,1.037046
northern-midlatitudes,cloud-free-area,2015-09,98.880749,247.302737,-17.222697,50.861849,273.953413,4.146665,1.193782,0.639914,1.037046
northern-midlatitudes,cloud-free-area,2015-10,79.760201,233.887800,-73.243048,41.913096,263.059675,-64.567338,1.193782,0.639914,1.037046
northern-midlatitudes,cloud-free-area,2015-11,63.434482,222.546778,-118.438541,34.492051,250.970831,-117.921145,1.193782,0.639914,1.037046
northern-midlatitudes,cloud-free-area,2015-12,53.867394,214.766771,-134.603569,31.217678,244.229433,-141.416242,1.193782,0.639914,1.037046
northern-midlatitudes,cloud-free-area,2016-01,62.551984,209.168531,-120.316248,37.231911,238.565416,-124.392650,1.193782,0.639914,1.037046
northern-midlatitudes,cloud-free-area,2016-02,81.559902,215.002372,-83.051380,48.557563,242.604228,-77.650668,1.193782,0.639914,1.037046
northern-midlatitudes,cloud-free-area,2016-03,109.166602,219.151721,-27.226274,60.548240,247.893891,-7.348997,1.193782,0.639914,1.037046
northern-midlatitudes,cloud-free-area,2016-04,130.946379,225.837773,31.753358,67.227268,255.500102,65.812438,1.193782,0.639914,1.037046
northern-midlatitudes,cloud-free-area,2016-05,146.023011,235.317049,70.947517,69.633146,265.261041,117.392521,1.193782,0.639914,1.037046
northern-midlatitudes,cloud-free-area,2016-06,149.047331,247.014744,82.881706,68.672262,275.117031,135.154808,1.193782,0.639914,1.037046
northern-midlatitudes,cloud-free-area,2016-07,139.496879,256.165122,66.933546,66.922068,281.683972,113.989991,1.193782,0.639914,1.037046
northern-midlatitudes,cloud-free-area,2016-08,115.817648,256.842486,34.605995,59.190690,281.650901,66.423564,1.193782,0.639914,1.037046
northern-midlatitudes,cloud-free-area,2016-09,96.319782,248.421038,-17.997506,50.179385,274.202094,2.364793,1.193782,0.639914,1.037046
northern-midlatitudes,cloud-free-area,2016-10,80.295036,233.558759,-75.612727,42.475412,261.489252,-65.722488,1.193782,0.639914,1.037046
northern-midlatitudes,cloud-free-area,2016-11,61.741462,221.305237,-116.933424,34.863478,249.649353,-118.398790,1.193782,0.639914,1.037046
northern-midlatitudes,cloud-free-area,2016-12,54.462746,213.341053,-134.023864,31.810609,241.350676,-139.381364,1.193782,0.639914,1.037046
northern-midlatitudes,cloud-free-area,2017-01,62.595691,211.990069,-122.159568,37.596922,238.833988,-124.005225,1.193782,0.639914,1.037046
northern-midlatitudes,cloud-free-area,2017-02,83.146033,213.623076,-82.719238,50.036010,240.852871,-76.838530,1.193782,0.639914,1.037046
northern-midlatitudes,cloud-free-area,2017-03,109.701266,218.116815,-27.555035,61.604112,246.348744,-7.688766,1.193782,0.639914,1.037046
northern-midlatitudes,cloud-free-area,2017-04,130.815282,226.449441,30.641654,67.502005,255.545072,64.859519,1.193782,0.639914,1.037046
northern-midlatitudes,cloud-free-area,2017-05,144.878820,237.078695,69.940078,68.896127,265.870087,117.131771,1.193782,0.639914,1.037046
northern-midlatitudes,cloud-free-area,2017-06,149.061612,246.030567,83.773269,68.393304,274.758471,135.713154,1.193782,0.639914,1.037046
northern-midlatitudes,cloud-free-area,2017-07,136.051966,256.374777,70.402348,66.622890,281.793701,114.413469,1.193782,0.639914,1.037046
northern-midlatitudes,cloud-free-area,2017-08,119.113878,256.082529,32.562279,60.448235,281.162381,66.149413,1.193782,0.639914,1.037046
northern-midlatitudes,cloud-free-area,2017-09,98.802453,248.316673,-19.765019,51.607000,274.448179,1.301190,1.193782,0.639914,1.037046
northern-midlatitudes,cloud-free-area,2017-10,78.352747,236.785004,-76.232827,41.817156,263.203109,-66.114533,1.193782,0.639914,1.037046
northern-midlatitudes,cloud-free-area,2017-11,61.958345,222.239574,-117.656438,34.492131,249.782241,-117.733207,1.193782,0.639914,1.037046
northern-midlatitudes,cloud-free-area,2017-12,53.102847,212.377658,-131.644356,30.786593,241.642177,-138.591831,1.193782,0.639914,1.037046
northern-midlatitudes,cloud-free-area,2018-01,61.135943,210.670552,-119.741035,36.592564,238.393878,-122.920786,1.193782,0.639914,1.037046
northern-midlatitudes,cloud-free-area,2018-02,84.006143,211.859018,-82.490262,50.262910,238.882514,-75.770298,1.193782,0.639914,1.037046
northern-midlatitudes,cloud-free-area,2018-03,111.959042,217.006094,-29.452608,63.682831,246.342252,-10.510594,1.193782,0.639914,1.037046
northern-midlatitudes,cloud-free-area,2018-04,127.880871,227.052040,32.329574,69.953821,255.688163,61.621180,1.193782,0.639914,1.037046
northern-midlatitudes,cloud-free-area,2018-05,142.497690,237.642176,71.369597,70.085975,266.128937,115.295437,1.193782,0.639914,1.037046
northern-midlatitudes,cloud-free-area,2018-06,150.174351,247.659865,80.964367,69.431917,275.339478,134.025287,1.193782,0.639914,1.037046
northern-midlatitudes,cloud-free-area,2018-07,134.860407,257.814586,70.453912,66.759165,282.588521,113.782598,1.193782,0.639914,1.037046
northern-midlatitudes,cloud-free-area,2018-08,117.509922,256.958604,33.834171,61.000956,281.218741,66.084205,1.193782,0.639914,1.037046
northern-midlatitudes,cloud-free-area,2018-09,98.114471,247.125994,-17.165469,50.775614,273.068292,4.233336,1.193782,0.639914,1.037046
northern-midlatitudes,cloud-free-area,2018-10,78.393643,235.228438,-74.079781,41.824431,262.158771,-64.440261,1.193782,0.639914,1.037046
northern-midlatitudes,cloud-free-area,2018-11,63.590220,219.417780,-116.039399,35.077971,248.500799,-116.610232,1.193782,0.639914,1.037046
northern-midlatitudes,cloud-free-area,2018-12,54.526044,212.451572,-133.072923,31.243383,241.263009,-138.602583,1.193782,0.639914,1.037046
northern-midlatitudes,cloud-free-area,2019-01,61.996055,210.208652,-120.472064,36.747363,238.091201,-123.105590,1.193782,0.639914,1.037046
northern-midlatitudes,cloud-free-area,2019-02,85.209500,210.840735,-83.288671,51.159460,238.821550,-77.218379,1.193782,0.639914,1.037046
northern-midlatitudes,cloud-free-area,2019-03,107.394334,219.187657,-27.783969,62.816087,247.067412,-11.084837,1.193782,0.639914,1.037046
northern-midlatitudes,cloud-free-area,2019-04,130.367347,225.827900,30.417572,66.615493,255.247104,64.750634,1.193782,0.639914,1.037046
northern-midlatitudes,cloud-free-area,2019-05,144.740894,235.091610,71.261008,69.111282,264.591448,117.391667,1.193782,0.639914,1.037046
northern-midlatitudes,cloud-free-area,2019-06,149.676026,245.854045,83.181951,69.179272,274.045799,135.485184,1.193782,0.639914,1.037046
northern-midlatitudes,cloud-free-area,2019-07,138.316505,254.822908,70.229485,68.620463,280.774389,113.974892,1.193782,0.639914,1.037046
northern-midlatitudes,cloud-free-area,2019-08,118.057748,255.425305,35.326151,61.147048,280.947505,66.714698,1.193782,0.639914,1.037046
northern-midlatitudes,cloud-free-area,2019-09,95.512213,248.950189,-15.720583,51.402500,273.817330,3.524692,1.193782,0.639914,1.037046
northern-midlatitudes,cloud-free-area,2019-10,78.678065,236.094954,-74.571838,42.576164,263.010553,-65.385699,1.193782,0.639914,1.037046
northern-midlatitudes,cloud-free-area,2019-11,62.644695,221.157171,-116.386394,35.188422,249.776441,-117.550395,1.193782,0.639914,1.037046
northern-midlatitudes,cloud-free-area,2019-12,54.076618,213.787059,-133.883968,31.644444,242.866470,-140.532069,1.193782,0.639914,1.037046
northern-midlatitudes,cloud-free-area,2020-01,62.001195,212.484551,-123.086611,37.233419,240.032696,-125.865432,1.193782,0.639914,1.037046
northern-midlatitudes,cloud-free-area,2020-02,81.553506,215.286092,-83.326477,49.842646,242.825956,-79.155948,1.193782,0.639914,1.037046
northern-midlatitudes,cloud-free-area,2020-03,108.321821,220.915533,-28.141336,61.294628,248.377529,-8.574633,1.193782,0.639914,1.037046
northern-midlatitudes,cloud-free-area,2020-04,128.029365,228.159632,32.388049,68.159759,256.086711,64.331642,1.193782,0.639914,1.037046
northern-midlatitudes,cloud-free-area,2020-05,144.259204,236.080926,71.926032,69.777150,265.601346,116.887984,1.193782,0.639914,1.037046
northern-midlatitudes,cloud-free-area,2020-06,151.003079,246.813221,81.032000,69.291921,274.928747,134.625912,1.193782,0.639914,1.037046
northern-midlatitudes,cloud-free-area,2020-07,138.187559,255.785718,68.499523,67.022801,281.958791,113.491980,1.193782,0.639914,1.037046
northern-midlatitudes,cloud-free-area,2020-08,114.744911,256.570812,35.813125,59.765060,281.483682,65.881718,1.193782,0.639914,1.037046
northern-midlatitudes,cloud-free-area,2020-09,95.463017,249.619070,-18.494228,51.447115,274.600501,0.542280,1.193782,0.639914,1.037046
northern-midlatitudes,cloud-free-area,2020-10,76.977612,237.625113,-76.480140,42.347444,263.467139,-67.693415,1.193782,0.639914,1.037046
northern-midlatitudes,cloud-free-area,2020-11,60.527281,225.138648,-119.624859,34.736531,251.434131,-120.128762,1.193782,0.639914,1.037046
northern-midlatitudes,cloud-free-area,2020-12,52.939343,214.999701,-134.145732,31.207024,242.319233,-139.733835,1.193782,0.639914,1.037046
northern-midlatitudes,cloud-free-area,2021-01,61.821919,210.440483,-119.761755,36.961765,238.770101,-123.231778,1.193782,0.639914,1.037046
northern-midlatitudes,cloud-free-area,2021-02,82.431253,213.351303,-81.620879,50.543079,240.649133,-77.030885,1.193782,0.639914,1.037046
northern-midlatitudes,cloud-free-area,2021-03,108.790159,219.199723,-27.560624,62.087170,247.516097,-9.173118,1.193782,0.639914,1.037046
northern-midlatitudes,cloud-free-area,2021-04,130.129262,227.770033,30.133801,67.557918,255.963281,64.513526,1.193782,0.639914,1.037046
northern-midlatitudes,cloud-free-area,2021-05,144.985679,235.943851,71.046265,69.273206,265.624978,117.078044,1.193782,0.639914,1.037046
northern-midlatitudes,cloud-free-area,2021-06,146.024428,248.698881,84.195608,68.789547,276.223309,133.904845,1.193782,0.639914,1.037046
northern-midlatitudes,cloud-free-area,2021-07,134.180602,257.987617,70.725229,68.296079,282.668468,111.930713,1.193782,0.639914,1.037046
northern-midlatitudes,cloud-free-area,2021-08,117.682291,256.744938,33.350532,61.638905,281.311899,64.827205,1.193782,0.639914,1.037046
northern-midlatitudes,cloud-free-area,2021-09,96.574052,249.034496,-18.256913,51.114883,274.861372,1.376832,1.193782,0.639914,1.037046
northern-midlatitudes,cloud-free-area,2021-10,76.156409,237.557047,-74.873818,41.687983,263.223818,-66.072461,1.193782,0.639914,1.037046
northern-midlatitudes,cloud-free-area,2021-11,60.767881,222.392860,-116.642505,34.356592,251.027805,-118.867660,1.193782,0.639914,1.037046
northern-midlatitudes,cloud-free-area,2021-12,52.667190,216.152849,-134.942158,31.092402,243.069509,-140.283815,1.193782,0.639914,1.037046
northern-midlatitudes,cloud-free-area,2022-01,60.770869,212.589896,-121.169864,37.360552,239.137050,-124.306066,1.193782,0.639914,1.037046
northern-midlatitudes,cloud-free-area,2022-02,81.747133,214.096807,-82.214091,50.641464,240.701198,-77.712234,1.193782,0.639914,1.037046
northern-midlatitudes,cloud-free-area,2022-03,108.101737,218.250893,-26.512190,62.421510,246.958606,-9.538958,1.193782,0.639914,1.037046
northern-midlatitudes,cloud-free-area,2022-04,127.956054,227.459983,32.246125,69.054363,256.181372,62.427485,1.193782,0.639914,1.037046
northern-midlatitudes,cloud-free-area,2022-05,143.268873,237.289942,71.371914,70.206827,265.827607,115.895299,1.193782,0.639914,1.037046
northern-midlatitudes,cloud-free-area,2022-06,146.341012,249.027959,83.827609,69.171544,276.046981,133.976383,1.193782,0.639914,1.037046
northern-midlatitudes,cloud-free-area,2022-07,136.065243,257.849607,69.480373,67.311124,283.002654,113.083928,1.193782,0.639914,1.037046
northern-midlatitudes,cloud-free-area,2022-08,115.321132,257.381598,35.787204,59.561384,282.092838,66.837234,1.193782,0.639914,1.037046
northern-midlatitudes,cloud-free-area,2022-09,94.399456,250.356126,-16.527917,51.064111,275.474759,1.691340,1.193782,0.639914,1.037046
northern-midlatitudes,cloud-free-area,2022-10,76.024137,237.608075,-73.987829,41.938003,263.852597,-66.144748,1.193782,0.639914,1.037046
northern-midlatitudes,cloud-free-area,2022-11,62.234084,221.661218,-116.854552,34.791398,250.537769,-118.288167,1.193782,0.639914,1.037046
northern-midlatitudes,cloud-free-area,2022-12,53.748908,213.337737,-133.113056,31.182187,241.245430,-138.455452,1.193782,0.639914,1.037046
northern-midlatitudes,cloud-free-area,2023-01,60.508472,212.781110,-121.392641,36.647587,239.880052,-124.630239,1.193782,0.639914,1.037046
northern-midlatitudes,cloud-free-area,2023-02,82.301544,214.041642,-83.294699,50.342846,241.013611,-78.307433,1.193782,0.639914,1.037046
northern-midlatitudes,cloud-free-area,2023-03,107.303981,219.753846,-27.795296,61.672864,247.613649,-10.022456,1.193782,0.639914,1.037046
northern-midlatitudes,cloud-free-area,2023-04,128.769832,227.119133,31.301947,69.092980,255.292122,62.806589,1.193782,0.639914,1.037046
northern-midlatitudes,cloud-free-area,2023-05,142.928440,236.927405,71.704036,70.396579,265.638714,115.524997,1.193782,0.639914,1.037046
northern-midlatitudes,cloud-free-area,2023-06,145.980685,247.601973,85.653799,70.024547,275.640213,133.569223,1.193782,0.639914,1.037046
northern-midlatitudes,cloud-free-area,2023-07,133.773537,257.082888,72.815348,68.078290,282.435098,113.158434,1.193782,0.639914,1.037046
northern-midlatitudes,cloud-free-area,2023-08,115.309346,257.587815,36.273342,60.315718,282.240130,66.617206,1.193782,0.639914,1.037046
northern-midlatitudes,cloud-free-area,2023-09,93.292395,251.282842,-15.559522,51.419437,276.193528,1.406888,1.193782,0.639914,1.037046
northern-midlatitudes,cloud-free-area,2023-10,77.929406,236.574395,-74.073964,41.689163,264.603948,-65.863381,1.193782,0.639914,1.037046
northern-midlatitudes,cloud-free-area,2023-11,60.959795,223.111791,-116.527203,34.341879,252.177738,-118.975725,1.193782,0.639914,1.037046
northern-midlatitudes,cloud-free-area,2023-12,52.743696,214.082274,-132.721896,30.468242,243.817221,-140.180662,1.193782,0.639914,1.037046
northern-midlatitudes,cloud-free-area,2024-01,61.249534,211.143335,-120.792158,36.469293,239.626578,-124.494865,1.193782,0.639914,1.037046
northern-midlatitudes,cloud-free-area,2024-02,83.521640,212.393324,-82.148591,49.637674,241.367170,-77.237763,1.193782,0.639914,1.037046
northern-midlatitudes,cloud-free-area,2024-03,108.623798,218.757457,-25.863462,61.721654,247.109358,-7.312100,1.193782,0.639914,1.037046
northern-midlatitudes,cloud-free-area,2024-04,128.807995,228.295206,32.028025,66.220056,257.280644,65.631265,1.193782,0.639914,1.037046
northern-midlatitudes,cloud-free-area,2024-05,142.944011,238.479205,71.333681,68.365822,266.471911,117.919846,1.193782,0.639914,1.037046
northern-midlatitudes,cloud-free-area,2024-06,147.233246,248.230662,83.889902,68.418442,275.957252,134.976571,1.193782,0.639914,1.037046
northern-midlatitudes,cloud-free-area,2024-07,134.100327,257.408061,71.447805,67.325125,282.733855,112.900146,1.193782,0.639914,1.037046
northern-midlatitudes,cloud-free-area,2024-08,111.802836,259.172209,36.345362,60.117401,282.635591,64.567176,1.193782,0.639914,1.037046
northern-midlatitudes,cloud-free-area,2024-09,94.041858,250.612098,-17.713640,50.458090,275.732387,0.752069,1.193782,0.639914,1.037046
northern-midlatitudes,cloud-free-area,2024-10,75.878294,237.908227,-75.561758,41.718308,264.507904,-68.000857,1.193782,0.639914,1.037046
northern-midlatitudes,cloud-free-area,2024-11,60.861720,224.863583,-119.584117,33.859191,252.252936,-119.971250,1.193782,0.639914,1.037046
northern-midlatitudes,cloud-free-area,2024-12,52.311913,215.486476,-133.890794,30.767250,243.443577,-140.303756,1.193782,0.639914,1.037046
northern-midlatitudes,cloud-free-area,2025-01,59.794239,213.600192,-120.719498,36.003858,241.066513,-124.394687,1.193782,0.639914,1.037046
northern-midlatitudes,cloud-free-area,2025-02,81.693001,214.791720,-82.056767,49.991855,240.621739,-76.185467,1.193782,0.639914,1.037046
northern-midlatitudes,cloud-free-area,2025-03,106.784863,220.965403,-26.895447,60.938015,248.568749,-8.651107,1.193782,0.639914,1.037046
northern-midlatitudes,cloud-free-area,2025-04,128.644564,229.075656,30.792357,67.227807,257.390487,63.895061,1.193782,0.639914,1.037046
northern-midlatitudes,cloud-free-area,2025-05,143.735286,237.935411,70.710644,69.707489,266.844897,115.828914,1.193782,0.639914,1.037046
northern-midlatitudes,cloud-free-area,2025-06,145.160305,251.181428,82.976803,70.652698,277.176778,131.487941,1.193782,0.639914,1.037046
northern-midlatitudes,cloud-free-area,2025-07,132.775227,258.298548,72.163183,66.988490,282.640806,113.608816,1.193782,0.639914,1.037046
northern-midlatitudes,cloud-free-area,2025-08,115.346813,257.403543,35.228561,60.381104,282.135401,65.463082,1.193782,0.639914,1.037046
northern-midlatitudes,cloud-free-area,2025-09,94.655427,249.675740,-16.872474,50.385229,275.254654,1.820056,1.193782,0.639914,1.037046
northern-midlatitudes,cloud-free-area,2025-10,77.651592,236.421316,-75.186904,41.440454,262.930802,-65.485086,1.193782,0.639914,1.037046
northern-midlatitudes,cloud-free-area,2025-11,59.193609,224.380109,-116.998420,33.743263,252.026744,-119.195740,1.193782,0.639914,1.037046
northern-midlatitudes,cloud-free-area,2025-12,53.828055,213.342529,-133.262233,30.706980,242.238937,-139.037733,1.193782,0.639914,1.037046
northern-midlatitudes,cloud-free-area,2026-01,61.110667,211.238895,-120.079775,37.087267,238.899952,-123.717977,1.193782,0.639914,1.037046
northern-midlatitudes,cloud-free-area,2026-02,81.532109,214.373851,-82.187475,48.976627,242.251728,-77.510345,1.193782,0.639914,1.037046
northern-midlatitudes,cloud-free-area,2026-03,107.498806,220.379599,-27.922565,60.851952,247.523799,-8.418747,1.193782,0.639914,1.037046
northern-midlatitudes,cloud-free-area,2026-04,131.141285,227.119273,29.458022,67.869396,255.654053,64.196488,1.193782,0.639914,1.037046
northern-midlatitudes,cloud-free-area,2026-05,142.851348,237.008022,72.116927,69.134790,265.877420,116.962959,1.193782,0.639914,1.037046
northern-midlatitudes,total-region,2000-03,110.306176,218.296850,-27.933725,64.287860,245.150312,-8.768616,1.202278,0.638162,1.051376
northern-midlatitudes,total-region,2000-04,131.668974,225.544547,31.107305,70.788767,252.932129,64.600402,1.202278,0.638162,1.051376
northern-midlatitudes,total-region,2000-05,146.905631,236.066117,69.181604,72.571365,263.218301,116.364901,1.202278,0.638162,1.051376
northern-midlatitudes,total-region,2000-06,150.200060,248.777244,80.054929,71.791745,273.516330,133.724000,1.202278,0.638162,1.051376
northern-midlatitudes,total-region,2000-07,139.900573,255.464029,67.574617,68.938706,279.239428,114.760117,1.202278,0.638162,1.051376
northern-midlatitudes,total-region,2000-08,117.997319,256.293493,33.584309,61.618851,278.401211,67.855347,1.202278,0.638162,1.051376
northern-midlatitudes,total-region,2000-09,100.014573,248.008339,-20.770845,53.435381,271.449303,2.367385,1.202278,0.638162,1.051376
northern-midlatitudes,total-region,2000-10,81.494241,232.045936,-74.754203,44.191173,258.698311,-64.103178,1.202278,0.638162,1.051376
northern-midlatitudes,total-region,2000-11,64.293485,219.391281,-117.251180,36.191108,246.259915,-116.017209,1.202278,0.638162,1.051376
northern-midlatitudes,total-region,2000-12,56.054791,210.924359,-133.074891,32.589823,239.149879,-137.836409,1.202278,0.638162,1.051376
northern-midlatitudes,total-region,2001-01,64.279845,208.466647,-120.397221,38.445168,236.800059,-122.896177,1.202278,0.638162,1.051376
northern-midlatitudes,total-region,2001-02,85.939665,210.259604,-82.344220,51.941319,237.592365,-75.677604,1.202278,0.638162,1.051376
northern-midlatitudes,total-region,2001-03,113.784187,214.428833,-28.264863,65.120204,244.608948,-9.780333,1.202278,0.638162,1.051376
northern-midlatitudes,total-region,2001-04,133.225339,224.641004,29.778027,73.162884,252.614336,61.866637,1.202278,0.638162,1.051376
northern-midlatitudes,total-region,2001-05,145.571925,237.068241,69.257342,71.993970,263.483707,116.419620,1.202278,0.638162,1.051376
northern-midlatitudes,total-region,2001-06,149.368006,247.832704,81.841275,72.841450,271.059706,135.141228,1.202278,0.638162,1.051376
northern-midlatitudes,total-region,2001-07,138.677654,255.551294,69.132619,68.787985,279.389190,115.185141,1.202278,0.638162,1.051376
northern-midlatitudes,total-region,2001-08,117.106241,257.236272,33.975738,62.112985,279.541068,66.665184,1.202278,0.638162,1.051376
northern-midlatitudes,total-region,2001-09,99.021949,247.575042,-18.694166,52.530088,271.139419,4.234262,1.202278,0.638162,1.051376
northern-midlatitudes,total-region,2001-10,80.177614,234.378416,-75.147185,43.825560,260.163611,-64.580285,1.202278,0.638162,1.051376
northern-midlatitudes,total-region,2001-11,62.210492,223.025948,-118.408657,34.483121,249.488535,-117.143236,1.202278,0.638162,1.051376
northern-midlatitudes,total-region,2001-12,54.965351,213.534060,-134.549048,32.176898,240.352612,-138.578899,1.202278,0.638162,1.051376
northern-midlatitudes,total-region,2002-01,62.537606,211.002643,-121.495407,37.683212,239.026606,-124.664481,1.202278,0.638162,1.051376
northern-midlatitudes,total-region,2002-02,82.342621,214.240616,-83.316012,49.402616,241.677098,-77.811618,1.202278,0.638162,1.051376
northern-midlatitudes,total-region,2002-03,111.106531,216.763160,-28.484684,62.192897,244.468863,-7.276980,1.202278,0.638162,1.051376
northern-midlatitudes,total-region,2002-04,135.882169,225.886631,25.335960,71.770813,252.130669,63.202797,1.202278,0.638162,1.051376
northern-midlatitudes,total-region,2002-05,144.254250,236.269578,70.989383,73.091989,261.784224,116.635825,1.202278,0.638162,1.051376
northern-midlatitudes,total-region,2002-06,151.275663,246.534576,81.259582,72.353704,272.059158,134.657695,1.202278,0.638162,1.051376
northern-midlatitudes,total-region,2002-07,140.541022,255.300947,67.588003,69.701159,278.968139,114.760378,1.202278,0.638162,1.051376
northern-midlatitudes,total-region,2002-08,120.978462,255.118894,32.688668,61.992042,277.900721,68.892587,1.202278,0.638162,1.051376
northern-midlatitudes,total-region,2002-09,99.446040,248.074545,-18.883180,53.445389,271.173603,4.018619,1.202278,0.638162,1.051376
northern-midlatitudes,total-region,2002-10,81.952339,232.341353,-74.271837,43.949414,258.074316,-62.001378,1.202278,0.638162,1.051376
northern-midlatitudes,total-region,2002-11,63.414103,220.441141,-116.598019,35.348648,247.811582,-115.902574,1.202278,0.638162,1.051376
northern-midlatitudes,total-region,2002-12,56.354413,209.952227,-132.283887,32.738782,238.928525,-137.644966,1.202278,0.638162,1.051376
northern-midlatitudes,total-region,2003-01,62.647167,210.368676,-121.365547,37.435892,238.341500,-124.126623,1.202278,0.638162,1.051376
northern-midlatitudes,total-region,2003-02,86.788662,209.534759,-83.772504,52.134027,237.078992,-76.661964,1.202278,0.638162,1.051376
northern-midlatitudes,total-region,2003-03,111.546397,216.000522,-29.089300,66.771797,243.290673,-11.603981,1.202278,0.638162,1.051376
northern-midlatitudes,total-region,2003-04,134.317732,224.663026,27.380517,71.527823,251.626482,63.206349,1.202278,0.638162,1.051376
northern-midlatitudes,total-region,2003-05,145.534313,235.938172,69.524161,74.839381,262.188243,113.969130,1.202278,0.638162,1.051376
northern-midlatitudes,total-region,2003-06,149.815029,247.206355,81.730280,73.211794,272.435813,133.103826,1.202278,0.638162,1.051376
northern-midlatitudes,total-region,2003-07,141.343532,254.831415,67.494714,69.437020,278.433932,115.797494,1.202278,0.638162,1.051376
northern-midlatitudes,total-region,2003-08,119.000414,255.036896,35.277910,62.060115,278.191829,69.064230,1.202278,0.638162,1.051376
northern-midlatitudes,total-region,2003-09,98.500844,248.954757,-18.129247,52.298644,271.600841,5.426699,1.202278,0.638162,1.051376
northern-midlatitudes,total-region,2003-10,79.746672,234.663869,-73.873717,42.873705,260.113292,-62.450387,1.202278,0.638162,1.051376
northern-midlatitudes,total-region,2003-11,65.011093,221.359796,-118.699908,35.982482,247.741310,-116.052854,1.202278,0.638162,1.051376
northern-midlatitudes,total-region,2003-12,54.477138,215.280057,-135.711435,31.643773,242.340262,-139.939618,1.202278,0.638162,1.051376
northern-midlatitudes,total-region,2004-01,63.210781,208.006465,-119.974167,37.608636,236.298300,-122.664688,1.202278,0.638162,1.051376
northern-midlatitudes,total-region,2004-02,84.556964,210.872391,-82.221011,51.099458,239.339309,-77.230958,1.202278,0.638162,1.051376
northern-midlatitudes,total-region,2004-03,109.965802,218.047457,-27.272421,63.844567,245.392553,-8.495933,1.202278,0.638162,1.051376
northern-midlatitudes,total-region,2004-04,128.616406,226.958680,32.729939,69.517546,252.896943,65.890254,1.202278,0.638162,1.051376
northern-midlatitudes,total-region,2004-05,148.302255,236.514257,67.277205,73.299449,262.049459,116.743657,1.202278,0.638162,1.051376
northern-midlatitudes,total-region,2004-06,149.379828,247.088863,82.400094,71.675528,271.574869,135.618513,1.202278,0.638162,1.051376
northern-midlatitudes,total-region,2004-07,138.918694,254.459284,69.236379,69.124162,277.453248,116.036138,1.202278,0.638162,1.051376
northern-midlatitudes,total-region,2004-08,120.113251,253.467574,33.874784,61.227510,276.931901,69.296989,1.202278,0.638162,1.051376
northern-midlatitudes,total-region,2004-09,96.847222,248.928268,-18.707503,51.851113,271.648378,3.568083,1.202278,0.638162,1.051376
northern-midlatitudes,total-region,2004-10,80.820567,234.585193,-76.872356,41.029846,256.805500,-59.302124,1.202278,0.638162,1.051376
northern-midlatitudes,total-region,2004-11,62.663228,221.830886,-118.224496,34.345594,248.832853,-116.909246,1.202278,0.638162,1.051376
northern-midlatitudes,total-region,2004-12,54.736238,212.733911,-133.650670,31.869702,240.534660,-138.584923,1.202278,0.638162,1.051376
northern-midlatitudes,total-region,2005-01,63.654099,210.685431,-122.075337,38.072186,237.769292,-123.576849,1.202278,0.638162,1.051376
northern-midlatitudes,total-region,2005-02,86.383031,211.566206,-84.162182,52.215955,237.430979,-75.860305,1.202278,0.638162,1.051376
northern-midlatitudes,total-region,2005-03,111.550061,215.979750,-27.570538,64.160642,243.579671,-7.781591,1.202278,0.638162,1.051376
northern-midlatitudes,total-region,2005-04,130.111920,226.282162,31.203329,69.642734,253.129166,64.826003,1.202278,0.638162,1.051376
northern-midlatitudes,total-region,2005-05,144.947900,233.962797,72.736055,71.790738,261.110037,118.746033,1.202278,0.638162,1.051376
northern-midlatitudes,total-region,2005-06,151.562910,245.884938,81.306796,71.926347,271.796836,135.030971,1.202278,0.638162,1.051376
northern-midlatitudes,total-region,2005-07,139.092865,256.629882,67.228001,69.020018,279.284647,114.647324,1.202278,0.638162,1.051376
northern-midlatitudes,total-region,2005-08,119.832249,255.598622,32.607900,61.560653,278.189027,68.289161,1.202278,0.638162,1.051376
northern-midlatitudes,total-region,2005-09,94.377917,250.386982,-17.070496,52.245954,272.615322,2.832589,1.202278,0.638162,1.051376
northern-midlatitudes,total-region,2005-10,77.718289,237.094927,-75.632171,42.934579,260.919746,-64.673012,1.202278,0.638162,1.051376
northern-midlatitudes,total-region,2005-11,62.360117,222.621064,-118.287048,35.021485,248.722681,-117.049868,1.202278,0.638162,1.051376
northern-midlatitudes,total-region,2005-12,54.397705,212.239453,-132.785990,31.832920,240.323602,-138.304933,1.202278,0.638162,1.051376
northern-midlatitudes,total-region,2006-01,63.511170,208.286850,-119.860826,38.695210,236.676363,-123.434985,1.202278,0.638162,1.051376
northern-midlatitudes,total-region,2006-02,85.376068,209.486983,-81.725616,51.054361,237.410674,-75.327835,1.202278,0.638162,1.051376
northern-midlatitudes,total-region,2006-03,111.481647,216.464095,-28.737586,64.757855,243.958122,-9.507003,1.202278,0.638162,1.051376
northern-midlatitudes,total-region,2006-04,132.283283,224.748352,29.942636,70.881981,252.415078,63.678308,1.202278,0.638162,1.051376
northern-midlatitudes,total-region,2006-05,144.674068,235.997872,70.700229,72.064263,262.192700,117.115107,1.202278,0.638162,1.051376
northern-midlatitudes,total-region,2006-06,148.104707,248.349603,82.320503,71.750860,272.438991,134.584891,1.202278,0.638162,1.051376
northern-midlatitudes,total-region,2006-07,138.356096,255.590612,69.290603,68.673894,278.853124,115.710565,1.202278,0.638162,1.051376
northern-midlatitudes,total-region,2006-08,119.142985,256.502195,32.860883,62.085912,279.075539,67.345008,1.202278,0.638162,1.051376
northern-midlatitudes,total-region,2006-09,96.225856,249.176108,-17.016615,52.643091,271.393468,4.348848,1.202278,0.638162,1.051376
northern-midlatitudes,total-region,2006-10,80.408040,234.210152,-74.799937,43.313682,259.830805,-63.326682,1.202278,0.638162,1.051376
northern-midlatitudes,total-region,2006-11,63.327750,220.987812,-117.208669,35.404928,247.936355,-116.234790,1.202278,0.638162,1.051376
northern-midlatitudes,total-region,2006-12,54.510646,214.035433,-134.644250,32.210068,242.039807,-140.348748,1.202278,0.638162,1.051376
northern-midlatitudes,total-region,2007-01,60.619555,212.977454,-122.020073,37.611019,239.845033,-125.879715,1.202278,0.638162,1.051376
northern-midlatitudes,total-region,2007-02,84.823802,211.411122,-83.756631,50.546050,239.148055,-77.214811,1.202278,0.638162,1.051376
northern-midlatitudes,total-region,2007-03,110.872600,218.017353,-30.409842,64.608718,244.591277,-10.720283,1.202278,0.638162,1.051376
northern-midlatitudes,total-region,2007-04,130.321238,225.592135,30.412757,69.892067,252.094509,64.339426,1.202278,0.638162,1.051376
northern-midlatitudes,total-region,2007-05,147.059744,236.470612,67.360354,72.781038,262.789867,115.319361,1.202278,0.638162,1.051376
northern-midlatitudes,total-region,2007-06,150.411410,246.687813,81.571557,72.606062,271.868499,134.196103,1.202278,0.638162,1.051376
northern-midlatitudes,total-region,2007-07,142.298352,254.069466,67.097884,68.747502,278.103948,116.612394,1.202278,0.638162,1.051376
northern-midlatitudes,total-region,2007-08,119.492526,257.000022,32.569454,62.112242,278.642881,68.306528,1.202278,0.638162,1.051376
northern-midlatitudes,total-region,2007-09,97.985044,250.917694,-19.872883,52.647016,272.352239,4.030291,1.202278,0.638162,1.051376
northern-midlatitudes,total-region,2007-10,78.283266,236.952960,-74.769461,43.178866,260.277514,-62.989937,1.202278,0.638162,1.051376
northern-midlatitudes,total-region,2007-11,61.536352,222.821145,-116.790379,35.103969,248.285571,-115.822211,1.202278,0.638162,1.051376
northern-midlatitudes,total-region,2007-12,54.889786,212.962703,-133.869134,32.513537,239.916026,-138.446121,1.202278,0.638162,1.051376
northern-midlatitudes,total-region,2008-01,63.119900,209.616001,-121.486318,39.067447,236.197593,-124.015937,1.202278,0.638162,1.051376
northern-midlatitudes,total-region,2008-02,82.979628,214.351828,-84.098907,52.417221,238.744983,-77.929587,1.202278,0.638162,1.051376
northern-midlatitudes,total-region,2008-03,108.502412,219.249122,-27.007142,63.389998,245.749913,-8.395640,1.202278,0.638162,1.051376
northern-midlatitudes,total-region,2008-04,132.171111,226.677552,29.418143,72.017780,253.320720,62.929328,1.202278,0.638162,1.051376
northern-midlatitudes,total-region,2008-05,146.358681,234.832781,70.854938,73.378063,261.282234,117.387167,1.202278,0.638162,1.051376
northern-midlatitudes,total-region,2008-06,147.960471,248.204844,82.589974,71.949604,272.593460,134.210927,1.202278,0.638162,1.051376
northern-midlatitudes,total-region,2008-07,136.861117,256.604005,69.079616,69.472427,279.057923,114.015378,1.202278,0.638162,1.051376
northern-midlatitudes,total-region,2008-08,118.554836,256.243963,32.505400,62.009306,278.576844,66.717676,1.202278,0.638162,1.051376
northern-midlatitudes,total-region,2008-09,101.436823,246.041928,-20.644089,53.475115,269.877895,3.481303,1.202278,0.638162,1.051376
northern-midlatitudes,total-region,2008-10,78.084832,234.448785,-74.183060,43.414761,259.531482,-64.596017,1.202278,0.638162,1.051376
northern-midlatitudes,total-region,2008-11,61.591090,222.503592,-117.917934,34.763333,248.722914,-117.310346,1.202278,0.638162,1.051376
northern-midlatitudes,total-region,2008-12,54.829396,212.938900,-134.001802,31.905720,240.119212,-138.258012,1.202278,0.638162,1.051376
northern-midlatitudes,total-region,2009-01,62.453392,211.280850,-121.425646,38.271214,237.454212,-123.416622,1.202278,0.638162,1.051376
northern-midlatitudes,total-region,2009-02,85.237409,211.560869,-82.960925,51.451571,238.818905,-76.432744,1.202278,0.638162,1.051376
northern-midlatitudes,total-region,2009-03,112.418757,216.676606,-29.081142,66.035273,243.729648,-9.750822,1.202278,0.638162,1.051376
northern-midlatitudes,total-region,2009-04,129.817888,226.559671,31.256950,70.292669,252.697124,64.644176,1.202278,0.638162,1.051376
northern-midlatitudes,total-region,2009-05,144.405834,235.689054,71.600567,73.614226,261.525741,116.554142,1.202278,0.638162,1.051376
northern-midlatitudes,total-region,2009-06,150.984592,244.474184,83.293898,72.712161,270.281235,135.757901,1.202278,0.638162,1.051376
northern-midlatitudes,total-region,2009-07,140.549590,253.078216,69.242027,69.794868,277.053068,116.021294,1.202278,0.638162,1.051376
northern-midlatitudes,total-region,2009-08,119.985009,255.015225,32.882124,62.664915,277.405551,67.811817,1.202278,0.638162,1.051376
northern-midlatitudes,total-region,2009-09,99.369511,246.597460,-18.417502,52.955275,269.951068,4.642826,1.202278,0.638162,1.051376
northern-midlatitudes,total-region,2009-10,80.648390,234.027723,-75.653486,43.847947,258.355628,-63.181194,1.202278,0.638162,1.051376
northern-midlatitudes,total-region,2009-11,62.946750,221.627714,-117.960846,35.740732,248.171652,-117.298196,1.202278,0.638162,1.051376
northern-midlatitudes,total-region,2009-12,55.661697,210.442055,-132.279237,32.610368,239.193922,-137.979468,1.202278,0.638162,1.051376
northern-midlatitudes,total-region,2010-01,63.226167,208.795512,-120.054769,38.337068,236.789101,-123.159004,1.202278,0.638162,1.051376
northern-midlatitudes,total-region,2010-02,87.408147,207.858681,-82.030805,52.612112,236.588817,-75.964374,1.202278,0.638162,1.051376
northern-midlatitudes,total-region,2010-03,111.645995,214.360997,-26.667567,65.561147,243.337714,-9.559956,1.202278,0.638162,1.051376
northern-midlatitudes,total-region,2010-04,130.398109,224.983883,31.733975,70.563315,251.439605,65.113823,1.202278,0.638162,1.051376
northern-midlatitudes,total-region,2010-05,148.437681,234.505157,68.468634,71.553129,260.937333,118.920513,1.202278,0.638162,1.051376
northern-midlatitudes,total-region,2010-06,149.645578,247.468244,81.669478,71.072221,271.925041,135.786370,1.202278,0.638162,1.051376
northern-midlatitudes,total-region,2010-07,139.074776,257.277079,66.896464,68.426580,279.373605,115.446746,1.202278,0.638162,1.051376
northern-midlatitudes,total-region,2010-08,118.500460,257.720495,32.280357,61.709836,279.433732,67.358167,1.202278,0.638162,1.051376
northern-midlatitudes,total-region,2010-09,97.652650,249.152432,-18.502416,51.963991,271.696491,4.642265,1.202278,0.638162,1.051376
northern-midlatitudes,total-region,2010-10,78.358857,235.208382,-73.846204,42.736606,259.724279,-62.740337,1.202278,0.638162,1.051376
northern-midlatitudes,total-region,2010-11,61.370634,224.502167,-118.790817,34.838041,249.830126,-117.585844,1.202278,0.638162,1.051376
northern-midlatitudes,total-region,2010-12,54.778415,213.131411,-133.999689,32.188123,240.805627,-139.083893,1.202278,0.638162,1.051376
northern-midlatitudes,total-region,2011-01,62.142726,210.361971,-120.864673,38.408478,235.949969,-122.718350,1.202278,0.638162,1.051376
northern-midlatitudes,total-region,2011-02,86.230600,211.351425,-84.985782,52.096594,238.641679,-78.141973,1.202278,0.638162,1.051376
northern-midlatitudes,total-region,2011-03,108.934659,218.163087,-28.475642,65.992172,243.185027,-10.555137,1.202278,0.638162,1.051376
northern-midlatitudes,total-region,2011-04,130.474533,226.628707,29.468138,71.312265,252.379885,62.880240,1.202278,0.638162,1.051376
northern-midlatitudes,total-region,2011-05,146.130738,235.014381,69.988984,71.855820,261.219657,118.059894,1.202278,0.638162,1.051376
northern-midlatitudes,total-region,2011-06,152.784153,245.495389,80.555471,72.149133,271.363118,135.322442,1.202278,0.638162,1.051376
northern-midlatitudes,total-region,2011-07,139.296647,256.092990,68.150417,69.777553,278.368915,115.392612,1.202278,0.638162,1.051376
northern-midlatitudes,total-region,2011-08,118.053382,256.423398,34.566118,62.038206,278.276837,68.728129,1.202278,0.638162,1.051376
northern-midlatitudes,total-region,2011-09,96.537953,249.610697,-17.145661,52.697046,271.384084,4.921723,1.202278,0.638162,1.051376
northern-midlatitudes,total-region,2011-10,78.604540,236.132077,-74.285090,43.714173,259.900635,-63.162955,1.202278,0.638162,1.051376
northern-midlatitudes,total-region,2011-11,63.623644,221.188299,-117.225696,36.022829,247.797571,-116.234530,1.202278,0.638162,1.051376
northern-midlatitudes,total-region,2011-12,53.411390,214.054880,-133.423183,31.955373,241.067543,-138.979898,1.202278,0.638162,1.051376
northern-midlatitudes,total-region,2012-01,61.169031,211.094989,-120.912422,37.673696,236.910162,-123.232423,1.202278,0.638162,1.051376
northern-midlatitudes,total-region,2012-02,85.528021,209.869404,-81.984991,52.063043,236.370605,-75.020667,1.202278,0.638162,1.051376
northern-midlatitudes,total-region,2012-03,109.914929,219.711932,-28.659293,66.411333,244.587443,-10.031235,1.202278,0.638162,1.051376
northern-midlatitudes,total-region,2012-04,130.665788,227.829924,30.029622,70.021249,253.645454,64.857500,1.202278,0.638162,1.051376
northern-midlatitudes,total-region,2012-05,144.249631,237.213228,70.796234,72.619370,262.817085,116.823145,1.202278,0.638162,1.051376
northern-midlatitudes,total-region,2012-06,149.917200,247.832557,81.213485,72.032803,272.606962,134.323217,1.202278,0.638162,1.051376
northern-midlatitudes,total-region,2012-07,137.376142,256.579412,68.649257,69.524183,279.056605,114.025290,1.202278,0.638162,1.051376
northern-midlatitudes,total-region,2012-08,115.623282,256.670299,35.141986,61.783241,278.839458,66.813445,1.202278,0.638162,1.051376
northern-midlatitudes,total-region,2012-09,95.634217,249.296970,-17.997543,52.115573,271.788019,3.029673,1.202278,0.638162,1.051376
northern-midlatitudes,total-region,2012-10,79.961811,234.027589,-75.619759,42.794365,259.199435,-63.623762,1.202278,0.638162,1.051376
northern-midlatitudes,total-region,2012-11,63.422011,220.058827,-117.279371,35.194502,247.624592,-116.618001,1.202278,0.638162,1.051376
northern-midlatitudes,total-region,2012-12,55.874070,209.269019,-131.323816,32.734229,238.312709,-137.227431,1.202278,0.638162,1.051376
northern-midlatitudes,total-region,2013-01,62.695885,210.189098,-120.481637,38.064721,237.404131,-123.065469,1.202278,0.638162,1.051376
northern-midlatitudes,total-region,2013-02,86.108013,210.775074,-82.886270,52.096244,238.062257,-76.162021,1.202278,0.638162,1.051376
northern-midlatitudes,total-region,2013-03,112.505790,215.920244,-28.196009,65.782757,243.978153,-9.531741,1.202278,0.638162,1.051376
northern-midlatitudes,total-region,2013-04,133.181338,226.582365,28.075490,72.571345,252.065846,63.202082,1.202278,0.638162,1.051376
northern-midlatitudes,total-region,2013-05,147.213186,236.494606,68.241555,71.354728,262.304295,118.290880,1.202278,0.638162,1.051376
northern-midlatitudes,total-region,2013-06,149.327191,247.861283,81.798797,71.169023,272.006230,135.811614,1.202278,0.638162,1.051376
northern-midlatitudes,total-region,2013-07,138.352754,255.387915,69.343879,68.735007,278.095189,116.253362,1.202278,0.638162,1.051376
northern-midlatitudes,total-region,2013-08,117.734743,255.831634,34.458039,61.423464,277.917938,68.683393,1.202278,0.638162,1.051376
northern-midlatitudes,total-region,2013-09,97.781047,248.549581,-18.683873,51.861472,271.349222,4.436419,1.202278,0.638162,1.051376
northern-midlatitudes,total-region,2013-10,78.472310,237.219379,-76.662652,42.567580,260.614100,-64.152764,1.202278,0.638162,1.051376
northern-midlatitudes,total-region,2013-11,62.703910,221.696643,-117.782417,34.522271,248.699343,-116.602836,1.202278,0.638162,1.051376
northern-midlatitudes,total-region,2013-12,53.690607,213.169240,-132.966321,31.789426,240.762981,-138.658291,1.202278,0.638162,1.051376
northern-midlatitudes,total-region,2014-01,61.623366,210.164121,-119.728529,37.130720,238.402951,-123.474123,1.202278,0.638162,1.051376
northern-midlatitudes,total-region,2014-02,85.116780,211.068027,-82.850711,51.930908,237.820434,-76.417539,1.202278,0.638162,1.051376
northern-midlatitudes,total-region,2014-03,108.138285,218.720667,-27.236533,63.971132,244.994008,-9.342681,1.202278,0.638162,1.051376
northern-midlatitudes,total-region,2014-04,129.599630,226.258869,31.513493,69.722941,252.817135,64.831156,1.202278,0.638162,1.051376
northern-midlatitudes,total-region,2014-05,145.265323,235.653495,70.727579,71.554739,262.099910,117.992228,1.202278,0.638162,1.051376
northern-midlatitudes,total-region,2014-06,149.270791,246.180359,83.519870,71.146236,271.368893,136.456784,1.202278,0.638162,1.051376
northern-midlatitudes,total-region,2014-07,138.998707,254.786242,69.547706,68.794958,277.539346,116.997178,1.202278,0.638162,1.051376
northern-midlatitudes,total-region,2014-08,117.559464,255.348678,35.698226,61.782371,277.868416,68.955538,1.202278,0.638162,1.051376
northern-midlatitudes,total-region,2014-09,98.616412,247.477586,-17.764397,52.244386,270.537324,5.547328,1.202278,0.638162,1.051376
northern-midlatitudes,total-region,2014-10,79.630512,235.161974,-75.098898,43.125592,260.095858,-63.528384,1.202278,0.638162,1.051376
northern-midlatitudes,total-region,2014-11,62.895022,220.957670,-116.745584,35.300530,247.077757,-115.270987,1.202278,0.638162,1.051376
northern-midlatitudes,total-region,2014-12,54.638847,213.597850,-134.270246,31.474651,241.264331,-138.771335,1.202278,0.638162,1.051376
northern-midlatitudes,total-region,2015-01,61.656965,211.762463,-121.650527,37.065422,238.867315,-124.163760,1.202278,0.638162,1.051376
northern-midlatitudes,total-region,2015-02,84.560047,213.341830,-85.058750,49.416126,239.388784,-75.961687,1.202278,0.638162,1.051376
northern-midlatitudes,total-region,2015-03,107.971665,218.802212,-27.877488,62.559204,245.201149,-8.863982,1.202278,0.638162,1.051376
northern-midlatitudes,total-region,2015-04,129.484820,226.890668,30.429628,69.114105,252.681969,65.008479,1.202278,0.638162,1.051376
northern-midlatitudes,total-region,2015-05,143.911948,235.758958,71.621966,70.964281,261.964256,118.363869,1.202278,0.638162,1.051376
northern-midlatitudes,total-region,2015-06,149.092650,247.040339,82.782702,70.929865,271.973196,136.012337,1.202278,0.638162,1.051376
northern-midlatitudes,total-region,2015-07,138.162957,255.707933,69.815328,68.890627,278.435991,116.360361,1.202278,0.638162,1.051376
northern-midlatitudes,total-region,2015-08,118.497471,255.079992,35.479754,62.098744,277.552209,69.406127,1.202278,0.638162,1.051376
northern-midlatitudes,total-region,2015-09,98.880749,247.302737,-17.222697,51.979433,270.467019,6.514684,1.202278,0.638162,1.051376
northern-midlatitudes,total-region,2015-10,79.760201,233.887800,-73.243048,42.989541,259.795697,-62.380628,1.202278,0.638162,1.051376
northern-midlatitudes,total-region,2015-11,63.434482,222.546778,-118.438541,34.815320,248.951212,-116.224241,1.202278,0.638162,1.051376
northern-midlatitudes,total-region,2015-12,53.867394,214.766771,-134.603569,31.501362,243.255033,-140.725966,1.202278,0.638162,1.051376
northern-midlatitudes,total-region,2016-01,62.551984,209.168531,-120.316248,37.522105,237.607439,-123.724740,1.202278,0.638162,1.051376
northern-midlatitudes,total-region,2016-02,81.559902,215.002372,-83.051380,48.976530,241.442847,-76.908623,1.202278,0.638162,1.051376
northern-midlatitudes,total-region,2016-03,109.166602,219.151721,-27.226274,61.161114,245.960189,-6.028816,1.202278,0.638162,1.051376
northern-midlatitudes,total-region,2016-04,130.946379,225.837773,31.753358,68.468645,252.616936,67.451639,1.202278,0.638162,1.051376
northern-midlatitudes,total-region,2016-05,146.023011,235.317049,70.947517,70.715275,261.472568,120.100503,1.202278,0.638162,1.051376
northern-midlatitudes,total-region,2016-06,149.047331,247.014744,82.881706,70.474208,271.339027,137.130301,1.202278,0.638162,1.051376
northern-midlatitudes,total-region,2016-07,139.496879,256.165122,66.933546,68.255368,278.317286,116.024121,1.202278,0.638162,1.051376
northern-midlatitudes,total-region,2016-08,115.817648,256.842486,34.605995,60.296196,278.574680,68.395340,1.202278,0.638162,1.051376
northern-midlatitudes,total-region,2016-09,96.319782,248.421038,-17.997506,51.032964,271.117922,4.592799,1.202278,0.638162,1.051376
northern-midlatitudes,total-region,2016-10,80.295036,233.558759,-75.612727,43.481725,258.109508,-63.349844,1.202278,0.638162,1.051376
northern-midlatitudes,total-region,2016-11,61.741462,221.305237,-116.933424,35.133216,247.904498,-116.923723,1.202278,0.638162,1.051376
northern-midlatitudes,total-region,2016-12,54.462746,213.341053,-134.023864,32.000724,240.578096,-138.799160,1.202278,0.638162,1.051376
northern-midlatitudes,total-region,2017-01,62.595691,211.990069,-122.159568,37.686901,238.309073,-123.569988,1.202278,0.638162,1.051376
northern-midlatitudes,total-region,2017-02,83.146033,213.623076,-82.719238,50.260422,239.822856,-76.033310,1.202278,0.638162,1.051376
northern-midlatitudes,total-region,2017-03,109.701266,218.116815,-27.555035,62.169095,244.517709,-6.423611,1.202278,0.638162,1.051376
northern-midlatitudes,total-region,2017-04,130.815282,226.449441,30.641654,68.381606,252.503545,67.020914,1.202278,0.638162,1.051376
northern-midlatitudes,total-region,2017-05,144.878820,237.078695,69.940078,70.600429,262.356612,118.941246,1.202278,0.638162,1.051376
northern-midlatitudes,total-region,2017-06,149.061612,246.030567,83.773269,70.118141,271.333218,137.414012,1.202278,0.638162,1.051376
northern-midlatitudes,total-region,2017-07,136.051966,256.374777,70.402348,68.227233,278.543075,116.058479,1.202278,0.638162,1.051376
northern-midlatitudes,total-region,2017-08,119.113878,256.082529,32.562279,61.553301,277.815599,68.389446,1.202278,0.638162,1.051376
northern-midlatitudes,total-region,2017-09,98.802453,248.316673,-19.765019,52.849506,270.631568,3.872822,1.202278,0.638162,1.051376
northern-midlatitudes,total-region,2017-10,78.352747,236.785004,-76.232827,42.589438,260.064686,-63.749153,1.202278,0.638162,1.051376
northern-midlatitudes,total-region,2017-11,61.958345,222.239574,-117.656438,34.903267,247.987669,-116.349583,1.202278,0.638162,1.051376
northern-midlatitudes,total-region,2017-12,53.102847,212.377658,-131.644356,31.013622,240.438437,-137.614460,1.202278,0.638162,1.051376
northern-midlatitudes,total-region,2018-01,61.135943,210.670552,-119.741035,36.879620,237.468501,-122.282637,1.202278,0.638162,1.051376
northern-midlatitudes,total-region,2018-02,84.006143,211.859018,-82.490262,50.537122,237.609401,-74.771885,1.202278,0.638162,1.051376
northern-midlatitudes,total-region,2018-03,111.959042,217.006094,-29.452608,63.783059,244.797866,-9.067148,1.202278,0.638162,1.051376
northern-midlatitudes,total-region,2018-04,127.880871,227.052040,32.329574,71.421614,252.353133,63.487727,1.202278,0.638162,1.051376
northern-midlatitudes,total-region,2018-05,142.497690,237.642176,71.369597,71.688307,262.518701,117.303221,1.202278,0.638162,1.051376
northern-midlatitudes,total-region,2018-06,150.174351,247.659865,80.964367,70.907855,271.814815,136.075811,1.202278,0.638162,1.051376
northern-midlatitudes,total-region,2018-07,134.860407,257.814586,70.453912,68.174244,279.129652,115.825308,1.202278,0.638162,1.051376
northern-midlatitudes,total-region,2018-08,117.509922,256.958604,33.834171,62.130922,278.085708,68.086901,1.202278,0.638162,1.051376
northern-midlatitudes,total-region,2018-09,98.114471,247.125994,-17.165469,51.664125,269.769097,6.641928,1.202278,0.638162,1.051376
northern-midlatitudes,total-region,2018-10,78.393643,235.228438,-74.079781,42.497110,258.733929,-61.688438,1.202278,0.638162,1.051376
northern-midlatitudes,total-region,2018-11,63.590220,219.417780,-116.039399,35.360149,246.698668,-115.089617,1.202278,0.638162,1.051376
northern-midlatitudes,total-region,2018-12,54.526044,212.451572,-133.072923,31.543571,240.138662,-137.778812,1.202278,0.638162,1.051376
northern-midlatitudes,total-region,2019-01,61.996055,210.208652,-120.472064,37.052915,237.338137,-122.658164,1.202278,0.638162,1.051376
northern-midlatitudes,total-region,2019-02,85.209500,210.840735,-83.288671,51.630112,237.564664,-76.432559,1.202278,0.638162,1.051376
northern-midlatitudes,total-region,2019-03,107.394334,219.187657,-27.783969,63.245289,245.004678,-9.452119,1.202278,0.638162,1.051376
northern-midlatitudes,total-region,2019-04,130.367347,225.827900,30.417572,67.962421,252.276645,66.373846,1.202278,0.638162,1.051376
northern-midlatitudes,total-region,2019-05,144.740894,235.091610,71.261008,70.101428,261.039982,119.952131,1.202278,0.638162,1.051376
northern-midlatitudes,total-region,2019-06,149.676026,245.854045,83.181951,70.656021,270.754879,137.300430,1.202278,0.638162,1.051376
northern-midlatitudes,total-region,2019-07,138.316505,254.822908,70.229485,69.863612,277.341527,116.165009,1.202278,0.638162,1.051376
northern-midlatitudes,total-region,2019-08,118.057748,255.425305,35.326151,62.207767,277.475991,69.125549,1.202278,0.638162,1.051376
northern-midlatitudes,total-region,2019-09,95.512213,248.950189,-15.720583,52.313695,270.709553,5.719035,1.202278,0.638162,1.051376
northern-midlatitudes,total-region,2019-10,78.678065,236.094954,-74.571838,43.271968,259.864021,-62.934952,1.202278,0.638162,1.051376
northern-midlatitudes,total-region,2019-11,62.644695,221.157171,-116.386394,35.655911,247.757235,-115.997674,1.202278,0.638162,1.051376
northern-midlatitudes,total-region,2019-12,54.076618,213.787059,-133.883968,31.830044,241.700079,-139.551167,1.202278,0.638162,1.051376
northern-midlatitudes,total-region,2020-01,62.001195,212.484551,-123.086611,37.513783,239.132496,-125.246108,1.202278,0.638162,1.051376
northern-midlatitudes,total-region,2020-02,81.553506,215.286092,-83.326477,50.248319,241.595812,-78.330503,1.202278,0.638162,1.051376
northern-midlatitudes,total-region,2020-03,108.321821,220.915533,-28.141336,62.090186,246.265477,-7.259112,1.202278,0.638162,1.051376
northern-midlatitudes,total-region,2020-04,128.029365,228.159632,32.388049,68.579351,253.122872,66.874827,1.202278,0.638162,1.051376
northern-midlatitudes,total-region,2020-05,144.259204,236.080926,71.926032,70.370831,262.148270,119.746347,1.202278,0.638162,1.051376
northern-midlatitudes,total-region,2020-06,151.003079,246.813221,81.032000,71.148219,271.440719,136.259497,1.202278,0.638162,1.051376
northern-midlatitudes,total-region,2020-07,138.187559,255.785718,68.499523,68.300308,278.640876,115.531825,1.202278,0.638162,1.051376
northern-midlatitudes,total-region,2020-08,114.744911,256.570812,35.813125,60.815628,278.154182,68.159754,1.202278,0.638162,1.051376
northern-midlatitudes,total-region,2020-09,95.463017,249.619070,-18.494228,52.679505,271.371123,2.537350,1.202278,0.638162,1.051376
northern-midlatitudes,total-region,2020-10,76.977612,237.625113,-76.480140,43.225943,260.381038,-65.484691,1.202278,0.638162,1.051376
northern-midlatitudes,total-region,2020-11,60.527281,225.138648,-119.624859,35.212756,249.156285,-118.327395,1.202278,0.638162,1.051376
northern-midlatitudes,total-region,2020-12,52.939343,214.999701,-134.145732,31.571222,240.929027,-138.707034,1.202278,0.638162,1.051376
northern-midlatitudes,total-region,2021-01,61.821919,210.440483,-119.761755,36.993350,238.012417,-122.505336,1.202278,0.638162,1.051376
northern-midlatitudes,total-region,2021-02,82.431253,213.351303,-81.620879,50.683139,239.533016,-76.054817,1.202278,0.638162,1.051376
northern-midlatitudes,total-region,2021-03,108.790159,219.199723,-27.560624,62.099079,245.723479,-7.393726,1.202278,0.638162,1.051376
northern-midlatitudes,total-region,2021-04,130.129262,227.770033,30.133801,68.566854,252.801197,66.665096,1.202278,0.638162,1.051376
northern-midlatitudes,total-region,2021-05,144.985679,235.943851,71.046265,70.366354,262.029623,119.580678,1.202278,0.638162,1.051376
northern-midlatitudes,total-region,2021-06,146.024428,248.698881,84.195608,70.276499,272.565762,136.077496,1.202278,0.638162,1.051376
northern-midlatitudes,total-region,2021-07,134.180602,257.987617,70.725229,69.735949,279.229045,113.930420,1.202278,0.638162,1.051376
northern-midlatitudes,total-region,2021-08,117.682291,256.744938,33.350532,62.965882,278.175137,66.636336,1.202278,0.638162,1.051376
northern-midlatitudes,total-region,2021-09,96.574052,249.034496,-18.256913,52.052998,271.603149,3.694786,1.202278,0.638162,1.051376
northern-midlatitudes,total-region,2021-10,76.156409,237.557047,-74.873818,42.461041,260.155916,-63.777149,1.202278,0.638162,1.051376
northern-midlatitudes,total-region,2021-11,60.767881,222.392860,-116.642505,34.893055,248.882733,-117.257327,1.202278,0.638162,1.051376
northern-midlatitudes,total-region,2021-12,52.667190,216.152849,-134.942158,31.363835,242.049406,-139.534845,1.202278,0.638162,1.051376
northern-midlatitudes,total-region,2022-01,60.770869,212.589896,-121.169864,37.605894,238.250055,-123.664922,1.202278,0.638162,1.051376
northern-midlatitudes,total-region,2022-02,81.747133,214.096807,-82.214091,50.912622,239.461271,-76.743891,1.202278,0.638162,1.051376
northern-midlatitudes,total-region,2022-03,108.101737,218.250893,-26.512190,63.032096,244.876299,-8.067657,1.202278,0.638162,1.051376
northern-midlatitudes,total-region,2022-04,127.956054,227.459983,32.246125,69.974844,253.325371,64.361815,1.202278,0.638162,1.051376
northern-midlatitudes,total-region,2022-05,143.268873,237.289942,71.371914,70.641596,262.442526,118.845987,1.202278,0.638162,1.051376
northern-midlatitudes,total-region,2022-06,146.341012,249.027959,83.827609,70.539081,272.484596,136.172301,1.202278,0.638162,1.051376
northern-midlatitudes,total-region,2022-07,136.065243,257.849607,69.480373,68.520055,279.642563,115.233531,1.202278,0.638162,1.051376
northern-midlatitudes,total-region,2022-08,115.321132,257.381598,35.787204,60.597284,278.937417,68.954905,1.202278,0.638162,1.051376
northern-midlatitudes,total-region,2022-09,94.399456,250.356126,-16.527917,51.999847,272.196106,4.032315,1.202278,0.638162,1.051376
northern-midlatitudes,total-region,2022-10,76.024137,237.608075,-73.987829,42.602741,260.792782,-63.750892,1.202278,0.638162,1.051376
northern-midlatitudes,total-region,2022-11,62.234084,221.661218,-116.854552,35.214627,248.523813,-116.697580,1.202278,0.638162,1.051376
northern-midlatitudes,total-region,2022-12,53.748908,213.337737,-133.113056,31.506536,240.257117,-137.789978,1.202278,0.638162,1.051376
northern-midlatitudes,total-region,2023-01,60.508472,212.781110,-121.392641,36.749932,239.171785,-124.024629,1.202278,0.638162,1.051376
northern-midlatitudes,total-region,2023-02,82.301544,214.041642,-83.294699,50.677418,239.809001,-77.437888,1.202278,0.638162,1.051376
northern-midlatitudes,total-region,2023-03,107.303981,219.753846,-27.795296,62.730871,245.430038,-8.898194,1.202278,0.638162,1.051376
northern-midlatitudes,total-region,2023-04,128.769832,227.119133,31.301947,69.712393,252.483746,64.994902,1.202278,0.638162,1.051376
northern-midlatitudes,total-region,2023-05,142.928440,236.927405,71.704036,71.652802,261.891577,118.015810,1.202278,0.638162,1.051376
northern-midlatitudes,total-region,2023-06,145.980685,247.601973,85.653799,71.650634,271.873581,135.711621,1.202278,0.638162,1.051376
northern-midlatitudes,total-region,2023-07,133.773537,257.082888,72.815348,69.579897,279.245937,114.846964,1.202278,0.638162,1.051376
northern-midlatitudes,total-region,2023-08,115.309346,257.587815,36.273342,61.395145,278.991683,68.784043,1.202278,0.638162,1.051376
northern-midlatitudes,total-region,2023-09,93.292395,251.282842,-15.559522,52.301037,272.953939,3.761062,1.202278,0.638162,1.051376
northern-midlatitudes,total-region,2023-10,77.929406,236.574395,-74.073964,42.332167,261.232749,-63.135103,1.202278,0.638162,1.051376
northern-midlatitudes,total-region,2023-11,60.959795,223.111791,-116.527203,34.786525,249.904919,-117.146908,1.202278,0.638162,1.051376
northern-midlatitudes,total-region,2023-12,52.743696,214.082274,-132.721896,30.849795,242.748580,-139.494222,1.202278,0.638162,1.051376
northern-midlatitudes,total-region,2024-01,61.249534,211.143335,-120.792158,36.610110,238.923553,-123.932684,1.202278,0.638162,1.051376
northern-midlatitudes,total-region,2024-02,83.521640,212.393324,-82.148591,49.758473,239.901614,-75.893303,1.202278,0.638162,1.051376
northern-midlatitudes,total-region,2024-03,108.623798,218.757457,-25.863462,61.872892,245.385088,-5.739195,1.202278,0.638162,1.051376
northern-midlatitudes,total-region,2024-04,128.807995,228.295206,32.028025,66.790250,254.185192,68.156275,1.202278,0.638162,1.051376
northern-midlatitudes,total-region,2024-05,142.944011,238.479205,71.333681,69.610205,262.863428,120.282529,1.202278,0.638162,1.051376
northern-midlatitudes,total-region,2024-06,147.233246,248.230662,83.889902,69.905389,272.569080,136.878575,1.202278,0.638162,1.051376
northern-midlatitudes,total-region,2024-07,134.100327,257.408061,71.447805,68.877985,279.454075,114.625477,1.202278,0.638162,1.051376
northern-midlatitudes,total-region,2024-08,111.802836,259.172209,36.345362,61.106906,279.515456,66.697344,1.202278,0.638162,1.051376
northern-midlatitudes,total-region,2024-09,94.041858,250.612098,-17.713640,51.240549,272.519925,3.180060,1.202278,0.638162,1.051376
northern-midlatitudes,total-region,2024-10,75.878294,237.908227,-75.561758,42.530558,261.369131,-65.674941,1.202278,0.638162,1.051376
northern-midlatitudes,total-region,2024-11,60.861720,224.863583,-119.584117,34.224096,250.008622,-118.091043,1.202278,0.638162,1.051376
northern-midlatitudes,total-region,2024-12,52.311913,215.486476,-133.890794,31.066015,242.284682,-139.443566,1.202278,0.638162,1.051376
northern-midlatitudes,total-region,2025-01,59.794239,213.600192,-120.719498,36.123369,239.861464,-123.309157,1.202278,0.638162,1.051376
northern-midlatitudes,total-region,2025-02,81.693001,214.791720,-82.056767,50.357524,239.389954,-75.319623,1.202278,0.638162,1.051376
northern-midlatitudes,total-region,2025-03,106.784863,220.965403,-26.895447,61.553456,246.072433,-6.771076,1.202278,0.638162,1.051376
northern-midlatitudes,total-region,2025-04,128.644564,229.075656,30.792357,68.005147,254.475169,66.031720,1.202278,0.638162,1.051376
northern-midlatitudes,total-region,2025-05,143.735286,237.935411,70.710644,71.169026,263.160732,118.051642,1.202278,0.638162,1.051376
northern-midlatitudes,total-region,2025-06,145.160305,251.181428,82.976803,72.506189,273.483566,133.330726,1.202278,0.638162,1.051376
northern-midlatitudes,total-region,2025-07,132.775227,258.298548,72.163183,68.394784,279.440192,115.400374,1.202278,0.638162,1.051376
northern-midlatitudes,total-region,2025-08,115.346813,257.403543,35.228561,61.340019,278.947481,67.691607,1.202278,0.638162,1.051376
northern-midlatitudes,total-region,2025-09,94.655427,249.675740,-16.872474,51.300528,271.923243,4.234645,1.202278,0.638162,1.051376
northern-midlatitudes,total-region,2025-10,77.651592,236.421316,-75.186904,41.986131,260.166816,-63.267275,1.202278,0.638162,1.051376
northern-midlatitudes,total-region,2025-11,59.193609,224.380109,-116.998420,34.200124,250.011855,-117.637110,1.202278,0.638162,1.051376
northern-midlatitudes,total-region,2025-12,53.828055,213.342529,-133.262233,31.025307,241.234154,-138.351408,1.202278,0.638162,1.051376
northern-midlatitudes,total-region,2026-01,61.110667,211.238895,-120.079775,37.293476,237.952861,-122.976108,1.202278,0.638162,1.051376
northern-midlatitudes,total-region,2026-02,81.532109,214.373851,-82.187475,49.694505,241.006007,-76.982273,1.202278,0.638162,1.051376
northern-midlatitudes,total-region,2026-03,107.498806,220.379599,-27.922565,61.350748,245.536842,-6.932464,1.202278,0.638162,1.051376
northern-midlatitudes,total-region,2026-04,131.141285,227.119273,29.458022,68.967672,252.768443,65.982245,1.202278,0.638162,1.051376
northern-midlatitudes,total-region,2026-05,142.851348,237.008022,72.116927,70.885072,262.128753,118.962025,1.202278,0.638162,1.051376
southern-extratropics,cloud-free-area,2000-03,101.989134,234.593016,-24.704774,47.444947,261.001789,3.429911,0.860981,0.473517,0.753494
southern-extratropics,cloud-free-area,2000-04,70.607066,228.269279,-80.185761,33.978237,255.642623,-70.930719,0.860981,0.473517,0.753494
southern-extratropics,cloud-free-area,2000-05,50.313605,224.000003,-118.670836,25.056775,250.724999,-120.139236,0.860981,0.473517,0.753494
southern-extratropics,cloud-free-area,2000-06,42.597939,220.246183,-132.988777,21.905678,247.407883,-139.458099,0.860981,0.473517,0.753494
southern-extratropics,cloud-free-area,2000-07,46.196017,219.066323,-123.364093,24.058007,245.562771,-127.722898,0.860981,0.473517,0.753494
southern-extratropics,cloud-free-area,2000-08,62.005487,220.551151,-90.739129,33.179114,246.855619,-88.216232,0.860981,0.473517,0.753494
southern-extratropics,cloud-free-area,2000-09,91.963337,222.386734,-40.772431,47.215060,248.870984,-22.507123,0.860981,0.473517,0.753494
southern-extratropics,cloud-free-area,2000-10,131.930157,226.157127,15.510183,68.539871,252.864749,52.193088,0.860981,0.473517,0.753494
southern-extratropics,cloud-free-area,2000-11,165.520719,230.852917,66.922584,88.817231,257.924420,116.554944,0.860981,0.473517,0.753494
southern-extratropics,cloud-free-area,2000-12,177.849653,236.400352,94.034846,93.260260,262.839794,152.186467,0.860981,0.473517,0.753494
southern-extratropics,cloud-free-area,2001-01,161.830834,239.844755,84.901799,82.673325,265.260735,138.644125,0.860981,0.473517,0.753494
southern-extratropics,cloud-free-area,2001-02,137.021842,237.985105,36.584842,66.019414,264.789687,80.782869,0.860981,0.473517,0.753494
southern-extratropics,cloud-free-area,2001-03,100.432861,234.428288,-22.120140,47.969685,261.227998,3.543382,0.860981,0.473517,0.753494
southern-extratropics,cloud-free-area,2001-04,70.955814,229.079563,-80.747060,33.979200,255.962989,-70.654598,0.860981,0.473517,0.753494
southern-extratropics,cloud-free-area,2001-05,50.262916,223.876364,-118.103165,25.133192,250.827977,-119.924710,0.860981,0.473517,0.753494
southern-extratropics,cloud-free-area,2001-06,42.000423,221.613574,-133.687236,22.114766,248.802286,-140.990198,0.860981,0.473517,0.753494
southern-extratropics,cloud-free-area,2001-07,46.081874,218.977969,-123.362402,23.891457,245.379311,-127.572680,0.860981,0.473517,0.753494
southern-extratropics,cloud-free-area,2001-08,61.752880,220.799678,-91.311557,31.724493,246.653744,-87.137044,0.860981,0.473517,0.753494
southern-extratropics,cloud-free-area,2001-09,92.370127,221.296705,-40.865427,46.414374,248.597173,-22.209837,0.860981,0.473517,0.753494
southern-extratropics,cloud-free-area,2001-10,133.455685,224.157653,15.078260,67.479472,252.656573,52.555772,0.860981,0.473517,0.753494
southern-extratropics,cloud-free-area,2001-11,164.862251,231.106537,66.620081,86.950436,257.692814,117.945416,0.860981,0.473517,0.753494
southern-extratropics,cloud-free-area,2001-12,180.687717,236.675253,90.741946,92.208641,262.800373,153.096794,0.860981,0.473517,0.753494
southern-extratropics,cloud-free-area,2002-01,167.939644,239.148739,80.051016,81.370394,265.880195,139.889558,0.860981,0.473517,0.753494
southern-extratropics,cloud-free-area,2002-02,139.645414,237.868272,34.932514,65.082918,264.349649,83.013194,0.860981,0.473517,0.753494
southern-extratropics,cloud-free-area,2002-03,101.659844,235.126086,-23.070373,48.766113,262.161470,2.787485,0.860981,0.473517,0.753494
southern-extratropics,cloud-free-area,2002-04,70.336211,229.855430,-80.217914,33.240842,256.141849,-69.409325,0.860981,0.473517,0.753494
southern-extratropics,cloud-free-area,2002-05,50.145072,224.448077,-118.200272,25.063171,251.825335,-120.495716,0.860981,0.473517,0.753494
southern-extratropics,cloud-free-area,2002-06,42.514125,221.785294,-134.294965,21.896351,248.776244,-140.668127,0.860981,0.473517,0.753494
southern-extratropics,cloud-free-area,2002-07,45.804419,220.109814,-124.523071,23.621250,246.778543,-129.008819,0.860981,0.473517,0.753494
southern-extratropics,cloud-free-area,2002-08,61.337450,222.723364,-93.387074,32.048530,247.952086,-89.327029,0.860981,0.473517,0.753494
southern-extratropics,cloud-free-area,2002-09,89.435218,224.753505,-42.100048,45.543977,250.278238,-23.732694,0.860981,0.473517,0.753494
southern-extratropics,cloud-free-area,2002-10,127.776563,227.281185,16.756710,66.643057,253.229450,51.941754,0.860981,0.473517,0.753494
southern-extratropics,cloud-free-area,2002-11,164.340088,231.832640,65.778606,87.163320,258.246369,116.542870,0.860981,0.473517,0.753494
southern-extratropics,cloud-free-area,2002-12,179.438206,236.037966,92.521346,93.059318,262.382605,152.557870,0.860981,0.473517,0.753494
southern-extratropics,cloud-free-area,2003-01,165.654539,238.951033,82.792875,83.345890,265.362865,138.691587,0.860981,0.473517,0.753494
southern-extratropics,cloud-free-area,2003-02,135.071727,239.550931,38.447505,66.481246,264.980685,81.607174,0.860981,0.473517,0.753494
southern-extratropics,cloud-free-area,2003-03,100.905737,235.123680,-21.696726,47.216530,261.074486,6.040781,0.860981,0.473517,0.753494
southern-extratropics,cloud-free-area,2003-04,70.270336,228.059348,-77.770026,33.420811,255.335659,-68.196730,0.860981,0.473517,0.753494
southern-extratropics,cloud-free-area,2003-05,50.736277,223.160836,-117.194926,25.254335,251.313985,-119.866472,0.860981,0.473517,0.753494
southern-extratropics,cloud-free-area,2003-06,42.328428,220.217758,-132.554087,21.992875,247.196308,-139.196903,0.860981,0.473517,0.753494
southern-extratropics,cloud-free-area,2003-07,44.935269,220.393717,-124.182238,23.625621,246.437799,-128.916239,0.860981,0.473517,0.753494
southern-extratropics,cloud-free-area,2003-08,61.803216,219.323481,-90.983155,31.241830,246.038993,-87.137898,0.860981,0.473517,0.753494
southern-extratropics,cloud-free-area,2003-09,90.581851,222.664193,-41.920656,45.814440,248.692884,-23.182733,0.860981,0.473517,0.753494
southern-extratropics,cloud-free-area,2003-10,129.988650,226.492968,14.225172,66.803374,252.635014,51.267593,0.860981,0.473517,0.753494
southern-extratropics,cloud-free-area,2003-11,163.943286,231.511118,65.809876,87.162715,257.433096,116.668184,0.860981,0.473517,0.753494
southern-extratropics,cloud-free-area,2003-12,177.188789,237.214540,93.281961,92.675162,262.785209,152.224656,0.860981,0.473517,0.753494
southern-extratropics,cloud-free-area,2004-01,166.809114,239.825680,80.949799,82.542806,265.090456,139.951775,0.860981,0.473517,0.753494
southern-extratropics,cloud-free-area,2004-02,134.743665,238.782675,38.492029,65.433018,264.628060,81.956963,0.860981,0.473517,0.753494
southern-extratropics,cloud-free-area,2004-03,101.340281,234.640388,-24.217957,46.825223,261.177824,3.758687,0.860981,0.473517,0.753494
southern-extratropics,cloud-free-area,2004-04,69.220604,229.318910,-79.996575,33.107612,255.571042,-70.135695,0.860981,0.473517,0.753494
southern-extratropics,cloud-free-area,2004-05,50.390270,222.246651,-117.078683,24.851356,249.987242,-119.280539,0.860981,0.473517,0.753494
southern-extratropics,cloud-free-area,2004-06,42.193912,221.485237,-133.871855,21.723976,248.727860,-140.644354,0.860981,0.473517,0.753494
southern-extratropics,cloud-free-area,2004-07,46.176102,219.839766,-124.170327,23.564161,245.707567,-127.425215,0.860981,0.473517,0.753494
southern-extratropics,cloud-free-area,2004-08,61.621196,220.597322,-90.479710,31.437985,246.308874,-86.008743,0.860981,0.473517,0.753494
southern-extratropics,cloud-free-area,2004-09,91.366060,222.743530,-40.494375,46.486608,248.966830,-21.838877,0.860981,0.473517,0.753494
southern-extratropics,cloud-free-area,2004-10,130.606955,227.189302,15.621399,72.110350,253.837086,47.469422,0.860981,0.473517,0.753494
southern-extratropics,cloud-free-area,2004-11,165.290091,230.655451,67.122111,87.657834,257.184683,118.227178,0.860981,0.473517,0.753494
southern-extratropics,cloud-free-area,2004-12,177.220763,236.536474,94.228789,91.645799,262.276960,154.064646,0.860981,0.473517,0.753494
southern-extratropics,cloud-free-area,2005-01,165.495626,239.479814,81.129563,81.742811,265.366833,138.994882,0.860981,0.473517,0.753494
southern-extratropics,cloud-free-area,2005-02,136.529758,238.258348,36.410872,65.173543,264.270106,81.754713,0.860981,0.473517,0.753494
southern-extratropics,cloud-free-area,2005-03,102.285469,232.146615,-21.906701,47.458641,260.376614,4.689675,0.860981,0.473517,0.753494
southern-extratropics,cloud-free-area,2005-04,70.324253,227.843456,-79.028424,33.492872,255.710320,-70.063579,0.860981,0.473517,0.753494
southern-extratropics,cloud-free-area,2005-05,50.373886,222.363559,-116.852579,25.270172,250.677832,-120.062748,0.860981,0.473517,0.753494
southern-extratropics,cloud-free-area,2005-06,42.287750,221.144915,-133.589496,21.901356,247.716551,-139.774355,0.860981,0.473517,0.753494
southern-extratropics,cloud-free-area,2005-07,44.858738,221.345348,-124.579113,23.774166,247.021120,-129.170543,0.860981,0.473517,0.753494
southern-extratropics,cloud-free-area,2005-08,61.984537,220.750975,-91.512624,31.351690,246.946484,-87.075513,0.860981,0.473517,0.753494
southern-extratropics,cloud-free-area,2005-09,92.240383,222.306514,-41.736336,47.064708,248.730302,-22.984861,0.860981,0.473517,0.753494
southern-extratropics,cloud-free-area,2005-10,130.888308,226.702784,14.995419,67.541906,253.163957,51.879616,0.860981,0.473517,0.753494
southern-extratropics,cloud-free-area,2005-11,164.704466,231.325600,66.382686,87.814794,257.734327,116.863901,0.860981,0.473517,0.753494
southern-extratropics,cloud-free-area,2005-12,175.859239,237.008405,94.880207,91.749810,262.850927,153.147611,0.860981,0.473517,0.753494
southern-extratropics,cloud-free-area,2006-01,164.574867,240.141774,81.877639,81.154152,265.921805,139.518603,0.860981,0.473517,0.753494
southern-extratropics,cloud-free-area,2006-02,136.043621,238.219374,37.682120,64.923491,264.251275,82.768643,0.860981,0.473517,0.753494
southern-extratropics,cloud-free-area,2006-03,101.897171,233.997194,-22.568848,46.907801,261.011585,5.406558,0.860981,0.473517,0.753494
southern-extratropics,cloud-free-area,2006-04,70.479913,228.532873,-79.237296,33.216915,255.670790,-69.112022,0.860981,0.473517,0.753494
southern-extratropics,cloud-free-area,2006-05,50.450993,222.383843,-116.553372,25.086713,250.099384,-118.903959,0.860981,0.473517,0.753494
southern-extratropics,cloud-free-area,2006-06,41.241445,221.947269,-133.270098,21.799484,248.125705,-140.005843,0.860981,0.473517,0.753494
southern-extratropics,cloud-free-area,2006-07,45.371587,220.064612,-124.050999,23.716666,246.113690,-128.445025,0.860981,0.473517,0.753494
southern-extratropics,cloud-free-area,2006-08,61.693921,221.041155,-92.082613,31.498913,247.260450,-88.106968,0.860981,0.473517,0.753494
southern-extratropics,cloud-free-area,2006-09,90.346988,222.788664,-41.083929,46.388738,248.573976,-22.910693,0.860981,0.473517,0.753494
southern-extratropics,cloud-free-area,2006-10,131.088714,226.236079,14.398851,67.823631,252.554339,51.346081,0.860981,0.473517,0.753494
southern-extratropics,cloud-free-area,2006-11,163.852967,231.633745,66.252273,87.305906,257.674256,116.759939,0.860981,0.473517,0.753494
southern-extratropics,cloud-free-area,2006-12,176.749617,236.144016,94.671001,91.992351,262.165141,153.407011,0.860981,0.473517,0.753494
southern-extratropics,cloud-free-area,2007-01,165.397067,239.716603,81.845194,82.284002,265.653640,139.021765,0.860981,0.473517,0.753494
southern-extratropics,cloud-free-area,2007-02,136.332675,237.936994,38.398118,65.675559,263.695300,83.297545,0.860981,0.473517,0.753494
southern-extratropics,cloud-free-area,2007-03,100.961517,234.911096,-21.727227,47.646985,261.254644,5.243489,0.860981,0.473517,0.753494
southern-extratropics,cloud-free-area,2007-04,69.793201,228.347092,-77.728132,33.561785,255.384516,-68.533028,0.860981,0.473517,0.753494
southern-extratropics,cloud-free-area,2007-05,49.897812,223.763478,-117.055771,25.310306,251.180811,-119.885207,0.860981,0.473517,0.753494
southern-extratropics,cloud-free-area,2007-06,42.379529,219.030793,-131.446031,21.946960,247.336262,-139.318280,0.860981,0.473517,0.753494
southern-extratropics,cloud-free-area,2007-07,45.010737,220.078414,-123.956719,23.703238,246.279035,-128.850347,0.860981,0.473517,0.753494
southern-extratropics,cloud-free-area,2007-08,60.798902,222.016868,-92.684757,31.379335,247.036657,-88.284504,0.860981,0.473517,0.753494
southern-extratropics,cloud-free-area,2007-09,89.946908,224.532220,-43.213961,46.832262,249.083136,-24.650285,0.860981,0.473517,0.753494
southern-extratropics,cloud-free-area,2007-10,128.806440,227.359458,14.726089,67.636529,252.702044,50.552756,0.860981,0.473517,0.753494
southern-extratropics,cloud-free-area,2007-11,164.578118,232.088919,64.524665,88.312483,257.474706,115.404949,0.860981,0.473517,0.753494
southern-extratropics,cloud-free-area,2007-12,180.787103,236.177912,90.516915,94.170454,262.210015,151.102497,0.860981,0.473517,0.753494
southern-extratropics,cloud-free-area,2008-01,165.816164,240.056243,81.547355,83.165551,265.089152,139.165400,0.860981,0.473517,0.753494
southern-extratropics,cloud-free-area,2008-02,136.843956,237.947404,37.016107,65.701459,263.749392,82.355485,0.860981,0.473517,0.753494
southern-extratropics,cloud-free-area,2008-03,99.894714,234.209708,-22.538563,47.453188,260.227770,3.885139,0.860981,0.473517,0.753494
southern-extratropics,cloud-free-area,2008-04,69.608126,228.260867,-79.476445,33.532611,255.131050,-70.269440,0.860981,0.473517,0.753494
southern-extratropics,cloud-free-area,2008-05,49.702862,222.960897,-117.185631,25.292469,250.156277,-119.969334,0.860981,0.473517,0.753494
southern-extratropics,cloud-free-area,2008-06,41.871687,219.782210,-131.883195,21.905661,247.036604,-139.171151,0.860981,0.473517,0.753494
southern-extratropics,cloud-free-area,2008-07,44.974767,219.797825,-122.895878,23.707183,246.141264,-127.972444,0.860981,0.473517,0.753494
southern-extratropics,cloud-free-area,2008-08,61.006732,219.867574,-89.099153,31.545017,245.562048,-85.331743,0.860981,0.473517,0.753494
southern-extratropics,cloud-free-area,2008-09,92.393787,221.655076,-40.450355,46.368168,248.467716,-21.237435,0.860981,0.473517,0.753494
southern-extratropics,cloud-free-area,2008-10,129.530969,226.685155,17.152040,68.145393,252.519719,52.703625,0.860981,0.473517,0.753494
southern-extratropics,cloud-free-area,2008-11,167.277933,230.554155,65.164946,88.233252,257.276665,117.488004,0.860981,0.473517,0.753494
southern-extratropics,cloud-free-area,2008-12,176.920688,236.398010,94.487708,92.668638,262.330350,152.808454,0.860981,0.473517,0.753494
southern-extratropics,cloud-free-area,2009-01,165.602562,239.270861,81.176160,82.289571,265.306558,138.453882,0.860981,0.473517,0.753494
southern-extratropics,cloud-free-area,2009-02,134.863096,238.622155,37.564556,65.166828,264.022115,81.860582,0.860981,0.473517,0.753494
southern-extratropics,cloud-free-area,2009-03,100.682126,233.674465,-21.970483,47.238974,260.358250,4.789088,0.860981,0.473517,0.753494
southern-extratropics,cloud-free-area,2009-04,69.481443,228.958361,-79.409609,33.569177,255.339348,-69.878700,0.860981,0.473517,0.753494
southern-extratropics,cloud-free-area,2009-05,50.075312,223.213674,-117.446035,25.107953,250.871483,-120.135540,0.860981,0.473517,0.753494
southern-extratropics,cloud-free-area,2009-06,42.343950,219.383325,-131.889788,21.759918,247.011555,-138.933722,0.860981,0.473517,0.753494
southern-extratropics,cloud-free-area,2009-07,45.743078,219.997984,-124.093857,23.653631,246.648778,-128.655390,0.860981,0.473517,0.753494
southern-extratropics,cloud-free-area,2009-08,61.428884,220.125516,-90.297123,31.385363,246.588786,-86.717678,0.860981,0.473517,0.753494
southern-extratropics,cloud-free-area,2009-09,92.751174,222.059088,-41.946995,46.679835,248.448788,-22.265305,0.860981,0.473517,0.753494
southern-extratropics,cloud-free-area,2009-10,130.548457,226.353548,15.666694,67.715865,252.469476,52.382636,0.860981,0.473517,0.753494
southern-extratropics,cloud-free-area,2009-11,165.916112,231.338377,65.149978,87.374215,257.641314,117.390726,0.860981,0.473517,0.753494
southern-extratropics,cloud-free-area,2009-12,178.164785,236.045995,93.458422,91.809326,262.284373,153.574808,0.860981,0.473517,0.753494
southern-extratropics,cloud-free-area,2010-01,166.419736,239.846329,80.221135,82.515585,265.718009,138.254619,0.860981,0.473517,0.753494
southern-extratropics,cloud-free-area,2010-02,135.619609,238.693043,37.569292,65.328075,264.380061,82.173083,0.860981,0.473517,0.753494
southern-extratropics,cloud-free-area,2010-03,101.764463,234.172304,-22.673825,47.186619,260.909454,5.166123,0.860981,0.473517,0.753494
southern-extratropics,cloud-free-area,2010-04,70.340558,226.967447,-77.578077,33.275004,254.945013,-68.489407,0.860981,0.473517,0.753494
southern-extratropics,cloud-free-area,2010-05,50.246235,222.755434,-116.768878,25.204463,250.328071,-119.299032,0.860981,0.473517,0.753494
southern-extratropics,cloud-free-area,2010-06,42.316845,219.192608,-131.593654,21.845680,246.789260,-138.719623,0.860981,0.473517,0.753494
southern-extratropics,cloud-free-area,2010-07,45.237261,220.817576,-124.616494,23.575627,246.108006,-128.245768,0.860981,0.473517,0.753494
southern-extratropics,cloud-free-area,2010-08,60.769804,222.310582,-92.317488,31.320315,246.829138,-87.387573,0.860981,0.473517,0.753494
southern-extratropics,cloud-free-area,2010-09,90.976816,223.186866,-42.003496,45.668664,248.750403,-22.259755,0.860981,0.473517,0.753494
southern-extratropics,cloud-free-area,2010-10,131.574963,225.875297,14.357634,67.312036,252.270883,52.224097,0.860981,0.473517,0.753494
southern-extratropics,cloud-free-area,2010-11,167.383877,231.024512,63.475009,88.001561,257.342288,116.539027,0.860981,0.473517,0.753494
southern-extratropics,cloud-free-area,2010-12,180.340133,236.845861,90.434781,93.245266,262.339298,152.036205,0.860981,0.473517,0.753494
southern-extratropics,cloud-free-area,2011-01,165.796128,240.175217,80.993596,82.068529,265.652188,139.243494,0.860981,0.473517,0.753494
southern-extratropics,cloud-free-area,2011-02,137.003792,239.798884,35.844743,65.222782,264.838406,82.586531,0.860981,0.473517,0.753494
southern-extratropics,cloud-free-area,2011-03,100.816151,235.400656,-22.130564,47.125748,261.132771,5.828302,0.860981,0.473517,0.753494
southern-extratropics,cloud-free-area,2011-04,70.663113,228.406421,-78.644158,33.227367,255.449465,-68.249284,0.860981,0.473517,0.753494
southern-extratropics,cloud-free-area,2011-05,50.379032,222.537555,-116.287308,24.959895,250.121305,-118.451050,0.860981,0.473517,0.753494
southern-extratropics,cloud-free-area,2011-06,42.932570,219.013104,-131.941910,22.064592,247.076600,-139.137243,0.860981,0.473517,0.753494
southern-extratropics,cloud-free-area,2011-07,45.135775,220.104291,-124.037385,23.761880,246.544267,-129.102815,0.860981,0.473517,0.753494
southern-extratropics,cloud-free-area,2011-08,60.528774,221.633105,-91.923138,31.275232,246.959572,-87.996836,0.860981,0.473517,0.753494
southern-extratropics,cloud-free-area,2011-09,88.344558,224.382102,-41.315546,46.256707,248.762299,-23.607353,0.860981,0.473517,0.753494
southern-extratropics,cloud-free-area,2011-10,128.894717,225.233047,16.967678,67.519773,251.824142,51.751922,0.860981,0.473517,0.753494
southern-extratropics,cloud-free-area,2011-11,163.468797,232.073447,65.914472,87.158281,257.615114,116.684062,0.860981,0.473517,0.753494
southern-extratropics,cloud-free-area,2011-12,181.466417,235.739468,90.527053,93.228517,261.838377,152.666268,0.860981,0.473517,0.753494
southern-extratropics,cloud-free-area,2012-01,167.128667,238.044605,82.377112,82.954493,264.513475,140.080466,0.860981,0.473517,0.753494
southern-extratropics,cloud-free-area,2012-02,134.159951,237.852048,39.891119,65.720352,263.610146,82.570636,0.860981,0.473517,0.753494
southern-extratropics,cloud-free-area,2012-03,101.363972,233.913602,-23.686185,46.681376,260.685764,4.223614,0.860981,0.473517,0.753494
southern-extratropics,cloud-free-area,2012-04,70.475599,228.001678,-80.061578,33.018509,255.050107,-69.652806,0.860981,0.473517,0.753494
southern-extratropics,cloud-free-area,2012-05,48.900097,223.675496,-117.086521,24.873827,250.666332,-120.049806,0.860981,0.473517,0.753494
southern-extratropics,cloud-free-area,2012-06,42.392655,220.457209,-133.026272,21.758574,247.375941,-139.310497,0.860981,0.473517,0.753494
southern-extratropics,cloud-free-area,2012-07,45.239648,219.370273,-122.662238,23.683585,245.416677,-127.152480,0.860981,0.473517,0.753494
southern-extratropics,cloud-free-area,2012-08,61.062674,220.903573,-90.016782,31.340062,246.462729,-85.853362,0.860981,0.473517,0.753494
southern-extratropics,cloud-free-area,2012-09,91.927897,223.353467,-41.420504,46.541632,249.170439,-21.851188,0.860981,0.473517,0.753494
southern-extratropics,cloud-free-area,2012-10,128.698113,227.970871,16.967662,67.765964,253.151550,52.718992,0.860981,0.473517,0.753494
southern-extratropics,cloud-free-area,2012-11,163.802906,231.434828,68.040102,87.900933,257.582599,117.795402,0.860981,0.473517,0.753494
southern-extratropics,cloud-free-area,2012-12,177.512192,237.121472,93.395634,92.265560,262.573469,153.191140,0.860981,0.473517,0.753494
southern-extratropics,cloud-free-area,2013-01,165.673742,240.912686,79.559094,82.099975,265.974464,138.071969,0.860981,0.473517,0.753494
southern-extratropics,cloud-free-area,2013-02,136.129887,238.271678,36.701170,65.425133,264.112019,81.564755,0.860981,0.473517,0.753494
southern-extratropics,cloud-free-area,2013-03,100.674317,233.822103,-22.084466,46.931016,260.037335,5.444094,0.860981,0.473517,0.753494
southern-extratropics,cloud-free-area,2013-04,69.555082,228.167909,-78.706358,33.094057,255.226966,-69.303790,0.860981,0.473517,0.753494
southern-extratropics,cloud-free-area,2013-05,49.575737,223.145055,-116.854963,24.874863,250.730474,-119.738708,0.860981,0.473517,0.753494
southern-extratropics,cloud-free-area,2013-06,42.583774,220.391110,-133.078368,21.763531,247.936765,-139.803348,0.860981,0.473517,0.753494
southern-extratropics,cloud-free-area,2013-07,45.580498,220.002520,-123.818910,23.512334,246.189565,-127.937185,0.860981,0.473517,0.753494
southern-extratropics,cloud-free-area,2013-08,60.775626,222.212617,-91.551920,31.289795,246.974020,-86.827509,0.860981,0.473517,0.753494
southern-extratropics,cloud-free-area,2013-09,90.635028,223.837244,-41.347597,46.539730,249.576089,-22.991152,0.860981,0.473517,0.753494
southern-extratropics,cloud-free-area,2013-10,129.445856,227.967718,15.385417,68.121376,253.050562,51.626496,0.860981,0.473517,0.753494
southern-extratropics,cloud-free-area,2013-11,165.547024,232.237252,64.848146,88.896088,258.123978,115.612477,0.860981,0.473517,0.753494
southern-extratropics,cloud-free-area,2013-12,178.224283,236.911013,92.817103,93.273087,262.597998,152.082638,0.860981,0.473517,0.753494
southern-extratropics,cloud-free-area,2014-01,166.218912,240.670327,79.685784,83.244365,265.857364,137.472048,0.860981,0.473517,0.753494
southern-extratropics,cloud-free-area,2014-02,136.502416,238.838723,36.458869,65.951285,264.394573,81.453285,0.860981,0.473517,0.753494
southern-extratropics,cloud-free-area,2014-03,101.568663,234.026281,-22.242033,47.344821,259.988861,6.018746,0.860981,0.473517,0.753494
southern-extratropics,cloud-free-area,2014-04,70.270483,227.707362,-78.231134,33.334201,254.900000,-68.486828,0.860981,0.473517,0.753494
southern-extratropics,cloud-free-area,2014-05,50.121560,222.492402,-116.364631,24.879787,250.999240,-119.629386,0.860981,0.473517,0.753494
southern-extratropics,cloud-free-area,2014-06,42.423441,220.516568,-132.977437,21.930131,247.593753,-139.561188,0.860981,0.473517,0.753494
southern-extratropics,cloud-free-area,2014-07,45.474649,220.028203,-123.989044,23.694858,246.181313,-128.361056,0.860981,0.473517,0.753494
southern-extratropics,cloud-free-area,2014-08,60.864536,221.656864,-91.604166,31.274440,246.794409,-87.151580,0.860981,0.473517,0.753494
southern-extratropics,cloud-free-area,2014-09,90.874322,223.133696,-41.651485,46.480766,249.227093,-23.350901,0.860981,0.473517,0.753494
southern-extratropics,cloud-free-area,2014-10,129.049372,227.188470,15.730379,67.945065,252.768861,51.254706,0.860981,0.473517,0.753494
southern-extratropics,cloud-free-area,2014-11,164.844873,231.169636,66.138616,88.271702,257.107627,116.774212,0.860981,0.473517,0.753494
southern-extratropics,cloud-free-area,2014-12,178.565721,236.350619,92.945277,94.178569,261.914010,151.769882,0.860981,0.473517,0.753494
southern-extratropics,cloud-free-area,2015-01,166.785482,238.654266,81.740000,83.304409,264.865783,139.008939,0.860981,0.473517,0.753494
southern-extratropics,cloud-free-area,2015-02,135.414373,239.422032,38.043157,65.791836,264.112076,82.974910,0.860981,0.473517,0.753494
southern-extratropics,cloud-free-area,2015-03,101.363626,233.986257,-21.160915,47.306954,260.473815,6.408246,0.860981,0.473517,0.753494
southern-extratropics,cloud-free-area,2015-04,70.658765,227.386624,-77.617312,33.547303,254.761961,-67.882111,0.860981,0.473517,0.753494
southern-extratropics,cloud-free-area,2015-05,49.913648,223.880696,-117.174480,25.359057,250.863860,-119.602892,0.860981,0.473517,0.753494
southern-extratropics,cloud-free-area,2015-06,42.647186,220.604725,-133.232000,22.170530,247.691804,-139.842016,0.860981,0.473517,0.753494
southern-extratropics,cloud-free-area,2015-07,45.795891,217.963754,-122.461682,24.027149,245.169746,-127.899226,0.860981,0.473517,0.753494
southern-extratropics,cloud-free-area,2015-08,60.602894,220.024692,-90.279831,31.715203,245.814801,-87.182711,0.860981,0.473517,0.753494
southern-extratropics,cloud-free-area,2015-09,89.133315,222.569722,-40.150064,46.165183,247.691075,-22.303393,0.860981,0.473517,0.753494
southern-extratropics,cloud-free-area,2015-10,127.884799,227.065263,16.310295,68.186763,252.597439,50.477489,0.860981,0.473517,0.753494
southern-extratropics,cloud-free-area,2015-11,164.995256,231.814330,64.745153,88.108645,257.269072,116.177096,0.860981,0.473517,0.753494
southern-extratropics,cloud-free-area,2015-12,177.495479,236.481138,93.731772,92.266875,262.321385,153.121526,0.860981,0.473517,0.753494
southern-extratropics,cloud-free-area,2016-01,166.492539,238.123998,82.906818,82.396737,264.651341,140.475331,0.860981,0.473517,0.753494
southern-extratropics,cloud-free-area,2016-02,136.133231,238.727574,36.978692,65.498386,264.463084,81.877604,0.860981,0.473517,0.753494
southern-extratropics,cloud-free-area,2016-03,101.356806,233.367932,-23.192906,47.141211,259.792063,4.597906,0.860981,0.473517,0.753494
southern-extratropics,cloud-free-area,2016-04,69.179881,228.244447,-79.133754,33.308620,255.300730,-70.318298,0.860981,0.473517,0.753494
southern-extratropics,cloud-free-area,2016-05,49.691319,224.059699,-118.310516,25.143070,251.134714,-120.837731,0.860981,0.473517,0.753494
southern-extratropics,cloud-free-area,2016-06,42.605412,219.647385,-132.439218,21.870483,247.100932,-139.156715,0.860981,0.473517,0.753494
southern-extratropics,cloud-free-area,2016-07,45.257636,220.068080,-123.333222,23.720509,246.253600,-127.981407,0.860981,0.473517,0.753494
southern-extratropics,cloud-free-area,2016-08,61.457533,221.274483,-90.751456,31.183745,247.196071,-86.399333,0.860981,0.473517,0.753494
southern-extratropics,cloud-free-area,2016-09,90.650424,223.725825,-40.495428,46.074872,248.324173,-20.517684,0.860981,0.473517,0.753494
southern-extratropics,cloud-free-area,2016-10,129.602721,226.106776,17.952570,66.070548,252.206093,55.384017,0.860981,0.473517,0.753494
southern-extratropics,cloud-free-area,2016-11,162.302867,232.673284,68.261112,85.218271,257.851392,120.168161,0.860981,0.473517,0.753494
southern-extratropics,cloud-free-area,2016-12,176.392972,237.028697,94.477439,90.122792,262.783824,154.993027,0.860981,0.473517,0.753494
southern-extratropics,cloud-free-area,2017-01,162.897635,240.252253,82.871120,80.813651,265.754447,139.453745,0.860981,0.473517,0.753494
southern-extratropics,cloud-free-area,2017-02,133.465826,238.897371,38.586901,64.329468,264.314613,82.304468,0.860981,0.473517,0.753494
southern-extratropics,cloud-free-area,2017-03,98.805293,234.819508,-21.377292,46.548746,260.669314,5.028989,0.860981,0.473517,0.753494
southern-extratropics,cloud-free-area,2017-04,68.689580,229.465208,-79.231587,32.997861,255.620659,-69.695857,0.860981,0.473517,0.753494
southern-extratropics,cloud-free-area,2017-05,49.135078,224.767184,-118.113397,25.288514,251.449211,-120.949040,0.860981,0.473517,0.753494
southern-extratropics,cloud-free-area,2017-06,41.526820,220.653761,-132.321281,21.859846,247.348619,-139.349410,0.860981,0.473517,0.753494
southern-extratropics,cloud-free-area,2017-07,44.102474,221.178771,-123.547187,23.532575,246.548730,-128.346838,0.860981,0.473517,0.753494
southern-extratropics,cloud-free-area,2017-08,61.759300,221.152502,-91.492387,31.007325,246.951351,-86.539435,0.860981,0.473517,0.753494
southern-extratropics,cloud-free-area,2017-09,90.115975,223.809298,-40.863468,45.790737,248.876451,-21.605460,0.860981,0.473517,0.753494
southern-extratropics,cloud-free-area,2017-10,129.666558,226.833503,16.350847,66.975648,252.492357,53.382478,0.860981,0.473517,0.753494
southern-extratropics,cloud-free-area,2017-11,164.585796,231.839078,66.194030,85.977518,257.248338,119.393869,0.860981,0.473517,0.753494
southern-extratropics,cloud-free-area,2017-12,177.774733,236.377858,93.606008,90.581917,262.115108,155.061642,0.860981,0.473517,0.753494
southern-extratropics,cloud-free-area,2018-01,163.418844,239.460477,83.524458,81.255582,265.068465,140.077355,0.860981,0.473517,0.753494
southern-extratropics,cloud-free-area,2018-02,136.893325,237.475157,37.279527,64.532967,263.628937,83.486239,0.860981,0.473517,0.753494
southern-extratropics,cloud-free-area,2018-03,99.949691,234.231398,-21.139497,46.966580,260.442578,5.632570,0.860981,0.473517,0.753494
southern-extratropics,cloud-free-area,2018-04,67.956794,229.619875,-78.019524,33.024165,256.222606,-69.689083,0.860981,0.473517,0.753494
southern-extratropics,cloud-free-area,2018-05,48.684633,223.801604,-116.344508,25.336027,250.618858,-119.812819,0.860981,0.473517,0.753494
southern-extratropics,cloud-free-area,2018-06,41.217437,220.566740,-131.874487,21.811690,247.497113,-139.398787,0.860981,0.473517,0.753494
southern-extratropics,cloud-free-area,2018-07,44.813547,219.837855,-123.151220,23.635746,246.255536,-128.391052,0.860981,0.473517,0.753494
southern-extratropics,cloud-free-area,2018-08,61.569590,219.737131,-90.416397,31.100984,246.492793,-86.703430,0.860981,0.473517,0.753494
southern-extratropics,cloud-free-area,2018-09,89.529034,222.958107,-40.160273,45.989994,248.507578,-22.170936,0.860981,0.473517,0.753494
southern-extratropics,cloud-free-area,2018-10,129.305772,225.179507,17.510583,66.849840,251.253551,53.892454,0.860981,0.473517,0.753494
southern-extratropics,cloud-free-area,2018-11,162.258571,231.832267,67.902269,86.343155,256.869928,118.779324,0.860981,0.473517,0.753494
southern-extratropics,cloud-free-area,2018-12,174.262340,236.685857,96.697499,90.623935,262.344742,154.677662,0.860981,0.473517,0.753494
southern-extratropics,cloud-free-area,2019-01,164.686186,240.302311,81.872075,81.427878,265.665553,139.766575,0.860981,0.473517,0.753494
southern-extratropics,cloud-free-area,2019-02,134.933296,238.687272,38.839964,65.236422,264.289371,82.934691,0.860981,0.473517,0.753494
southern-extratropics,cloud-free-area,2019-03,101.143870,233.555908,-20.823664,47.197649,259.959913,6.719186,0.860981,0.473517,0.753494
southern-extratropics,cloud-free-area,2019-04,70.476810,228.410035,-78.698891,33.451431,255.784025,-69.047368,0.860981,0.473517,0.753494
southern-extratropics,cloud-free-area,2019-05,49.222899,223.988129,-116.722136,25.261711,250.817429,-119.591342,0.860981,0.473517,0.753494
southern-extratropics,cloud-free-area,2019-06,42.315927,220.085260,-132.442748,21.996548,248.069842,-140.107123,0.860981,0.473517,0.753494
southern-extratropics,cloud-free-area,2019-07,44.590320,221.543524,-124.883707,23.673045,247.364908,-129.788324,0.860981,0.473517,0.753494
southern-extratropics,cloud-free-area,2019-08,59.464351,223.004770,-92.126244,31.367388,247.710361,-88.734660,0.860981,0.473517,0.753494
southern-extratropics,cloud-free-area,2019-09,88.643608,225.624081,-42.713939,46.419828,249.433257,-24.299458,0.860981,0.473517,0.753494
southern-extratropics,cloud-free-area,2019-10,126.382945,227.248186,17.539627,66.967500,252.064871,52.138806,0.860981,0.473517,0.753494
southern-extratropics,cloud-free-area,2019-11,163.042791,232.359192,66.001179,86.518638,257.823413,117.061355,0.860981,0.473517,0.753494
southern-extratropics,cloud-free-area,2019-12,176.740637,237.332874,93.468576,91.843951,262.802158,152.895630,0.860981,0.473517,0.753494
southern-extratropics,cloud-free-area,2020-01,165.710906,239.616990,81.982386,82.833796,264.935719,139.540711,0.860981,0.473517,0.753494
southern-extratropics,cloud-free-area,2020-02,135.165072,239.443174,36.990510,66.403446,264.236930,80.957607,0.860981,0.473517,0.753494
southern-extratropics,cloud-free-area,2020-03,100.151821,233.813943,-22.631095,47.546207,260.318776,3.468691,0.860981,0.473517,0.753494
southern-extratropics,cloud-free-area,2020-04,68.629362,228.477449,-78.918306,33.580709,255.385574,-70.777735,0.860981,0.473517,0.753494
southern-extratropics,cloud-free-area,2020-05,48.865765,224.117472,-117.611842,25.407847,251.344861,-121.380860,0.860981,0.473517,0.753494
southern-extratropics,cloud-free-area,2020-06,41.117318,222.413638,-133.746508,22.277092,247.979854,-140.473638,0.860981,0.473517,0.753494
southern-extratropics,cloud-free-area,2020-07,44.953781,221.355516,-124.303732,24.222445,246.613283,-128.829887,0.860981,0.473517,0.753494
southern-extratropics,cloud-free-area,2020-08,61.125466,221.459984,-90.558655,32.072967,246.503127,-86.548718,0.860981,0.473517,0.753494
southern-extratropics,cloud-free-area,2020-09,91.755972,223.781677,-41.613087,47.696786,248.972915,-22.745029,0.860981,0.473517,0.753494
southern-extratropics,cloud-free-area,2020-10,131.378695,226.151405,16.175371,68.185636,251.826619,53.693158,0.860981,0.473517,0.753494
southern-extratropics,cloud-free-area,2020-11,165.264031,232.187977,65.794209,88.089938,257.449872,117.706088,0.860981,0.473517,0.753494
southern-extratropics,cloud-free-area,2020-12,179.798891,237.993901,90.175282,92.085658,262.467350,153.415844,0.860981,0.473517,0.753494
southern-extratropics,cloud-free-area,2021-01,165.714879,239.675888,80.659852,81.760518,265.071052,139.216782,0.860981,0.473517,0.753494
southern-extratropics,cloud-free-area,2021-02,135.927607,238.705422,36.276460,64.897002,263.971140,82.040946,0.860981,0.473517,0.753494
southern-extratropics,cloud-free-area,2021-03,99.923798,234.264673,-21.975563,46.756760,260.130902,5.326270,0.860981,0.473517,0.753494
southern-extratropics,cloud-free-area,2021-04,68.454933,228.510022,-78.094787,33.018529,254.963815,-69.111377,0.860981,0.473517,0.753494
southern-extratropics,cloud-free-area,2021-05,49.639912,222.692455,-116.577924,25.376294,250.448609,-120.069873,0.860981,0.473517,0.753494
southern-extratropics,cloud-free-area,2021-06,42.398678,218.045294,-130.575820,22.003891,246.200476,-138.336149,0.860981,0.473517,0.753494
southern-extratropics,cloud-free-area,2021-07,44.829607,219.503340,-122.526923,23.868593,245.942523,-128.005188,0.860981,0.473517,0.753494
southern-extratropics,cloud-free-area,2021-08,60.478532,221.631738,-90.568257,31.572823,246.672546,-86.703220,0.860981,0.473517,0.753494
southern-extratropics,cloud-free-area,2021-09,90.612532,223.425790,-40.803996,46.495912,248.939963,-22.200630,0.860981,0.473517,0.753494
southern-extratropics,cloud-free-area,2021-10,129.450849,226.264234,17.267386,67.018310,252.200387,53.763088,0.860981,0.473517,0.753494
southern-extratropics,cloud-free-area,2021-11,163.253167,231.159779,68.354418,85.595224,257.042212,120.130365,0.860981,0.473517,0.753494
southern-extratropics,cloud-free-area,2021-12,178.220998,236.987912,92.731844,90.246961,262.449776,155.243506,0.860981,0.473517,0.753494
southern-extratropics,cloud-free-area,2022-01,164.730237,239.724485,82.145519,81.182478,265.150374,140.267038,0.860981,0.473517,0.753494
southern-extratropics,cloud-free-area,2022-02,133.794004,240.326377,37.762964,64.706990,264.646181,82.529213,0.860981,0.473517,0.753494
southern-extratropics,cloud-free-area,2022-03,101.633859,233.679305,-22.127620,46.920728,260.323663,5.940320,0.860981,0.473517,0.753494
southern-extratropics,cloud-free-area,2022-04,70.067603,228.776058,-79.186515,33.469319,255.294030,-69.105411,0.860981,0.473517,0.753494
southern-extratropics,cloud-free-area,2022-05,49.834047,223.671525,-117.280129,25.366723,250.497201,-119.638406,0.860981,0.473517,0.753494
southern-extratropics,cloud-free-area,2022-06,41.661792,220.568076,-132.217228,22.179953,247.706049,-139.872920,0.860981,0.473517,0.753494
southern-extratropics,cloud-free-area,2022-07,44.990438,220.615306,-123.974739,24.110243,246.461390,-128.940286,0.860981,0.473517,0.753494
southern-extratropics,cloud-free-area,2022-08,61.551020,219.614066,-90.082399,32.028069,245.707300,-86.652266,0.860981,0.473517,0.753494
southern-extratropics,cloud-free-area,2022-09,90.828411,221.590798,-39.794664,46.862656,247.972578,-22.210941,0.860981,0.473517,0.753494
southern-extratropics,cloud-free-area,2022-10,129.426407,225.364866,17.592002,67.521983,251.595567,53.266123,0.860981,0.473517,0.753494
southern-extratropics,cloud-free-area,2022-11,164.268515,231.478354,66.645962,86.235498,256.689322,119.468575,0.860981,0.473517,0.753494
southern-extratropics,cloud-free-area,2022-12,175.453815,237.248956,95.227171,90.515271,262.406072,155.008984,0.860981,0.473517,0.753494
southern-extratropics,cloud-free-area,2023-01,163.901633,240.011709,83.269091,81.129207,264.971436,141.081519,0.860981,0.473517,0.753494
southern-extratropics,cloud-free-area,2023-02,134.086653,239.105737,39.588587,65.446233,264.305881,83.027576,0.860981,0.473517,0.753494
southern-extratropics,cloud-free-area,2023-03,101.410550,234.269470,-21.509857,47.514889,260.852958,5.802350,0.860981,0.473517,0.753494
southern-extratropics,cloud-free-area,2023-04,69.630241,228.770695,-78.005589,33.566557,255.704973,-68.875579,0.860981,0.473517,0.753494
southern-extratropics,cloud-free-area,2023-05,50.267135,222.862148,-116.537848,25.250070,250.515118,-119.173759,0.860981,0.473517,0.753494
southern-extratropics,cloud-free-area,2023-06,41.560294,221.321881,-132.786803,21.946223,247.803240,-139.653801,0.860981,0.473517,0.753494
southern-extratropics,cloud-free-area,2023-07,44.700265,220.821657,-124.130314,23.481766,246.825310,-128.915419,0.860981,0.473517,0.753494
southern-extratropics,cloud-free-area,2023-08,59.653930,222.327789,-91.360880,30.905593,247.028947,-87.314342,0.860981,0.473517,0.753494
southern-extratropics,cloud-free-area,2023-09,88.758494,225.021642,-41.824706,45.542981,249.657752,-23.245582,0.860981,0.473517,0.753494
southern-extratropics,cloud-free-area,2023-10,128.761801,228.432838,14.557549,66.125155,252.911327,52.716266,0.860981,0.473517,0.753494
southern-extratropics,cloud-free-area,2023-11,164.559936,231.796208,65.608503,85.878888,257.414040,118.672051,0.860981,0.473517,0.753494
southern-extratropics,cloud-free-area,2023-12,177.359211,236.804440,93.880997,90.441201,262.138124,155.465471,0.860981,0.473517,0.753494
southern-extratropics,cloud-free-area,2024-01,165.935059,238.524350,83.293693,81.640403,264.689770,141.422974,0.860981,0.473517,0.753494
southern-extratropics,cloud-free-area,2024-02,135.706390,238.043978,38.089030,64.947638,264.056859,82.834351,0.860981,0.473517,0.753494
southern-extratropics,cloud-free-area,2024-03,100.861872,234.014916,-23.304756,46.562582,260.533382,4.476120,0.860981,0.473517,0.753494
southern-extratropics,cloud-free-area,2024-04,69.288251,228.519396,-79.437150,32.912315,255.115621,-69.656363,0.860981,0.473517,0.753494
southern-extratropics,cloud-free-area,2024-05,49.042648,225.358914,-118.927645,24.971387,251.254157,-120.751656,0.860981,0.473517,0.753494
southern-extratropics,cloud-free-area,2024-06,41.533784,221.530453,-133.147715,21.756476,247.877775,-139.717691,0.860981,0.473517,0.753494
southern-extratropics,cloud-free-area,2024-07,45.123717,221.559359,-124.481959,23.676502,247.323051,-128.797635,0.860981,0.473517,0.753494
southern-extratropics,cloud-free-area,2024-08,60.988174,222.812682,-91.567452,31.459781,248.075909,-87.302188,0.860981,0.473517,0.753494
southern-extratropics,cloud-free-area,2024-09,89.462192,224.847953,-39.909647,46.803942,249.355035,-21.758763,0.860981,0.473517,0.753494
southern-extratropics,cloud-free-area,2024-10,129.075799,227.636073,17.399780,66.817640,253.009537,54.285152,0.860981,0.473517,0.753494
southern-extratropics,cloud-free-area,2024-11,163.540643,231.570703,68.633350,86.321486,257.206408,120.216712,0.860981,0.473517,0.753494
southern-extratropics,cloud-free-area,2024-12,175.817278,238.946631,93.656829,92.014728,263.401763,153.004065,0.860981,0.473517,0.753494
southern-extratropics,cloud-free-area,2025-01,161.211008,240.866298,84.326705,81.268000,265.864728,139.272184,0.860981,0.473517,0.753494
southern-extratropics,cloud-free-area,2025-02,135.305435,239.375910,36.483273,64.870984,265.254587,81.038979,0.860981,0.473517,0.753494
southern-extratropics,cloud-free-area,2025-03,99.096598,235.337951,-21.981800,46.959974,260.598364,4.894471,0.860981,0.473517,0.753494
southern-extratropics,cloud-free-area,2025-04,69.469000,228.854338,-79.315940,33.100586,255.420338,-69.512290,0.860981,0.473517,0.753494
southern-extratropics,cloud-free-area,2025-05,48.546235,225.716299,-118.433866,25.084315,251.836417,-121.092336,0.860981,0.473517,0.753494
southern-extratropics,cloud-free-area,2025-06,41.112458,221.811756,-132.951677,21.846065,248.065040,-139.938226,0.860981,0.473517,0.753494
southern-extratropics,cloud-free-area,2025-07,44.359631,221.077884,-123.477951,23.528431,246.455227,-128.023422,0.860981,0.473517,0.753494
southern-extratropics,cloud-free-area,2025-08,60.816043,221.320996,-90.394218,31.408887,247.242808,-86.907933,0.860981,0.473517,0.753494
southern-extratropics,cloud-free-area,2025-09,88.856546,225.333439,-40.693690,46.249598,249.925619,-22.678440,0.860981,0.473517,0.753494
southern-extratropics,cloud-free-area,2025-10,127.609670,228.577578,17.100112,66.766596,253.395096,53.125351,0.860981,0.473517,0.753494
southern-extratropics,cloud-free-area,2025-11,162.585161,232.352750,68.190318,86.518356,257.477436,119.132239,0.860981,0.473517,0.753494
southern-extratropics,cloud-free-area,2025-12,174.866793,237.476407,95.736823,90.556566,262.695369,154.828066,0.860981,0.473517,0.753494
southern-extratropics,cloud-free-area,2026-01,160.743019,242.325279,83.575030,81.249121,266.004917,139.390182,0.860981,0.473517,0.753494
southern-extratropics,cloud-free-area,2026-02,133.298231,239.464410,39.020625,65.131841,264.634627,82.016915,0.860981,0.473517,0.753494
southern-extratropics,cloud-free-area,2026-03,98.971921,236.667603,-22.535468,46.816267,261.399725,4.888367,0.860981,0.473517,0.753494
southern-extratropics,cloud-free-area,2026-04,67.786861,229.594579,-77.819094,32.718100,255.333357,-68.488055,0.860981,0.473517,0.753494
southern-extratropics,cloud-free-area,2026-05,50.161004,223.702787,-117.685312,24.922531,250.840050,-119.584529,0.860981,0.473517,0.753494
southern-extratropics,total-region,2000-03,101.989134,234.593016,-24.704774,47.662573,259.101015,5.113686,0.859700,0.426685,0.768294
southern-extratropics,total-region,2000-04,70.607066,228.269279,-80.185761,34.256224,253.843669,-69.409230,0.859700,0.426685,0.768294
southern-extratropics,total-region,2000-05,50.313605,224.000003,-118.670836,25.186340,249.395691,-118.939762,0.859700,0.426685,0.768294
southern-extratropics,total-region,2000-06,42.597939,220.246183,-132.988777,22.063672,246.356661,-138.565309,0.859700,0.426685,0.768294
southern-extratropics,total-region,2000-07,46.196017,219.066323,-123.364093,24.243491,244.811664,-127.156839,0.859700,0.426685,0.768294
southern-extratropics,total-region,2000-08,62.005487,220.551151,-90.739129,33.312501,246.222724,-87.717016,0.859700,0.426685,0.768294
southern-extratropics,total-region,2000-09,91.963337,222.386734,-40.772431,47.427199,247.894979,-21.744129,0.859700,0.426685,0.768294
southern-extratropics,total-region,2000-10,131.930157,226.157127,15.510183,68.774248,251.260991,53.561884,0.859700,0.426685,0.768294
southern-extratropics,total-region,2000-11,165.520719,230.852917,66.922584,88.940789,255.868931,118.485948,0.859700,0.426685,0.768294
southern-extratropics,total-region,2000-12,177.849653,236.400352,94.034846,93.906696,260.300629,154.077333,0.859700,0.426685,0.768294
southern-extratropics,total-region,2001-01,161.830834,239.844755,84.901799,83.243350,262.940946,140.394761,0.859700,0.426685,0.768294
southern-extratropics,total-region,2001-02,137.021842,237.985105,36.584842,66.399671,262.359510,82.832659,0.859700,0.426685,0.768294
southern-extratropics,total-region,2001-03,100.432861,234.428288,-22.120140,48.210596,259.117922,5.412609,0.859700,0.426685,0.768294
southern-extratropics,total-region,2001-04,70.955814,229.079563,-80.747060,34.267734,254.145783,-69.125413,0.859700,0.426685,0.768294
southern-extratropics,total-region,2001-05,50.262916,223.876364,-118.103165,25.289506,249.407534,-118.661354,0.859700,0.426685,0.768294
southern-extratropics,total-region,2001-06,42.000423,221.613574,-133.687236,22.306831,247.437004,-139.817410,0.859700,0.426685,0.768294
southern-extratropics,total-region,2001-07,46.081874,218.977969,-123.362402,24.030318,244.734884,-127.068326,0.859700,0.426685,0.768294
southern-extratropics,total-region,2001-08,61.752880,220.799678,-91.311557,31.921767,245.876616,-86.557833,0.859700,0.426685,0.768294
southern-extratropics,total-region,2001-09,92.370127,221.296705,-40.865427,46.675778,247.457664,-21.331708,0.859700,0.426685,0.768294
southern-extratropics,total-region,2001-10,133.455685,224.157653,15.078260,67.768659,251.023455,53.900059,0.859700,0.426685,0.768294
southern-extratropics,total-region,2001-11,164.862251,231.106537,66.620081,87.358720,255.541919,119.688298,0.859700,0.426685,0.768294
southern-extratropics,total-region,2001-12,180.687717,236.675253,90.741946,92.821913,260.436492,154.845943,0.859700,0.426685,0.768294
southern-extratropics,total-region,2002-01,167.939644,239.148739,80.051016,81.852358,263.255921,142.030726,0.859700,0.426685,0.768294
southern-extratropics,total-region,2002-02,139.645414,237.868272,34.932514,65.491013,261.882013,85.072530,0.859700,0.426685,0.768294
southern-extratropics,total-region,2002-03,101.659844,235.126086,-23.070373,48.988324,260.158456,4.568862,0.859700,0.426685,0.768294
southern-extratropics,total-region,2002-04,70.336211,229.855430,-80.217914,33.412239,254.389300,-67.827661,0.859700,0.426685,0.768294
southern-extratropics,total-region,2002-05,50.145072,224.448077,-118.200272,25.194043,250.296354,-119.097486,0.859700,0.426685,0.768294
southern-extratropics,total-region,2002-06,42.514125,221.785294,-134.294965,22.059255,247.704639,-139.759517,0.859700,0.426685,0.768294
southern-extratropics,total-region,2002-07,45.804419,220.109814,-124.523071,23.771694,245.856389,-128.237350,0.859700,0.426685,0.768294
southern-extratropics,total-region,2002-08,61.337450,222.723364,-93.387074,32.232835,247.326555,-88.885297,0.859700,0.426685,0.768294
southern-extratropics,total-region,2002-09,89.435218,224.753505,-42.100048,45.871397,249.146433,-22.929109,0.859700,0.426685,0.768294
southern-extratropics,total-region,2002-10,127.776563,227.281185,16.756710,66.921789,251.922421,52.970369,0.859700,0.426685,0.768294
southern-extratropics,total-region,2002-11,164.340088,231.832640,65.778606,87.705898,256.294260,117.951462,0.859700,0.426685,0.768294
southern-extratropics,total-region,2002-12,179.438206,236.037966,92.521346,93.517418,260.102073,154.378127,0.859700,0.426685,0.768294
southern-extratropics,total-region,2003-01,165.654539,238.951033,82.792875,83.912417,262.945434,140.540610,0.859700,0.426685,0.768294
southern-extratropics,total-region,2003-02,135.071727,239.550931,38.447505,67.120407,262.573412,83.376137,0.859700,0.426685,0.768294
southern-extratropics,total-region,2003-03,100.905737,235.123680,-21.696726,47.409011,258.957859,7.965512,0.859700,0.426685,0.768294
southern-extratropics,total-region,2003-04,70.270336,228.059348,-77.770026,33.621415,253.539604,-66.601122,0.859700,0.426685,0.768294
southern-extratropics,total-region,2003-05,50.736277,223.160836,-117.194926,25.413131,249.874963,-118.586006,0.859700,0.426685,0.768294
southern-extratropics,total-region,2003-06,42.328428,220.217758,-132.554087,22.115108,246.095839,-138.219052,0.859700,0.426685,0.768294
southern-extratropics,total-region,2003-07,44.935269,220.393717,-124.182238,23.739139,245.790241,-128.382279,0.859700,0.426685,0.768294
southern-extratropics,total-region,2003-08,61.803216,219.323481,-90.983155,31.457066,245.164698,-86.478549,0.859700,0.426685,0.768294
southern-extratropics,total-region,2003-09,90.581851,222.664193,-41.920656,45.963089,247.886229,-22.524013,0.859700,0.426685,0.768294
southern-extratropics,total-region,2003-10,129.988650,226.492968,14.225172,66.976459,251.044344,52.685126,0.859700,0.426685,0.768294
southern-extratropics,total-region,2003-11,163.943286,231.511118,65.809876,87.750730,255.367553,118.145407,0.859700,0.426685,0.768294
southern-extratropics,total-region,2003-12,177.188789,237.214540,93.281961,93.068674,260.576448,154.039828,0.859700,0.426685,0.768294
southern-extratropics,total-region,2004-01,166.809114,239.825680,80.949799,83.059919,262.687816,141.837495,0.859700,0.426685,0.768294
southern-extratropics,total-region,2004-02,134.743665,238.782675,38.492029,65.864975,262.289730,83.863617,0.859700,0.426685,0.768294
southern-extratropics,total-region,2004-03,101.340281,234.640388,-24.217957,47.094954,259.090339,5.576556,0.859700,0.426685,0.768294
southern-extratropics,total-region,2004-04,69.220604,229.318910,-79.996575,33.395012,253.826494,-68.678581,0.859700,0.426685,0.768294
southern-extratropics,total-region,2004-05,50.390270,222.246651,-117.078683,25.014726,248.513904,-117.971113,0.859700,0.426685,0.768294
southern-extratropics,total-region,2004-06,42.193912,221.485237,-133.871855,21.892547,247.614888,-139.700681,0.859700,0.426685,0.768294
southern-extratropics,total-region,2004-07,46.176102,219.839766,-124.170327,23.706961,244.897487,-126.759069,0.859700,0.426685,0.768294
southern-extratropics,total-region,2004-08,61.621196,220.597322,-90.479710,31.650698,245.450041,-85.362328,0.859700,0.426685,0.768294
southern-extratropics,total-region,2004-09,91.366060,222.743530,-40.494375,46.891666,247.844396,-21.121496,0.859700,0.426685,0.768294
southern-extratropics,total-region,2004-10,130.606955,227.189302,15.621399,72.337019,252.302914,48.776874,0.859700,0.426685,0.768294
southern-extratropics,total-region,2004-11,165.290091,230.655451,67.122111,88.000446,254.900577,120.167056,0.859700,0.426685,0.768294
southern-extratropics,total-region,2004-12,177.220763,236.536474,94.228789,92.011806,260.021312,155.953226,0.859700,0.426685,0.768294
southern-extratropics,total-region,2005-01,165.495626,239.479814,81.129563,82.280529,262.788679,141.035373,0.859700,0.426685,0.768294
southern-extratropics,total-region,2005-02,136.529758,238.258348,36.410872,65.637563,261.907159,83.653925,0.859700,0.426685,0.768294
southern-extratropics,total-region,2005-03,102.285469,232.146615,-21.906701,47.691494,258.116593,6.717010,0.859700,0.426685,0.768294
southern-extratropics,total-region,2005-04,70.324253,227.843456,-79.028424,33.709154,253.804675,-68.374954,0.859700,0.426685,0.768294
southern-extratropics,total-region,2005-05,50.373886,222.363559,-116.852579,25.478850,249.123947,-118.717889,0.859700,0.426685,0.768294
southern-extratropics,total-region,2005-06,42.287750,221.144915,-133.589496,22.054143,246.760997,-138.972119,0.859700,0.426685,0.768294
southern-extratropics,total-region,2005-07,44.858738,221.345348,-124.579113,23.925222,246.179661,-128.480362,0.859700,0.426685,0.768294
southern-extratropics,total-region,2005-08,61.984537,220.750975,-91.512624,31.458005,246.092298,-86.327247,0.859700,0.426685,0.768294
southern-extratropics,total-region,2005-09,92.240383,222.306514,-41.736336,47.451410,247.628961,-22.270327,0.859700,0.426685,0.768294
southern-extratropics,total-region,2005-10,130.888308,226.702784,14.995419,67.838753,251.667221,53.080134,0.859700,0.426685,0.768294
southern-extratropics,total-region,2005-11,164.704466,231.325600,66.382686,88.477408,255.635497,118.300765,0.859700,0.426685,0.768294
southern-extratropics,total-region,2005-12,175.859239,237.008405,94.880207,91.669009,260.545369,155.534017,0.859700,0.426685,0.768294
southern-extratropics,total-region,2006-01,164.574867,240.141774,81.877639,81.777398,263.430054,141.386410,0.859700,0.426685,0.768294
southern-extratropics,total-region,2006-02,136.043621,238.219374,37.682120,65.307523,262.006368,84.630325,0.859700,0.426685,0.768294
southern-extratropics,total-region,2006-03,101.897171,233.997194,-22.568848,47.194738,258.757707,7.373226,0.859700,0.426685,0.768294
southern-extratropics,total-region,2006-04,70.479913,228.532873,-79.237296,33.323956,253.943401,-67.492084,0.859700,0.426685,0.768294
southern-extratropics,total-region,2006-05,50.450993,222.383843,-116.553372,25.225086,248.507273,-117.451237,0.859700,0.426685,0.768294
southern-extratropics,total-region,2006-06,41.241445,221.947269,-133.270098,21.942881,247.122647,-139.146554,0.859700,0.426685,0.768294
southern-extratropics,total-region,2006-07,45.371587,220.064612,-124.050999,23.812174,245.263016,-127.690310,0.859700,0.426685,0.768294
southern-extratropics,total-region,2006-08,61.693921,221.041155,-92.082613,31.665994,246.341839,-87.355686,0.859700,0.426685,0.768294
southern-extratropics,total-region,2006-09,90.346988,222.788664,-41.083929,46.623137,247.825003,-22.396228,0.859700,0.426685,0.768294
southern-extratropics,total-region,2006-10,131.088714,226.236079,14.398851,67.859290,251.318531,52.546316,0.859700,0.426685,0.768294
southern-extratropics,total-region,2006-11,163.852967,231.633745,66.252273,87.856605,255.736140,118.146693,0.859700,0.426685,0.768294
southern-extratropics,total-region,2006-12,176.749617,236.144016,94.671001,92.785282,259.825948,154.953491,0.859700,0.426685,0.768294
southern-extratropics,total-region,2007-01,165.397067,239.716603,81.845194,82.678306,263.229024,141.051483,0.859700,0.426685,0.768294
southern-extratropics,total-region,2007-02,136.332675,237.936994,38.398118,66.108522,261.418505,85.140169,0.859700,0.426685,0.768294
southern-extratropics,total-region,2007-03,100.961517,234.911096,-21.727227,47.874930,259.174379,7.096362,0.859700,0.426685,0.768294
southern-extratropics,total-region,2007-04,69.793201,228.347092,-77.728132,33.723037,253.587496,-66.897972,0.859700,0.426685,0.768294
southern-extratropics,total-region,2007-05,49.897812,223.763478,-117.055771,25.479220,249.955150,-118.828980,0.859700,0.426685,0.768294
southern-extratropics,total-region,2007-06,42.379529,219.030793,-131.446031,22.119422,246.076850,-138.231734,0.859700,0.426685,0.768294
southern-extratropics,total-region,2007-07,45.010737,220.078414,-123.956719,23.841091,245.427327,-128.135951,0.859700,0.426685,0.768294
southern-extratropics,total-region,2007-08,60.798902,222.016868,-92.684757,31.541325,246.359491,-87.769228,0.859700,0.426685,0.768294
southern-extratropics,total-region,2007-09,89.946908,224.532220,-43.213961,47.027957,248.197179,-23.960126,0.859700,0.426685,0.768294
southern-extratropics,total-region,2007-10,128.806440,227.359458,14.726089,67.832409,251.573395,51.486156,0.859700,0.426685,0.768294
southern-extratropics,total-region,2007-11,164.578118,232.088919,64.524665,88.580683,255.395742,117.215121,0.859700,0.426685,0.768294
southern-extratropics,total-region,2007-12,180.787103,236.177912,90.516915,94.448420,259.487440,153.545520,0.859700,0.426685,0.768294
southern-extratropics,total-region,2008-01,165.816164,240.056243,81.547355,83.887880,262.756481,140.775968,0.859700,0.426685,0.768294
southern-extratropics,total-region,2008-02,136.843956,237.947404,37.016107,66.229114,261.281317,84.297162,0.859700,0.426685,0.768294
southern-extratropics,total-region,2008-03,99.894714,234.209708,-22.538563,47.741157,258.155684,5.669266,0.859700,0.426685,0.768294
southern-extratropics,total-region,2008-04,69.608126,228.260867,-79.476445,33.769253,253.413880,-68.790427,0.859700,0.426685,0.768294
southern-extratropics,total-region,2008-05,49.702862,222.960897,-117.185631,25.438486,248.613198,-118.573108,0.859700,0.426685,0.768294
southern-extratropics,total-region,2008-06,41.871687,219.782210,-131.883195,22.078476,245.969804,-138.277365,0.859700,0.426685,0.768294
southern-extratropics,total-region,2008-07,44.974767,219.797825,-122.895878,23.835503,245.369120,-127.327953,0.859700,0.426685,0.768294
southern-extratropics,total-region,2008-08,61.006732,219.867574,-89.099153,31.647791,244.937855,-84.810373,0.859700,0.426685,0.768294
southern-extratropics,total-region,2008-09,92.393787,221.655076,-40.450355,46.599911,247.277492,-20.278913,0.859700,0.426685,0.768294
southern-extratropics,total-region,2008-10,129.530969,226.685155,17.152040,68.314216,251.154442,53.900078,0.859700,0.426685,0.768294
southern-extratropics,total-region,2008-11,167.277933,230.554155,65.164946,88.470288,255.202781,119.324519,0.859700,0.426685,0.768294
southern-extratropics,total-region,2008-12,176.920688,236.398010,94.487708,93.357955,259.794897,154.654362,0.859700,0.426685,0.768294
southern-extratropics,total-region,2009-01,165.602562,239.270861,81.176160,82.884587,262.769442,140.395677,0.859700,0.426685,0.768294
southern-extratropics,total-region,2009-02,134.863096,238.622155,37.564556,65.551198,261.694879,83.803887,0.859700,0.426685,0.768294
southern-extratropics,total-region,2009-03,100.682126,233.674465,-21.970483,47.540349,258.210093,6.636317,0.859700,0.426685,0.768294
southern-extratropics,total-region,2009-04,69.481443,228.958361,-79.409609,33.760985,253.514822,-68.246060,0.859700,0.426685,0.768294
southern-extratropics,total-region,2009-05,50.075312,223.213674,-117.446035,25.269142,249.601334,-119.027607,0.859700,0.426685,0.768294
southern-extratropics,total-region,2009-06,42.343950,219.383325,-131.889788,21.917074,246.031010,-138.110894,0.859700,0.426685,0.768294
southern-extratropics,total-region,2009-07,45.743078,219.997984,-124.093857,23.822464,246.109270,-128.284465,0.859700,0.426685,0.768294
southern-extratropics,total-region,2009-08,61.428884,220.125516,-90.297123,31.456979,245.849738,-86.049924,0.859700,0.426685,0.768294
southern-extratropics,total-region,2009-09,92.751174,222.059088,-41.946995,46.779724,247.499412,-21.415813,0.859700,0.426685,0.768294
southern-extratropics,total-region,2009-10,130.548457,226.353548,15.666694,67.801308,251.143110,53.624290,0.859700,0.426685,0.768294
southern-extratropics,total-region,2009-11,165.916112,231.338377,65.149978,87.427633,255.412426,119.564481,0.859700,0.426685,0.768294
southern-extratropics,total-region,2009-12,178.164785,236.045995,93.458422,92.675629,259.642350,155.350814,0.859700,0.426685,0.768294
southern-extratropics,total-region,2010-01,166.419736,239.846329,80.221135,82.992587,263.277454,140.216102,0.859700,0.426685,0.768294
southern-extratropics,total-region,2010-02,135.619609,238.693043,37.569292,65.700968,262.059125,84.122152,0.859700,0.426685,0.768294
southern-extratropics,total-region,2010-03,101.764463,234.172304,-22.673825,47.561279,258.795451,6.906128,0.859700,0.426685,0.768294
southern-extratropics,total-region,2010-04,70.340558,226.967447,-77.578077,33.511719,253.161404,-66.943242,0.859700,0.426685,0.768294
southern-extratropics,total-region,2010-05,50.246235,222.755434,-116.768878,25.406660,248.883693,-118.057403,0.859700,0.426685,0.768294
southern-extratropics,total-region,2010-06,42.316845,219.192608,-131.593654,22.015697,245.598233,-137.698225,0.859700,0.426685,0.768294
southern-extratropics,total-region,2010-07,45.237261,220.817576,-124.616494,23.750159,245.376837,-127.688722,0.859700,0.426685,0.768294
southern-extratropics,total-region,2010-08,60.769804,222.310582,-92.317488,31.540638,246.172006,-86.949908,0.859700,0.426685,0.768294
southern-extratropics,total-region,2010-09,90.976816,223.186866,-42.003496,45.928020,247.837811,-21.606611,0.859700,0.426685,0.768294
southern-extratropics,total-region,2010-10,131.574963,225.875297,14.357634,67.511274,250.792691,53.503568,0.859700,0.426685,0.768294
southern-extratropics,total-region,2010-11,167.383877,231.024512,63.475009,88.311907,255.058767,118.512030,0.859700,0.426685,0.768294
southern-extratropics,total-region,2010-12,180.340133,236.845861,90.434781,93.328117,259.839267,154.453103,0.859700,0.426685,0.768294
southern-extratropics,total-region,2011-01,165.796128,240.175217,80.993596,82.475661,263.144878,141.344199,0.859700,0.426685,0.768294
southern-extratropics,total-region,2011-02,137.003792,239.798884,35.844743,65.634754,262.702028,84.310222,0.859700,0.426685,0.768294
southern-extratropics,total-region,2011-03,100.816151,235.400656,-22.130564,47.382383,259.049368,7.654216,0.859700,0.426685,0.768294
southern-extratropics,total-region,2011-04,70.663113,228.406421,-78.644158,33.352427,253.715324,-66.642304,0.859700,0.426685,0.768294
southern-extratropics,total-region,2011-05,50.379032,222.537555,-116.287308,25.114537,248.685604,-117.171191,0.859700,0.426685,0.768294
southern-extratropics,total-region,2011-06,42.932570,219.013104,-131.941910,22.283305,245.933899,-138.213424,0.859700,0.426685,0.768294
southern-extratropics,total-region,2011-07,45.135775,220.104291,-124.037385,23.951027,245.630728,-128.379327,0.859700,0.426685,0.768294
southern-extratropics,total-region,2011-08,60.528774,221.633105,-91.923138,31.454948,246.043424,-87.260279,0.859700,0.426685,0.768294
southern-extratropics,total-region,2011-09,88.344558,224.382102,-41.315546,46.486115,248.082553,-23.156641,0.859700,0.426685,0.768294
southern-extratropics,total-region,2011-10,128.894717,225.233047,16.967678,67.729785,250.245054,53.120254,0.859700,0.426685,0.768294
southern-extratropics,total-region,2011-11,163.468797,232.073447,65.914472,87.563117,255.539451,118.354799,0.859700,0.426685,0.768294
southern-extratropics,total-region,2011-12,181.466417,235.739468,90.527053,93.720883,259.259519,154.752300,0.859700,0.426685,0.768294
southern-extratropics,total-region,2012-01,167.128667,238.044605,82.377112,83.481738,261.939295,142.128865,0.859700,0.426685,0.768294
southern-extratropics,total-region,2012-02,134.159951,237.852048,39.891119,66.011212,261.203635,84.687810,0.859700,0.426685,0.768294
southern-extratropics,total-region,2012-03,101.363972,233.913602,-23.686185,46.884127,258.543955,6.163472,0.859700,0.426685,0.768294
southern-extratropics,total-region,2012-04,70.475599,228.001678,-80.061578,33.187489,252.992205,-67.763960,0.859700,0.426685,0.768294
southern-extratropics,total-region,2012-05,48.900097,223.675496,-117.086521,25.059764,249.358890,-118.929066,0.859700,0.426685,0.768294
southern-extratropics,total-region,2012-06,42.392655,220.457209,-133.026272,21.912697,246.331872,-138.421028,0.859700,0.426685,0.768294
southern-extratropics,total-region,2012-07,45.239648,219.370273,-122.662238,23.822044,244.454454,-126.328764,0.859700,0.426685,0.768294
southern-extratropics,total-region,2012-08,61.062674,220.903573,-90.016782,31.608051,245.545788,-85.204556,0.859700,0.426685,0.768294
southern-extratropics,total-region,2012-09,91.927897,223.353467,-41.420504,46.766008,248.057070,-20.961994,0.859700,0.426685,0.768294
southern-extratropics,total-region,2012-10,128.698113,227.970871,16.967662,67.952611,251.629728,54.054452,0.859700,0.426685,0.768294
southern-extratropics,total-region,2012-11,163.802906,231.434828,68.040102,88.181803,255.379334,119.716738,0.859700,0.426685,0.768294
southern-extratropics,total-region,2012-12,177.512192,237.121472,93.395634,92.686042,260.233251,155.110088,0.859700,0.426685,0.768294
southern-extratropics,total-region,2013-01,165.673742,240.912686,79.559094,82.588652,263.371948,140.183748,0.859700,0.426685,0.768294
southern-extratropics,total-region,2013-02,136.129887,238.271678,36.701170,65.881035,261.730530,83.490800,0.859700,0.426685,0.768294
southern-extratropics,total-region,2013-03,100.674317,233.822103,-22.084466,47.165954,257.884544,7.361346,0.859700,0.426685,0.768294
southern-extratropics,total-region,2013-04,69.555082,228.167909,-78.706358,33.215228,253.269899,-67.468155,0.859700,0.426685,0.768294
southern-extratropics,total-region,2013-05,49.575737,223.145055,-116.854963,24.978088,249.390494,-118.502473,0.859700,0.426685,0.768294
southern-extratropics,total-region,2013-06,42.583774,220.391110,-133.078368,21.903839,246.868252,-138.875306,0.859700,0.426685,0.768294
southern-extratropics,total-region,2013-07,45.580498,220.002520,-123.818910,23.632939,245.110435,-126.979012,0.859700,0.426685,0.768294
southern-extratropics,total-region,2013-08,60.775626,222.212617,-91.551920,31.357050,246.415453,-86.336022,0.859700,0.426685,0.768294
southern-extratropics,total-region,2013-09,90.635028,223.837244,-41.347597,46.584351,248.671867,-22.131449,0.859700,0.426685,0.768294
southern-extratropics,total-region,2013-10,129.445856,227.967718,15.385417,68.191682,251.608248,52.999380,0.859700,0.426685,0.768294
southern-extratropics,total-region,2013-11,165.547024,232.237252,64.848146,89.444902,255.798878,117.387974,0.859700,0.426685,0.768294
southern-extratropics,total-region,2013-12,178.224283,236.911013,92.817103,93.618162,260.196277,154.138601,0.859700,0.426685,0.768294
southern-extratropics,total-region,2014-01,166.218912,240.670327,79.685784,83.580269,263.232965,139.762006,0.859700,0.426685,0.768294
southern-extratropics,total-region,2014-02,136.502416,238.838723,36.458869,66.440974,261.767798,83.590999,0.859700,0.426685,0.768294
southern-extratropics,total-region,2014-03,101.568663,234.026281,-22.242033,47.539112,257.930840,7.883007,0.859700,0.426685,0.768294
southern-extratropics,total-region,2014-04,70.270483,227.707362,-78.231134,33.499849,253.106255,-66.859356,0.859700,0.426685,0.768294
southern-extratropics,total-region,2014-05,50.121560,222.492402,-116.364631,25.036486,249.522088,-118.309118,0.859700,0.426685,0.768294
southern-extratropics,total-region,2014-06,42.423441,220.516568,-132.977437,22.110820,246.429958,-138.579591,0.859700,0.426685,0.768294
southern-extratropics,total-region,2014-07,45.474649,220.028203,-123.989044,23.842262,245.533797,-127.861684,0.859700,0.426685,0.768294
southern-extratropics,total-region,2014-08,60.864536,221.656864,-91.604166,31.377631,246.063535,-86.523964,0.859700,0.426685,0.768294
southern-extratropics,total-region,2014-09,90.874322,223.133696,-41.651485,46.631438,248.073310,-22.348071,0.859700,0.426685,0.768294
southern-extratropics,total-region,2014-10,129.049372,227.188470,15.730379,68.186998,251.263007,52.518440,0.859700,0.426685,0.768294
southern-extratropics,total-region,2014-11,164.844873,231.169636,66.138616,88.608839,255.007611,118.536713,0.859700,0.426685,0.768294
southern-extratropics,total-region,2014-12,178.565721,236.350619,92.945277,94.594772,259.572253,153.694716,0.859700,0.426685,0.768294
southern-extratropics,total-region,2015-01,166.785482,238.654266,81.740000,84.031639,262.191803,140.955563,0.859700,0.426685,0.768294
southern-extratropics,total-region,2015-02,135.414373,239.422032,38.043157,66.235004,261.810142,84.834722,0.859700,0.426685,0.768294
southern-extratropics,total-region,2015-03,101.363626,233.986257,-21.160915,47.474798,258.357972,8.356302,0.859700,0.426685,0.768294
southern-extratropics,total-region,2015-04,70.658765,227.386624,-77.617312,33.753252,252.842038,-66.167284,0.859700,0.426685,0.768294
southern-extratropics,total-region,2015-05,49.913648,223.880696,-117.174480,25.507224,249.525019,-118.412566,0.859700,0.426685,0.768294
southern-extratropics,total-region,2015-06,42.647186,220.604725,-133.232000,22.385862,246.477512,-138.843341,0.859700,0.426685,0.768294
southern-extratropics,total-region,2015-07,45.795891,217.963754,-122.461682,24.228783,244.105128,-127.036772,0.859700,0.426685,0.768294
southern-extratropics,total-region,2015-08,60.602894,220.024692,-90.279831,31.968981,244.860295,-86.481969,0.859700,0.426685,0.768294
southern-extratropics,total-region,2015-09,89.133315,222.569722,-40.150064,46.598778,246.546423,-21.592238,0.859700,0.426685,0.768294
southern-extratropics,total-region,2015-10,127.884799,227.065263,16.310295,68.425523,251.006405,51.828887,0.859700,0.426685,0.768294
southern-extratropics,total-region,2015-11,164.995256,231.814330,64.745153,88.505618,255.101085,117.948247,0.859700,0.426685,0.768294
southern-extratropics,total-region,2015-12,177.495479,236.481138,93.731772,92.756811,259.793073,155.158456,0.859700,0.426685,0.768294
southern-extratropics,total-region,2016-01,166.492539,238.123998,82.906818,82.975613,261.883936,142.665399,0.859700,0.426685,0.768294
southern-extratropics,total-region,2016-02,136.133231,238.727574,36.978692,65.867841,261.966915,84.004864,0.859700,0.426685,0.768294
southern-extratropics,total-region,2016-03,101.356806,233.367932,-23.192906,47.395267,257.613369,6.523444,0.859700,0.426685,0.768294
southern-extratropics,total-region,2016-04,69.179881,228.244447,-79.133754,33.510847,253.253399,-68.473495,0.859700,0.426685,0.768294
southern-extratropics,total-region,2016-05,49.691319,224.059699,-118.310516,25.318463,249.353394,-119.231555,0.859700,0.426685,0.768294
southern-extratropics,total-region,2016-06,42.605412,219.647385,-132.439218,22.054421,245.638351,-137.878968,0.859700,0.426685,0.768294
southern-extratropics,total-region,2016-07,45.257636,220.068080,-123.333222,23.893950,245.218570,-127.120415,0.859700,0.426685,0.768294
southern-extratropics,total-region,2016-08,61.457533,221.274483,-90.751456,31.313332,246.332215,-85.664698,0.859700,0.426685,0.768294
southern-extratropics,total-region,2016-09,90.650424,223.725825,-40.495428,46.323414,247.131020,-19.573545,0.859700,0.426685,0.768294
southern-extratropics,total-region,2016-10,129.602721,226.106776,17.952570,66.365649,250.605594,56.690144,0.859700,0.426685,0.768294
southern-extratropics,total-region,2016-11,162.302867,232.673284,68.261112,85.111666,255.697459,122.428794,0.859700,0.426685,0.768294
southern-extratropics,total-region,2016-12,176.392972,237.028697,94.477439,90.508032,260.297678,157.093530,0.859700,0.426685,0.768294
southern-extratropics,total-region,2017-01,162.897635,240.252253,82.871120,81.354442,263.155745,141.511174,0.859700,0.426685,0.768294
southern-extratropics,total-region,2017-02,133.465826,238.897371,38.586901,64.785311,261.939681,84.224891,0.859700,0.426685,0.768294
southern-extratropics,total-region,2017-03,98.805293,234.819508,-21.377292,46.992062,258.458610,6.796629,0.859700,0.426685,0.768294
southern-extratropics,total-region,2017-04,68.689580,229.465208,-79.231587,33.293333,253.685233,-68.055692,0.859700,0.426685,0.768294
southern-extratropics,total-region,2017-05,49.135078,224.767184,-118.113397,25.453579,250.021252,-119.685925,0.859700,0.426685,0.768294
southern-extratropics,total-region,2017-06,41.526820,220.653761,-132.321281,22.043016,245.962947,-138.147050,0.859700,0.426685,0.768294
southern-extratropics,total-region,2017-07,44.102474,221.178771,-123.547187,23.684619,245.798123,-127.747814,0.859700,0.426685,0.768294
southern-extratropics,total-region,2017-08,61.759300,221.152502,-91.492387,31.157144,245.948566,-85.686598,0.859700,0.426685,0.768294
southern-extratropics,total-region,2017-09,90.115975,223.809298,-40.863468,46.105461,247.545685,-20.589445,0.859700,0.426685,0.768294
southern-extratropics,total-region,2017-10,129.666558,226.833503,16.350847,67.263260,250.698689,54.888784,0.859700,0.426685,0.768294
southern-extratropics,total-region,2017-11,164.585796,231.839078,66.194030,86.002687,255.179899,121.437116,0.859700,0.426685,0.768294
southern-extratropics,total-region,2017-12,177.774733,236.377858,93.606008,91.099941,259.664610,156.995047,0.859700,0.426685,0.768294
southern-extratropics,total-region,2018-01,163.418844,239.460477,83.524458,81.714312,262.525213,142.163141,0.859700,0.426685,0.768294
southern-extratropics,total-region,2018-02,136.893325,237.475157,37.279527,65.015518,261.130741,85.502024,0.859700,0.426685,0.768294
southern-extratropics,total-region,2018-03,99.949691,234.231398,-21.139497,47.208160,258.176544,7.657565,0.859700,0.426685,0.768294
southern-extratropics,total-region,2018-04,67.956794,229.619875,-78.019524,33.330407,254.306654,-68.079858,0.859700,0.426685,0.768294
southern-extratropics,total-region,2018-05,48.684633,223.801604,-116.344508,25.520457,249.135618,-118.514137,0.859700,0.426685,0.768294
southern-extratropics,total-region,2018-06,41.217437,220.566740,-131.874487,21.990529,246.429634,-138.510453,0.859700,0.426685,0.768294
southern-extratropics,total-region,2018-07,44.813547,219.837855,-123.151220,23.815840,245.681418,-127.997361,0.859700,0.426685,0.768294
southern-extratropics,total-region,2018-08,61.569590,219.737131,-90.416397,31.343018,245.523555,-85.976285,0.859700,0.426685,0.768294
southern-extratropics,total-region,2018-09,89.529034,222.958107,-40.160273,46.182617,247.474516,-21.330820,0.859700,0.426685,0.768294
southern-extratropics,total-region,2018-10,129.305772,225.179507,17.510583,67.153408,249.637382,55.205259,0.859700,0.426685,0.768294
southern-extratropics,total-region,2018-11,162.258571,231.832267,67.902269,86.960734,254.796089,120.236181,0.859700,0.426685,0.768294
southern-extratropics,total-region,2018-12,174.262340,236.685857,96.697499,91.001922,259.880137,156.764148,0.859700,0.426685,0.768294
southern-extratropics,total-region,2019-01,164.686186,240.302311,81.872075,81.939842,263.272743,141.648100,0.859700,0.426685,0.768294
southern-extratropics,total-region,2019-02,134.933296,238.687272,38.839964,65.668490,261.786559,85.004486,0.859700,0.426685,0.768294
southern-extratropics,total-region,2019-03,101.143870,233.555908,-20.823664,47.550579,257.832364,8.493391,0.859700,0.426685,0.768294
southern-extratropics,total-region,2019-04,70.476810,228.410035,-78.698891,33.680106,253.759962,-67.251949,0.859700,0.426685,0.768294
southern-extratropics,total-region,2019-05,49.222899,223.988129,-116.722136,25.407013,249.364702,-118.283242,0.859700,0.426685,0.768294
southern-extratropics,total-region,2019-06,42.315927,220.085260,-132.442748,22.188086,246.968870,-139.198472,0.859700,0.426685,0.768294
southern-extratropics,total-region,2019-07,44.590320,221.543524,-124.883707,23.817674,246.716258,-129.284118,0.859700,0.426685,0.768294
southern-extratropics,total-region,2019-08,59.464351,223.004770,-92.126244,31.507938,247.103170,-88.267744,0.859700,0.426685,0.768294
southern-extratropics,total-region,2019-09,88.643608,225.624081,-42.713939,46.756090,248.330769,-23.533360,0.859700,0.426685,0.768294
southern-extratropics,total-region,2019-10,126.382945,227.248186,17.539627,67.158106,250.753134,53.259417,0.859700,0.426685,0.768294
southern-extratropics,total-region,2019-11,163.042791,232.359192,66.001179,87.097455,255.634820,118.670507,0.859700,0.426685,0.768294
southern-extratropics,total-region,2019-12,176.740637,237.332874,93.468576,91.989115,260.330867,155.222460,0.859700,0.426685,0.768294
southern-extratropics,total-region,2020-01,165.710906,239.616990,81.982386,84.118289,262.278588,140.912772,0.859700,0.426685,0.768294
southern-extratropics,total-region,2020-02,135.165072,239.443174,36.990510,66.940819,261.945088,82.712231,0.859700,0.426685,0.768294
southern-extratropics,total-region,2020-03,100.151821,233.813943,-22.631095,47.847381,258.059249,5.427946,0.859700,0.426685,0.768294
southern-extratropics,total-region,2020-04,68.629362,228.477449,-78.918306,33.714503,253.616872,-69.142665,0.859700,0.426685,0.768294
southern-extratropics,total-region,2020-05,48.865765,224.117472,-117.611842,25.559029,249.943126,-120.130479,0.859700,0.426685,0.768294
southern-extratropics,total-region,2020-06,41.117318,222.413638,-133.746508,22.449638,247.062332,-139.727761,0.859700,0.426685,0.768294
southern-extratropics,total-region,2020-07,44.953781,221.355516,-124.303732,24.356181,245.886384,-128.237618,0.859700,0.426685,0.768294
southern-extratropics,total-region,2020-08,61.125466,221.459984,-90.558655,32.268053,245.859164,-86.100555,0.859700,0.426685,0.768294
southern-extratropics,total-region,2020-09,91.755972,223.781677,-41.613087,47.896432,248.136254,-22.108129,0.859700,0.426685,0.768294
southern-extratropics,total-region,2020-10,131.378695,226.151405,16.175371,68.291016,250.244963,55.169698,0.859700,0.426685,0.768294
southern-extratropics,total-region,2020-11,165.264031,232.187977,65.794209,88.691903,255.117283,119.436280,0.859700,0.426685,0.768294
southern-extratropics,total-region,2020-12,179.798891,237.993901,90.175282,92.502985,260.178114,155.286638,0.859700,0.426685,0.768294
southern-extratropics,total-region,2021-01,165.714879,239.675888,80.659852,82.248634,262.537170,141.263596,0.859700,0.426685,0.768294
southern-extratropics,total-region,2021-02,135.927607,238.705422,36.276460,65.329161,261.547585,84.032707,0.859700,0.426685,0.768294
southern-extratropics,total-region,2021-03,99.923798,234.264673,-21.975563,46.959309,257.959954,7.293763,0.859700,0.426685,0.768294
southern-extratropics,total-region,2021-04,68.454933,228.510022,-78.094787,33.245026,253.159961,-67.534594,0.859700,0.426685,0.768294
southern-extratropics,total-region,2021-05,49.639912,222.692455,-116.577924,25.583735,248.968267,-118.797818,0.859700,0.426685,0.768294
southern-extratropics,total-region,2021-06,42.398678,218.045294,-130.575820,22.186295,244.995237,-137.313220,0.859700,0.426685,0.768294
southern-extratropics,total-region,2021-07,44.829607,219.503340,-122.526923,24.017269,245.332956,-127.543939,0.859700,0.426685,0.768294
southern-extratropics,total-region,2021-08,60.478532,221.631738,-90.568257,31.693048,246.250037,-86.400799,0.859700,0.426685,0.768294
southern-extratropics,total-region,2021-09,90.612532,223.425790,-40.803996,46.650190,247.892488,-21.308339,0.859700,0.426685,0.768294
southern-extratropics,total-region,2021-10,129.450849,226.264234,17.267386,67.285840,250.465556,55.231269,0.859700,0.426685,0.768294
southern-extratropics,total-region,2021-11,163.253167,231.159779,68.354418,86.192919,254.667354,121.907258,0.859700,0.426685,0.768294
southern-extratropics,total-region,2021-12,178.220998,236.987912,92.731844,90.932119,260.087475,156.920561,0.859700,0.426685,0.768294
southern-extratropics,total-region,2022-01,164.730237,239.724485,82.145519,81.619126,262.643612,142.337377,0.859700,0.426685,0.768294
southern-extratropics,total-region,2022-02,133.794004,240.326377,37.762964,65.158013,262.437088,84.288279,0.859700,0.426685,0.768294
southern-extratropics,total-region,2022-03,101.633859,233.679305,-22.127620,47.339256,258.277823,7.568319,0.859700,0.426685,0.768294
southern-extratropics,total-region,2022-04,70.067603,228.776058,-79.186515,33.774178,253.521531,-67.638081,0.859700,0.426685,0.768294
southern-extratropics,total-region,2022-05,49.834047,223.671525,-117.280129,25.580910,249.042465,-118.397928,0.859700,0.426685,0.768294
southern-extratropics,total-region,2022-06,41.661792,220.568076,-132.217228,22.396004,246.709697,-139.093207,0.859700,0.426685,0.768294
southern-extratropics,total-region,2022-07,44.990438,220.615306,-123.974739,24.307753,245.825677,-128.503050,0.859700,0.426685,0.768294
southern-extratropics,total-region,2022-08,61.551020,219.614066,-90.082399,32.310217,244.882643,-86.110423,0.859700,0.426685,0.768294
southern-extratropics,total-region,2022-09,90.828411,221.590798,-39.794664,47.251253,246.823980,-21.450383,0.859700,0.426685,0.768294
southern-extratropics,total-region,2022-10,129.426407,225.364866,17.592002,67.736127,250.007780,54.639146,0.859700,0.426685,0.768294
southern-extratropics,total-region,2022-11,164.268515,231.478354,66.645962,87.085847,254.481684,120.825567,0.859700,0.426685,0.768294
southern-extratropics,total-region,2022-12,175.453815,237.248956,95.227171,91.057173,259.883018,156.989454,0.859700,0.426685,0.768294
southern-extratropics,total-region,2023-01,163.901633,240.011709,83.269091,81.771582,262.533217,142.878541,0.859700,0.426685,0.768294
southern-extratropics,total-region,2023-02,134.086653,239.105737,39.588587,65.863236,261.976869,84.941428,0.859700,0.426685,0.768294
southern-extratropics,total-region,2023-03,101.410550,234.269470,-21.509857,47.785671,258.542568,7.842525,0.859700,0.426685,0.768294
southern-extratropics,total-region,2023-04,69.630241,228.770695,-78.005589,33.934596,253.720134,-67.259475,0.859700,0.426685,0.768294
southern-extratropics,total-region,2023-05,50.267135,222.862148,-116.537848,25.453505,248.942733,-117.805125,0.859700,0.426685,0.768294
southern-extratropics,total-region,2023-06,41.560294,221.321881,-132.786803,22.128023,246.763253,-138.795735,0.859700,0.426685,0.768294
southern-extratropics,total-region,2023-07,44.700265,220.821657,-124.130314,23.663576,246.204092,-128.476465,0.859700,0.426685,0.768294
southern-extratropics,total-region,2023-08,59.653930,222.327789,-91.360880,31.055223,246.325252,-86.759873,0.859700,0.426685,0.768294
southern-extratropics,total-region,2023-09,88.758494,225.021642,-41.824706,45.744877,248.757049,-22.546817,0.859700,0.426685,0.768294
southern-extratropics,total-region,2023-10,128.761801,228.432838,14.557549,66.392013,251.447217,53.912969,0.859700,0.426685,0.768294
southern-extratropics,total-region,2023-11,164.559936,231.796208,65.608503,86.178988,255.085144,120.700292,0.859700,0.426685,0.768294
southern-extratropics,total-region,2023-12,177.359211,236.804440,93.880997,90.998693,259.720137,157.326027,0.859700,0.426685,0.768294
southern-extratropics,total-region,2024-01,165.935059,238.524350,83.293693,82.221365,262.055945,143.476676,0.859700,0.426685,0.768294
southern-extratropics,total-region,2024-02,135.706390,238.043978,38.089030,65.292261,261.770011,84.776838,0.859700,0.426685,0.768294
southern-extratropics,total-region,2024-03,100.861872,234.014916,-23.304756,46.723741,258.372718,6.475356,0.859700,0.426685,0.768294
southern-extratropics,total-region,2024-04,69.288251,228.519396,-79.437150,33.136129,253.313506,-68.078716,0.859700,0.426685,0.768294
southern-extratropics,total-region,2024-05,49.042648,225.358914,-118.927645,25.130494,249.892360,-119.548786,0.859700,0.426685,0.768294
southern-extratropics,total-region,2024-06,41.533784,221.530453,-133.147715,21.953918,246.809391,-138.846443,0.859700,0.426685,0.768294
southern-extratropics,total-region,2024-07,45.123717,221.559359,-124.481959,23.856840,246.396694,-128.051909,0.859700,0.426685,0.768294
southern-extratropics,total-region,2024-08,60.988174,222.812682,-91.567452,31.765593,247.259396,-86.791690,0.859700,0.426685,0.768294
southern-extratropics,total-region,2024-09,89.462192,224.847953,-39.909647,47.398194,248.277275,-21.274853,0.859700,0.426685,0.768294
southern-extratropics,total-region,2024-10,129.075799,227.636073,17.399780,67.206855,251.429160,55.475951,0.859700,0.426685,0.768294
southern-extratropics,total-region,2024-11,163.540643,231.570703,68.633350,86.780577,255.077031,121.887026,0.859700,0.426685,0.768294
southern-extratropics,total-region,2024-12,175.817278,238.946631,93.656829,92.327133,261.001619,155.092191,0.859700,0.426685,0.768294
southern-extratropics,total-region,2025-01,161.211008,240.866298,84.326705,81.821316,263.332933,141.248646,0.859700,0.426685,0.768294
southern-extratropics,total-region,2025-02,135.305435,239.375910,36.483273,65.316041,262.772597,83.076364,0.859700,0.426685,0.768294
southern-extratropics,total-region,2025-03,99.096598,235.337951,-21.981800,47.366354,258.477096,6.608614,0.859700,0.426685,0.768294
southern-extratropics,total-region,2025-04,69.469000,228.854338,-79.315940,33.331111,253.516697,-67.840276,0.859700,0.426685,0.768294
southern-extratropics,total-region,2025-05,48.546235,225.716299,-118.433866,25.273156,250.419986,-119.864388,0.859700,0.426685,0.768294
southern-extratropics,total-region,2025-06,41.112458,221.811756,-132.951677,22.053711,246.943995,-139.025442,0.859700,0.426685,0.768294
southern-extratropics,total-region,2025-07,44.359631,221.077884,-123.477951,23.690946,245.733830,-127.464808,0.859700,0.426685,0.768294
southern-extratropics,total-region,2025-08,60.816043,221.320996,-90.394218,31.723839,246.139126,-86.119859,0.859700,0.426685,0.768294
southern-extratropics,total-region,2025-09,88.856546,225.333439,-40.693690,46.408842,249.045453,-21.957767,0.859700,0.426685,0.768294
southern-extratropics,total-region,2025-10,127.609670,228.577578,17.100112,67.031528,252.129680,54.126016,0.859700,0.426685,0.768294
southern-extratropics,total-region,2025-11,162.585161,232.352750,68.190318,86.914196,255.281676,120.931986,0.859700,0.426685,0.768294
southern-extratropics,total-region,2025-12,174.866793,237.476407,95.736823,91.425898,260.313983,156.340207,0.859700,0.426685,0.768294
southern-extratropics,total-region,2026-01,160.743019,242.325279,83.575030,81.867108,263.628104,141.148027,0.859700,0.426685,0.768294
southern-extratropics,total-region,2026-02,133.298231,239.464410,39.020625,65.530040,262.204185,84.049296,0.859700,0.426685,0.768294
southern-extratropics,total-region,2026-03,98.971921,236.667603,-22.535468,47.017434,259.255934,6.830918,0.859700,0.426685,0.768294
southern-extratropics,total-region,2026-04,67.786861,229.594579,-77.819094,32.926448,253.501785,-66.865904,0.859700,0.426685,0.768294
southern-extratropics,total-region,2026-05,50.161004,223.702787,-117.685312,25.113105,249.228299,-118.163612,0.859700,0.426685,0.768294
southern-midlatitudes,cloud-free-area,2000-03,108.707701,237.976027,-21.233578,41.677922,268.028733,15.743560,0.947757,0.563216,0.923116
southern-midlatitudes,cloud-free-area,2000-04,79.936945,231.182035,-83.634697,34.060593,263.900594,-70.477598,0.947757,0.563216,0.923116
southern-midlatitudes,cloud-free-area,2000-05,57.836751,225.859257,-127.869185,26.575372,259.513519,-130.262442,0.947757,0.563216,0.923116
southern-midlatitudes,cloud-free-area,2000-06,47.781141,220.874212,-143.409838,23.350915,255.842842,-153.948655,0.947757,0.563216,0.923116
southern-midlatitudes,cloud-free-area,2000-07,52.184932,220.520300,-132.929095,25.505611,254.129115,-139.857171,0.947757,0.563216,0.923116
southern-midlatitudes,cloud-free-area,2000-08,70.473422,221.311988,-94.059266,32.954663,255.069865,-90.297093,0.947757,0.563216,0.923116
southern-midlatitudes,cloud-free-area,2000-09,98.739530,223.045164,-35.553671,40.921603,256.064393,-10.753691,0.947757,0.563216,0.923116
southern-midlatitudes,cloud-free-area,2000-10,129.264849,227.422680,29.009774,47.874131,258.922492,78.901765,0.947757,0.563216,0.923116
southern-midlatitudes,cloud-free-area,2000-11,152.202999,229.865094,87.069666,52.617616,260.861502,155.659586,0.947757,0.563216,0.923116
southern-midlatitudes,cloud-free-area,2000-12,160.347850,235.954859,113.512349,55.672164,265.345246,188.798557,0.947757,0.563216,0.923116
southern-midlatitudes,cloud-free-area,2001-01,148.553587,240.525082,101.472633,53.744886,268.447752,168.359410,0.947757,0.563216,0.923116
southern-midlatitudes,cloud-free-area,2001-02,132.853116,241.326593,47.872347,48.951590,269.959197,103.142623,0.947757,0.563216,0.923116
southern-midlatitudes,cloud-free-area,2001-03,106.188621,237.768218,-17.636376,41.961548,268.147103,16.213696,0.947757,0.563216,0.923116
southern-midlatitudes,cloud-free-area,2001-04,81.332040,231.033877,-84.222180,34.249754,263.580492,-69.687288,0.947757,0.563216,0.923116
southern-midlatitudes,cloud-free-area,2001-05,57.910109,225.249465,-126.878236,26.648249,258.346597,-128.713315,0.947757,0.563216,0.923116
southern-midlatitudes,cloud-free-area,2001-06,46.773226,222.097539,-143.544003,23.838178,256.537408,-155.048928,0.947757,0.563216,0.923116
southern-midlatitudes,cloud-free-area,2001-07,52.273918,219.986349,-132.732144,25.359861,253.544272,-139.375823,0.947757,0.563216,0.923116
southern-midlatitudes,cloud-free-area,2001-08,70.636272,222.861292,-96.417687,31.712678,254.975647,-89.608867,0.947757,0.563216,0.923116
southern-midlatitudes,cloud-free-area,2001-09,98.492359,223.772127,-36.839985,39.831885,256.732242,-11.139252,0.947757,0.563216,0.923116
southern-midlatitudes,cloud-free-area,2001-10,132.367973,225.953376,26.502066,47.329396,258.922475,78.572941,0.947757,0.563216,0.923116
southern-midlatitudes,cloud-free-area,2001-11,150.533224,232.042277,85.906010,51.565430,261.646172,155.270487,0.947757,0.563216,0.923116
southern-midlatitudes,cloud-free-area,2001-12,165.039352,236.776887,107.829408,54.740545,265.649662,189.255220,0.947757,0.563216,0.923116
southern-midlatitudes,cloud-free-area,2002-01,157.909787,238.790418,94.370211,53.201011,268.724006,169.145845,0.947757,0.563216,0.923116
southern-midlatitudes,cloud-free-area,2002-02,137.971495,240.425802,44.461963,48.173230,269.334402,105.351720,0.947757,0.563216,0.923116
southern-midlatitudes,cloud-free-area,2002-03,109.709050,236.025965,-18.427540,42.118058,267.764287,17.426182,0.947757,0.563216,0.923116
southern-midlatitudes,cloud-free-area,2002-04,80.885068,231.409460,-83.399988,33.297750,263.103157,-67.507621,0.947757,0.563216,0.923116
southern-midlatitudes,cloud-free-area,2002-05,57.522367,225.229401,-126.050914,26.561868,258.948328,-128.810656,0.947757,0.563216,0.923116
southern-midlatitudes,cloud-free-area,2002-06,47.306602,221.832085,-143.723830,23.361022,256.577371,-154.524080,0.947757,0.563216,0.923116
southern-midlatitudes,cloud-free-area,2002-07,51.770014,221.020208,-133.613567,24.819788,255.045590,-140.689620,0.947757,0.563216,0.923116
southern-midlatitudes,cloud-free-area,2002-08,69.980135,224.008033,-97.545574,31.687087,255.897583,-91.140907,0.947757,0.563216,0.923116
southern-midlatitudes,cloud-free-area,2002-09,96.366078,224.601295,-36.283288,39.318491,256.263558,-10.897029,0.947757,0.563216,0.923116
southern-midlatitudes,cloud-free-area,2002-10,126.770288,225.790216,31.417016,46.907190,257.656243,79.413547,0.947757,0.563216,0.923116
southern-midlatitudes,cloud-free-area,2002-11,151.573025,230.346774,85.976744,53.657579,261.031041,153.208730,0.947757,0.563216,0.923116
southern-midlatitudes,cloud-free-area,2002-12,162.929437,234.944835,111.674944,55.967192,264.649730,188.932784,0.947757,0.563216,0.923116
southern-midlatitudes,cloud-free-area,2003-01,153.211135,238.965854,99.106807,54.160783,267.951244,169.172546,0.947757,0.563216,0.923116
southern-midlatitudes,cloud-free-area,2003-02,131.507498,241.735969,50.184066,49.080580,269.376270,104.971682,0.947757,0.563216,0.923116
southern-midlatitudes,cloud-free-area,2003-03,107.100066,237.542269,-16.722649,41.154264,267.180197,19.585576,0.947757,0.563216,0.923116
southern-midlatitudes,cloud-free-area,2003-04,80.017418,230.336795,-80.812538,33.176795,262.665480,-66.301581,0.947757,0.563216,0.923116
southern-midlatitudes,cloud-free-area,2003-05,57.660070,225.294888,-125.883552,26.567349,259.312931,-128.809768,0.947757,0.563216,0.923116
southern-midlatitudes,cloud-free-area,2003-06,47.503136,221.371325,-143.458009,23.302171,255.469660,-153.355575,0.947757,0.563216,0.923116
southern-midlatitudes,cloud-free-area,2003-07,51.188517,221.298363,-133.600075,24.770385,254.780763,-140.663817,0.947757,0.563216,0.923116
southern-midlatitudes,cloud-free-area,2003-08,69.893758,221.475068,-95.525367,31.330493,254.346423,-89.833596,0.947757,0.563216,0.923116
southern-midlatitudes,cloud-free-area,2003-09,97.444111,223.727439,-37.281530,39.542206,255.746956,-11.400257,0.947757,0.563216,0.923116
southern-midlatitudes,cloud-free-area,2003-10,128.569355,226.677245,27.649314,46.814858,257.807436,78.274179,0.947757,0.563216,0.923116
southern-midlatitudes,cloud-free-area,2003-11,152.227956,230.400573,84.633070,52.727473,260.648084,153.885401,0.947757,0.563216,0.923116
southern-midlatitudes,cloud-free-area,2003-12,160.364948,236.274873,112.606475,55.498940,264.916513,188.831090,0.947757,0.563216,0.923116
southern-midlatitudes,cloud-free-area,2004-01,153.682442,240.570967,97.171607,53.182549,268.051377,170.190791,0.947757,0.563216,0.923116
southern-midlatitudes,cloud-free-area,2004-02,132.119780,239.907006,50.388903,48.006787,268.956279,105.453074,0.947757,0.563216,0.923116
southern-midlatitudes,cloud-free-area,2004-03,107.175984,237.679484,-19.521656,40.916804,267.566202,16.850491,0.947757,0.563216,0.923116
southern-midlatitudes,cloud-free-area,2004-04,78.316310,231.951711,-82.942955,32.968867,263.078178,-68.722601,0.947757,0.563216,0.923116
southern-midlatitudes,cloud-free-area,2004-05,56.841211,224.798700,-125.905218,26.111308,258.451911,-128.828967,0.947757,0.563216,0.923116
southern-midlatitudes,cloud-free-area,2004-06,47.049793,221.151872,-143.003334,22.984184,256.157027,-153.943114,0.947757,0.563216,0.923116
southern-midlatitudes,cloud-free-area,2004-07,51.958844,222.284684,-134.512349,24.832982,255.091761,-140.192996,0.947757,0.563216,0.923116
southern-midlatitudes,cloud-free-area,2004-08,69.875292,223.190585,-95.412942,31.384925,255.029032,-88.761781,0.947757,0.563216,0.923116
southern-midlatitudes,cloud-free-area,2004-09,97.655431,224.354635,-35.740021,39.797297,256.357544,-9.886385,0.947757,0.563216,0.923116
southern-midlatitudes,cloud-free-area,2004-10,128.356765,226.782470,30.365512,48.513032,258.733683,78.256432,0.947757,0.563216,0.923116
southern-midlatitudes,cloud-free-area,2004-11,151.750540,231.165061,85.983540,53.117586,260.523214,155.260219,0.947757,0.563216,0.923116
southern-midlatitudes,cloud-free-area,2004-12,161.247924,234.704164,113.563785,54.953837,264.142351,190.419504,0.947757,0.563216,0.923116
southern-midlatitudes,cloud-free-area,2005-01,153.407574,239.008210,97.665851,53.198243,267.703487,169.179514,0.947757,0.563216,0.923116
southern-midlatitudes,cloud-free-area,2005-02,135.807264,239.824764,46.026080,48.269028,268.482852,104.906629,0.947757,0.563216,0.923116
southern-midlatitudes,cloud-free-area,2005-03,108.288874,234.847481,-17.036825,41.265978,266.268413,18.565024,0.947757,0.563216,0.923116
southern-midlatitudes,cloud-free-area,2005-04,79.065660,230.301714,-81.383345,33.384865,263.312068,-68.713486,0.947757,0.563216,0.923116
southern-midlatitudes,cloud-free-area,2005-05,57.520899,224.686387,-126.085529,26.618116,258.733526,-129.229238,0.947757,0.563216,0.923116
southern-midlatitudes,cloud-free-area,2005-06,46.866733,222.941530,-144.562494,23.231545,255.727953,-153.714085,0.947757,0.563216,0.923116
southern-midlatitudes,cloud-free-area,2005-07,50.711317,221.952181,-133.198744,25.061326,254.925451,-140.522453,0.947757,0.563216,0.923116
southern-midlatitudes,cloud-free-area,2005-08,70.437752,222.017349,-95.385941,31.284523,255.118806,-89.334701,0.947757,0.563216,0.923116
southern-midlatitudes,cloud-free-area,2005-09,98.071483,224.075751,-36.713183,40.657267,256.032962,-11.257282,0.947757,0.563216,0.923116
southern-midlatitudes,cloud-free-area,2005-10,128.842178,227.198564,28.666039,47.766473,258.118328,78.822289,0.947757,0.563216,0.923116
southern-midlatitudes,cloud-free-area,2005-11,150.772869,231.523981,86.000239,53.215737,261.041011,154.039415,0.947757,0.563216,0.923116
southern-midlatitudes,cloud-free-area,2005-12,160.121487,235.316643,113.848695,54.955926,264.577884,189.752498,0.947757,0.563216,0.923116
southern-midlatitudes,cloud-free-area,2006-01,152.804708,241.091449,96.630857,53.591472,269.102572,167.834350,0.947757,0.563216,0.923116
southern-midlatitudes,cloud-free-area,2006-02,134.007392,239.970598,48.375190,48.477895,268.670658,105.205799,0.947757,0.563216,0.923116
southern-midlatitudes,cloud-free-area,2006-03,107.728660,237.304178,-18.128194,41.498674,267.289628,18.117070,0.947757,0.563216,0.923116
southern-midlatitudes,cloud-free-area,2006-04,80.429244,230.343075,-82.088856,33.376057,262.726657,-67.420609,0.947757,0.563216,0.923116
southern-midlatitudes,cloud-free-area,2006-05,57.631934,225.224711,-126.275397,26.535736,258.461460,-128.415910,0.947757,0.563216,0.923116
southern-midlatitudes,cloud-free-area,2006-06,46.461552,221.832284,-142.962971,23.117606,255.633025,-153.419166,0.947757,0.563216,0.923116
southern-midlatitudes,cloud-free-area,2006-07,51.801380,221.429033,-134.052366,24.972717,254.562432,-140.356313,0.947757,0.563216,0.923116
southern-midlatitudes,cloud-free-area,2006-08,70.162438,220.813327,-94.548064,31.380627,254.611299,-89.563419,0.947757,0.563216,0.923116
southern-midlatitudes,cloud-free-area,2006-09,96.542915,224.270295,-36.168708,40.487679,256.103555,-11.946240,0.947757,0.563216,0.923116
southern-midlatitudes,cloud-free-area,2006-10,128.251685,227.321096,28.303978,47.822832,258.493331,77.561144,0.947757,0.563216,0.923116
southern-midlatitudes,cloud-free-area,2006-11,150.035731,231.571732,86.066948,52.602680,261.141291,153.930595,0.947757,0.563216,0.923116
southern-midlatitudes,cloud-free-area,2006-12,160.741780,234.735187,113.636576,55.721547,264.531915,188.859806,0.947757,0.563216,0.923116
southern-midlatitudes,cloud-free-area,2007-01,152.575821,239.880583,98.390539,54.042785,268.325478,168.479937,0.947757,0.563216,0.923116
southern-midlatitudes,cloud-free-area,2007-02,133.079620,240.630119,49.314223,48.932750,268.415202,105.677257,0.947757,0.563216,0.923116
southern-midlatitudes,cloud-free-area,2007-03,107.508515,236.999108,-16.778273,41.691359,267.132420,18.906173,0.947757,0.563216,0.923116
southern-midlatitudes,cloud-free-area,2007-04,78.644325,231.442606,-80.703358,33.611281,262.960891,-67.189695,0.947757,0.563216,0.923116
southern-midlatitudes,cloud-free-area,2007-05,57.060251,224.631900,-124.725442,26.638079,258.259871,-127.931320,0.947757,0.563216,0.923116
southern-midlatitudes,cloud-free-area,2007-06,46.823465,220.870735,-142.305777,23.374315,255.280226,-153.264602,0.947757,0.563216,0.923116
southern-midlatitudes,cloud-free-area,2007-07,50.331464,221.059218,-132.510925,24.864766,254.173142,-140.157562,0.947757,0.563216,0.923116
southern-midlatitudes,cloud-free-area,2007-08,68.806741,222.932413,-95.901184,31.357156,254.869101,-90.387563,0.947757,0.563216,0.923116
southern-midlatitudes,cloud-free-area,2007-09,97.271300,225.354753,-38.799669,40.369963,256.190456,-12.734590,0.947757,0.563216,0.923116
southern-midlatitudes,cloud-free-area,2007-10,125.651188,228.461697,28.965307,47.123708,258.416594,77.537655,0.947757,0.563216,0.923116
southern-midlatitudes,cloud-free-area,2007-11,149.566771,232.221967,85.392222,52.181516,261.002625,153.996525,0.947757,0.563216,0.923116
southern-midlatitudes,cloud-free-area,2007-12,162.524264,236.970226,109.547320,55.009291,265.305075,188.726978,0.947757,0.563216,0.923116
southern-midlatitudes,cloud-free-area,2008-01,151.417435,241.740654,98.105923,53.552911,268.699874,169.013090,0.947757,0.563216,0.923116
southern-midlatitudes,cloud-free-area,2008-02,133.745926,241.221425,47.241560,48.645745,269.135633,104.428462,0.947757,0.563216,0.923116
southern-midlatitudes,cloud-free-area,2008-03,106.053056,237.109173,-18.029566,41.449198,266.586378,17.097392,0.947757,0.563216,0.923116
southern-midlatitudes,cloud-free-area,2008-04,79.511941,230.143379,-82.491306,33.382056,262.410374,-68.628743,0.947757,0.563216,0.923116
southern-midlatitudes,cloud-free-area,2008-05,56.705135,225.517838,-126.576947,26.664621,258.131053,-129.149645,0.947757,0.563216,0.923116
southern-midlatitudes,cloud-free-area,2008-06,46.729506,221.095436,-142.662455,23.346851,255.231918,-153.415474,0.947757,0.563216,0.923116
southern-midlatitudes,cloud-free-area,2008-07,51.539680,220.134125,-131.903858,24.992361,253.924690,-139.146778,0.947757,0.563216,0.923116
southern-midlatitudes,cloud-free-area,2008-08,69.745938,221.119607,-93.168086,31.277378,253.932551,-87.511886,0.947757,0.563216,0.923116
southern-midlatitudes,cloud-free-area,2008-09,99.009353,222.957133,-35.715089,40.224250,255.587773,-9.560348,0.947757,0.563216,0.923116
southern-midlatitudes,cloud-free-area,2008-10,126.625924,227.249110,31.570891,47.787682,258.228467,79.430355,0.947757,0.563216,0.923116
southern-midlatitudes,cloud-free-area,2008-11,152.939350,231.612064,84.269690,53.121680,261.447508,154.253011,0.947757,0.563216,0.923116
southern-midlatitudes,cloud-free-area,2008-12,160.779891,236.026915,112.527779,54.900301,264.857094,189.577885,0.947757,0.563216,0.923116
southern-midlatitudes,cloud-free-area,2009-01,151.868510,240.085529,98.078015,53.328779,268.299827,168.404417,0.947757,0.563216,0.923116
southern-midlatitudes,cloud-free-area,2009-02,132.183879,240.174047,49.156586,48.461525,268.675758,104.378205,0.947757,0.563216,0.923116
southern-midlatitudes,cloud-free-area,2009-03,106.249723,236.207643,-16.498913,41.349016,266.349887,18.260320,0.947757,0.563216,0.923116
southern-midlatitudes,cloud-free-area,2009-04,78.542706,231.925299,-82.602902,33.524261,262.938665,-68.598175,0.947757,0.563216,0.923116
southern-midlatitudes,cloud-free-area,2009-05,56.860550,225.476252,-126.264427,26.443012,258.767242,-129.137953,0.947757,0.563216,0.923116
southern-midlatitudes,cloud-free-area,2009-06,47.017108,220.830879,-142.609698,23.101582,255.443165,-153.304915,0.947757,0.563216,0.923116
southern-midlatitudes,cloud-free-area,2009-07,51.819561,219.300992,-131.627087,24.871255,253.978155,-139.355456,0.947757,0.563216,0.923116
southern-midlatitudes,cloud-free-area,2009-08,69.285907,220.694992,-92.869435,31.243242,254.252531,-88.385064,0.947757,0.563216,0.923116
southern-midlatitudes,cloud-free-area,2009-09,99.297373,222.842562,-36.651863,39.959837,255.945918,-10.417833,0.947757,0.563216,0.923116
southern-midlatitudes,cloud-free-area,2009-10,127.694414,227.356983,29.629215,46.888475,258.225529,79.567023,0.947757,0.563216,0.923116
southern-midlatitudes,cloud-free-area,2009-11,153.876028,231.044602,83.360883,51.858663,260.786606,155.637805,0.947757,0.563216,0.923116
southern-midlatitudes,cloud-free-area,2009-12,160.713566,235.230600,113.263391,54.501780,264.441426,190.263928,0.947757,0.563216,0.923116
southern-midlatitudes,cloud-free-area,2010-01,152.675724,240.410994,97.338039,53.679705,268.320112,168.427273,0.947757,0.563216,0.923116
southern-midlatitudes,cloud-free-area,2010-02,133.197546,239.981794,49.118919,48.172227,268.865279,105.261795,0.947757,0.563216,0.923116
southern-midlatitudes,cloud-free-area,2010-03,107.302539,236.857102,-17.316904,41.373172,267.013399,18.455803,0.947757,0.563216,0.923116
southern-midlatitudes,cloud-free-area,2010-04,79.434185,229.836025,-80.639009,33.297342,262.774674,-67.441233,0.947757,0.563216,0.923116
southern-midlatitudes,cloud-free-area,2010-05,56.903886,224.776173,-125.155741,26.474514,258.394027,-128.343847,0.947757,0.563216,0.923116
southern-midlatitudes,cloud-free-area,2010-06,47.021434,221.214294,-142.907960,23.194723,255.450840,-153.318907,0.947757,0.563216,0.923116
southern-midlatitudes,cloud-free-area,2010-07,50.986131,223.444089,-135.191909,24.962820,255.453937,-141.179064,0.947757,0.563216,0.923116
southern-midlatitudes,cloud-free-area,2010-08,69.089575,224.085585,-96.625234,31.470359,255.375676,-90.296703,0.947757,0.563216,0.923116
southern-midlatitudes,cloud-free-area,2010-09,97.323849,224.463621,-37.030304,39.885899,256.042450,-11.171888,0.947757,0.563216,0.923116
southern-midlatitudes,cloud-free-area,2010-10,127.907625,227.857692,28.190522,47.476869,258.241826,78.237526,0.947757,0.563216,0.923116
southern-midlatitudes,cloud-free-area,2010-11,154.723391,232.162637,80.927520,53.382200,261.612790,152.819418,0.947757,0.563216,0.923116
southern-midlatitudes,cloud-free-area,2010-12,163.323203,237.114728,108.730950,55.698131,265.584161,187.887385,0.947757,0.563216,0.923116
southern-midlatitudes,cloud-free-area,2011-01,153.254936,241.895754,95.709165,53.516028,269.456135,167.887023,0.947757,0.563216,0.923116
southern-midlatitudes,cloud-free-area,2011-02,135.257839,242.973464,44.780658,48.692073,270.031745,104.289795,0.947757,0.563216,0.923116
southern-midlatitudes,cloud-free-area,2011-03,106.853602,238.896684,-18.079317,41.577322,267.620405,18.474281,0.947757,0.563216,0.923116
southern-midlatitudes,cloud-free-area,2011-04,80.121739,231.368367,-82.097453,33.412609,263.141579,-67.162717,0.947757,0.563216,0.923116
southern-midlatitudes,cloud-free-area,2011-05,57.812218,224.919457,-125.748277,26.515956,258.716712,-128.249827,0.947757,0.563216,0.923116
southern-midlatitudes,cloud-free-area,2011-06,48.068980,220.168043,-142.811784,23.670504,255.513283,-153.758488,0.947757,0.563216,0.923116
southern-midlatitudes,cloud-free-area,2011-07,51.106381,221.144897,-133.294577,25.214120,254.688000,-140.944548,0.947757,0.563216,0.923116
southern-midlatitudes,cloud-free-area,2011-08,69.055225,222.120808,-95.218836,31.422137,254.604799,-90.069870,0.947757,0.563216,0.923116
southern-midlatitudes,cloud-free-area,2011-09,94.501659,224.661205,-35.184221,39.995704,255.524758,-11.541961,0.947757,0.563216,0.923116
southern-midlatitudes,cloud-free-area,2011-10,126.113094,227.114718,30.052978,47.140314,257.883563,78.257268,0.947757,0.563216,0.923116
southern-midlatitudes,cloud-free-area,2011-11,150.919819,231.661122,84.861113,52.453594,260.981425,154.007684,0.947757,0.563216,0.923116
southern-midlatitudes,cloud-free-area,2011-12,164.276914,236.334021,108.682109,55.435020,264.729837,189.127790,0.947757,0.563216,0.923116
southern-midlatitudes,cloud-free-area,2012-01,153.910244,239.744964,97.746964,53.668785,267.905435,169.826886,0.947757,0.563216,0.923116
southern-midlatitudes,cloud-free-area,2012-02,132.530254,238.821340,50.964068,48.223807,267.869559,106.223074,0.947757,0.563216,0.923116
southern-midlatitudes,cloud-free-area,2012-03,108.191292,236.727901,-19.756231,40.979517,266.795284,17.388191,0.947757,0.563216,0.923116
southern-midlatitudes,cloud-free-area,2012-04,79.959671,231.467156,-84.243441,33.226044,262.830840,-68.874525,0.947757,0.563216,0.923116
southern-midlatitudes,cloud-free-area,2012-05,56.455701,224.341105,-125.147465,26.242152,258.113030,-128.705300,0.947757,0.563216,0.923116
southern-midlatitudes,cloud-free-area,2012-06,47.098652,222.207490,-144.093356,23.241970,255.760593,-153.790198,0.947757,0.563216,0.923116
southern-midlatitudes,cloud-free-area,2012-07,51.182207,221.721789,-133.056314,24.992997,254.674561,-139.819696,0.947757,0.563216,0.923116
southern-midlatitudes,cloud-free-area,2012-08,69.960240,222.642640,-94.718310,31.449621,254.742813,-88.307790,0.947757,0.563216,0.923116
southern-midlatitudes,cloud-free-area,2012-09,98.141192,224.679498,-36.295737,39.827139,256.556089,-9.858194,0.947757,0.563216,0.923116
southern-midlatitudes,cloud-free-area,2012-10,126.061213,228.215023,31.438651,46.704145,258.189115,80.822219,0.947757,0.563216,0.923116
southern-midlatitudes,cloud-free-area,2012-11,149.481677,230.246019,89.370637,52.070676,260.444163,156.584530,0.947757,0.563216,0.923116
southern-midlatitudes,cloud-free-area,2012-12,160.946676,235.216848,113.394382,54.646544,264.245926,190.664497,0.947757,0.563216,0.923116
southern-midlatitudes,cloud-free-area,2013-01,151.621198,241.432257,97.081198,53.262421,268.330190,168.543826,0.947757,0.563216,0.923116
southern-midlatitudes,cloud-free-area,2013-02,132.648412,241.089093,47.840041,48.137201,268.724573,104.715377,0.947757,0.563216,0.923116
southern-midlatitudes,cloud-free-area,2013-03,106.761178,237.242048,-18.014554,41.014263,266.633945,18.340757,0.947757,0.563216,0.923116
southern-midlatitudes,cloud-free-area,2013-04,78.757855,230.763076,-81.674229,33.044375,262.568383,-67.766233,0.947757,0.563216,0.923116
southern-midlatitudes,cloud-free-area,2013-05,56.745319,224.658149,-125.315642,26.152273,258.777036,-128.841989,0.947757,0.563216,0.923116
southern-midlatitudes,cloud-free-area,2013-06,47.207254,221.571388,-143.483761,23.179804,255.948329,-153.833128,0.947757,0.563216,0.923116
southern-midlatitudes,cloud-free-area,2013-07,51.825469,221.573679,-133.782078,24.632124,255.300329,-140.314829,0.947757,0.563216,0.923116
southern-midlatitudes,cloud-free-area,2013-08,69.396026,222.885042,-94.977543,31.090859,254.736169,-88.523706,0.947757,0.563216,0.923116
southern-midlatitudes,cloud-free-area,2013-09,97.440923,223.710168,-35.390670,39.478105,255.772904,-9.490105,0.947757,0.563216,0.923116
southern-midlatitudes,cloud-free-area,2013-10,126.245037,228.414371,30.251987,46.933620,258.323070,79.655297,0.947757,0.563216,0.923116
southern-midlatitudes,cloud-free-area,2013-11,152.352149,231.328351,84.824662,51.692950,261.111008,155.702109,0.947757,0.563216,0.923116
southern-midlatitudes,cloud-free-area,2013-12,160.436166,235.058829,113.995463,54.380669,264.653672,190.456733,0.947757,0.563216,0.923116
southern-midlatitudes,cloud-free-area,2014-01,154.639683,240.958913,94.921792,53.208753,268.892519,168.420170,0.947757,0.563216,0.923116
southern-midlatitudes,cloud-free-area,2014-02,134.839310,240.745544,46.638394,48.298591,269.198375,104.726690,0.947757,0.563216,0.923116
southern-midlatitudes,cloud-free-area,2014-03,107.633200,237.637355,-18.329879,41.109036,266.781449,19.049914,0.947757,0.563216,0.923116
southern-midlatitudes,cloud-free-area,2014-04,79.882236,230.393632,-81.632219,33.056449,262.451626,-66.864314,0.947757,0.563216,0.923116
southern-midlatitudes,cloud-free-area,2014-05,57.460474,223.290805,-124.218185,26.188661,258.532044,-128.187859,0.947757,0.563216,0.923116
southern-midlatitudes,cloud-free-area,2014-06,47.364800,221.524433,-143.517993,23.357829,255.713858,-153.700511,0.947757,0.563216,0.923116
southern-midlatitudes,cloud-free-area,2014-07,51.643587,221.422816,-133.746133,24.959498,254.964869,-140.602725,0.947757,0.563216,0.923116
southern-midlatitudes,cloud-free-area,2014-08,69.645687,223.355813,-96.285735,31.276767,255.089823,-89.651233,0.947757,0.563216,0.923116
southern-midlatitudes,cloud-free-area,2014-09,97.249096,224.217773,-36.504480,39.873819,256.049115,-10.960551,0.947757,0.563216,0.923116
southern-midlatitudes,cloud-free-area,2014-10,126.543123,228.057813,29.513697,46.973307,258.054268,79.087359,0.947757,0.563216,0.923116
southern-midlatitudes,cloud-free-area,2014-11,151.342564,230.876181,85.861838,52.129911,260.359318,155.592711,0.947757,0.563216,0.923116
southern-midlatitudes,cloud-free-area,2014-12,160.723568,236.179347,112.507561,54.650137,264.757859,190.002670,0.947757,0.563216,0.923116
southern-midlatitudes,cloud-free-area,2015-01,153.055680,240.083685,97.942453,53.244010,268.245627,169.592268,0.947757,0.563216,0.923116
southern-midlatitudes,cloud-free-area,2015-02,132.829856,241.414991,49.013706,48.088565,268.760713,106.410971,0.947757,0.563216,0.923116
southern-midlatitudes,cloud-free-area,2015-03,107.773459,237.020922,-17.011898,41.223271,266.856624,19.703186,0.947757,0.563216,0.923116
southern-midlatitudes,cloud-free-area,2015-04,79.789555,230.337431,-80.736783,33.471170,262.557469,-66.639994,0.947757,0.563216,0.923116
southern-midlatitudes,cloud-free-area,2015-05,57.333062,225.060332,-125.427958,26.491569,258.745817,-128.272076,0.947757,0.563216,0.923116
southern-midlatitudes,cloud-free-area,2015-06,47.233520,221.583469,-143.376796,23.635418,255.752843,-153.947986,0.947757,0.563216,0.923116
southern-midlatitudes,cloud-free-area,2015-07,51.751228,220.031535,-132.723944,25.414436,254.044461,-140.402107,0.947757,0.563216,0.923116
southern-midlatitudes,cloud-free-area,2015-08,69.151706,221.638312,-94.713702,32.040055,253.917143,-89.880857,0.947757,0.563216,0.923116
southern-midlatitudes,cloud-free-area,2015-09,95.965827,223.927872,-35.767601,40.045915,255.351026,-11.270592,0.947757,0.563216,0.923116
southern-midlatitudes,cloud-free-area,2015-10,125.584160,228.061719,29.796857,47.899992,258.309663,77.234285,0.947757,0.563216,0.923116
southern-midlatitudes,cloud-free-area,2015-11,151.164052,232.898644,83.471052,53.015688,261.368242,153.151227,0.947757,0.563216,0.923116
southern-midlatitudes,cloud-free-area,2015-12,160.571083,236.118554,112.577643,55.476087,264.982376,188.809824,0.947757,0.563216,0.923116
southern-midlatitudes,cloud-free-area,2016-01,154.639380,238.475539,98.266497,53.963378,267.639866,169.779413,0.947757,0.563216,0.923116
southern-midlatitudes,cloud-free-area,2016-02,134.679670,241.110484,46.468702,48.639283,269.150445,104.470735,0.947757,0.563216,0.923116
southern-midlatitudes,cloud-free-area,2016-03,107.469309,236.608348,-18.973534,41.894065,266.463089,16.746881,0.947757,0.563216,0.923116
southern-midlatitudes,cloud-free-area,2016-04,78.961345,230.185480,-82.098370,33.290592,262.656695,-68.899485,0.947757,0.563216,0.923116
southern-midlatitudes,cloud-free-area,2016-05,56.028160,226.329076,-126.763741,26.586600,258.558401,-129.551799,0.947757,0.563216,0.923116
southern-midlatitudes,cloud-free-area,2016-06,46.708282,222.182559,-143.689308,23.187195,255.843535,-153.827557,0.947757,0.563216,0.923116
southern-midlatitudes,cloud-free-area,2016-07,51.736157,221.160506,-132.997479,25.032817,254.373752,-139.506454,0.947757,0.563216,0.923116
southern-midlatitudes,cloud-free-area,2016-08,69.550666,221.880759,-93.507168,31.240401,254.471791,-87.787569,0.947757,0.563216,0.923116
southern-midlatitudes,cloud-free-area,2016-09,97.612105,225.725403,-36.791955,40.342895,255.486277,-9.283544,0.947757,0.563216,0.923116
southern-midlatitudes,cloud-free-area,2016-10,128.147934,226.319048,31.266537,46.771812,257.162543,81.798533,0.947757,0.563216,0.923116
southern-midlatitudes,cloud-free-area,2016-11,149.203869,231.887795,87.959034,52.156586,260.454066,156.441433,0.947757,0.563216,0.923116
southern-midlatitudes,cloud-free-area,2016-12,161.177670,235.674358,112.574623,54.942827,264.730954,189.751775,0.947757,0.563216,0.923116
southern-midlatitudes,cloud-free-area,2017-01,151.960963,240.362754,97.691989,53.261495,268.451315,168.304464,0.947757,0.563216,0.923116
southern-midlatitudes,cloud-free-area,2017-02,131.188021,240.868031,49.373905,48.037755,268.624749,104.768478,0.947757,0.563216,0.923116
southern-midlatitudes,cloud-free-area,2017-03,105.367596,237.212373,-16.758827,41.189095,266.823742,17.807995,0.947757,0.563216,0.923116
southern-midlatitudes,cloud-free-area,2017-04,78.500657,231.589776,-82.345838,33.232933,262.818679,-68.308331,0.947757,0.563216,0.923116
southern-midlatitudes,cloud-free-area,2017-05,56.763405,225.645054,-126.405077,26.848640,258.432199,-129.278007,0.947757,0.563216,0.923116
southern-midlatitudes,cloud-free-area,2017-06,46.468562,222.304503,-143.514982,23.282374,255.627134,-153.651566,0.947757,0.563216,0.923116
southern-midlatitudes,cloud-free-area,2017-07,50.584648,221.976871,-132.967309,24.779755,254.850443,-140.034883,0.947757,0.563216,0.923116
southern-midlatitudes,cloud-free-area,2017-08,70.406639,222.246933,-95.359951,30.860596,255.133262,-88.700713,0.947757,0.563216,0.923116
southern-midlatitudes,cloud-free-area,2017-09,97.474752,224.984221,-36.764770,39.724879,256.163472,-10.193835,0.947757,0.563216,0.923116
southern-midlatitudes,cloud-free-area,2017-10,126.776385,227.777035,30.403298,45.933361,257.820796,81.202466,0.947757,0.563216,0.923116
southern-midlatitudes,cloud-free-area,2017-11,150.969449,232.015177,85.499478,51.079007,260.784624,156.621113,0.947757,0.563216,0.923116
southern-midlatitudes,cloud-free-area,2017-12,158.756524,236.704127,113.835447,54.248842,264.822532,190.223980,0.947757,0.563216,0.923116
southern-midlatitudes,cloud-free-area,2018-01,149.501291,240.915740,99.936886,52.919262,268.266114,169.168093,0.947757,0.563216,0.923116
southern-midlatitudes,cloud-free-area,2018-02,135.192866,239.534862,47.347256,47.991905,268.547894,105.536540,0.947757,0.563216,0.923116
southern-midlatitudes,cloud-free-area,2018-03,105.937674,237.123852,-16.441813,41.136384,266.994169,18.488762,0.947757,0.563216,0.923116
southern-midlatitudes,cloud-free-area,2018-04,77.100387,231.495144,-80.153720,33.259281,263.182787,-68.001671,0.947757,0.563216,0.923116
southern-midlatitudes,cloud-free-area,2018-05,56.133427,225.232764,-124.948475,26.790126,258.316789,-128.688966,0.947757,0.563216,0.923116
southern-midlatitudes,cloud-free-area,2018-06,46.133592,221.304148,-142.117745,23.214475,255.116576,-153.010995,0.947757,0.563216,0.923116
southern-midlatitudes,cloud-free-area,2018-07,50.743558,220.885585,-132.315365,24.864826,254.226480,-139.776349,0.947757,0.563216,0.923116
southern-midlatitudes,cloud-free-area,2018-08,69.805919,220.265307,-93.375000,31.028691,254.128846,-88.461161,0.947757,0.563216,0.923116
southern-midlatitudes,cloud-free-area,2018-09,95.821161,224.503809,-35.394377,39.812162,255.858236,-10.739841,0.947757,0.563216,0.923116
southern-midlatitudes,cloud-free-area,2018-10,124.620726,227.884597,31.629542,46.586033,257.465600,80.083799,0.947757,0.563216,0.923116
southern-midlatitudes,cloud-free-area,2018-11,150.523525,231.315024,86.072754,52.233318,260.261775,155.416285,0.947757,0.563216,0.923116
southern-midlatitudes,cloud-free-area,2018-12,159.275905,235.273669,114.643771,54.744778,264.240881,190.207243,0.947757,0.563216,0.923116
southern-midlatitudes,cloud-free-area,2019-01,153.535656,240.742097,96.488942,53.729899,268.550382,168.486387,0.947757,0.563216,0.923116
southern-midlatitudes,cloud-free-area,2019-02,131.158655,240.719060,50.960891,48.511047,268.714890,105.611858,0.947757,0.563216,0.923116
southern-midlatitudes,cloud-free-area,2019-03,106.199738,237.234314,-15.974178,41.662888,266.302982,19.492563,0.947757,0.563216,0.923116
southern-midlatitudes,cloud-free-area,2019-04,79.630115,230.905931,-81.400662,33.584543,263.037334,-67.487584,0.947757,0.563216,0.923116
southern-midlatitudes,cloud-free-area,2019-05,56.078940,225.879336,-125.131719,26.743177,258.696353,-128.613713,0.947757,0.563216,0.923116
southern-midlatitudes,cloud-free-area,2019-06,47.233082,220.959959,-142.813569,23.358102,256.142805,-154.120161,0.947757,0.563216,0.923116
southern-midlatitudes,cloud-free-area,2019-07,50.627652,221.911336,-133.520384,24.898304,255.052801,-140.933012,0.947757,0.563216,0.923116
southern-midlatitudes,cloud-free-area,2019-08,67.460261,223.798107,-95.179637,31.353853,255.328137,-90.603329,0.947757,0.563216,0.923116
southern-midlatitudes,cloud-free-area,2019-09,95.617266,226.032273,-37.522819,40.427077,256.010296,-12.310511,0.947757,0.563216,0.923116
southern-midlatitudes,cloud-free-area,2019-10,123.909755,227.186782,32.247018,46.953286,256.703372,79.687239,0.947757,0.563216,0.923116
southern-midlatitudes,cloud-free-area,2019-11,150.534208,230.690988,86.148699,52.848902,260.163130,154.362581,0.947757,0.563216,0.923116
southern-midlatitudes,cloud-free-area,2019-12,159.559699,235.399106,114.141146,55.489812,264.232914,189.377915,0.947757,0.563216,0.923116
southern-midlatitudes,cloud-free-area,2020-01,153.082574,240.274876,97.814837,55.447612,267.777366,167.947759,0.947757,0.563216,0.923116
southern-midlatitudes,cloud-free-area,2020-02,131.941082,241.901412,48.178333,50.097940,268.818927,103.104273,0.947757,0.563216,0.923116
southern-midlatitudes,cloud-free-area,2020-03,106.086656,236.967449,-18.151960,42.471008,266.764872,15.665815,0.947757,0.563216,0.923116
southern-midlatitudes,cloud-free-area,2020-04,77.545634,230.767902,-81.376628,34.049581,262.556976,-69.669851,0.947757,0.563216,0.923116
southern-midlatitudes,cloud-free-area,2020-05,55.982942,224.808549,-125.275041,26.831782,258.603078,-129.917044,0.947757,0.563216,0.923116
southern-midlatitudes,cloud-free-area,2020-06,46.112467,223.625038,-144.563887,23.818980,255.898741,-154.544920,0.947757,0.563216,0.923116
southern-midlatitudes,cloud-free-area,2020-07,50.780311,222.147571,-133.007481,25.662213,254.344809,-140.086275,0.947757,0.563216,0.923116
southern-midlatitudes,cloud-free-area,2020-08,70.011003,222.671437,-94.702830,32.238984,254.761184,-89.020146,0.947757,0.563216,0.923116
southern-midlatitudes,cloud-free-area,2020-09,97.959315,224.593111,-35.961994,41.408892,256.027073,-10.845498,0.947757,0.563216,0.923116
southern-midlatitudes,cloud-free-area,2020-10,128.142669,227.744234,29.884141,47.460699,258.298131,80.012975,0.947757,0.563216,0.923116
southern-midlatitudes,cloud-free-area,2020-11,152.413091,232.483759,84.155985,52.993359,261.211213,154.848170,0.947757,0.563216,0.923116
southern-midlatitudes,cloud-free-area,2020-12,163.285792,238.042770,108.166423,54.967941,265.379238,189.148422,0.947757,0.563216,0.923116
southern-midlatitudes,cloud-free-area,2021-01,153.974552,240.614457,95.462852,53.338713,268.520908,168.191695,0.947757,0.563216,0.923116
southern-midlatitudes,cloud-free-area,2021-02,132.670843,242.590220,46.136649,48.346281,269.363747,103.687437,0.947757,0.563216,0.923116
southern-midlatitudes,cloud-free-area,2021-03,107.006987,236.807015,-18.024410,41.038264,266.416964,18.334602,0.947757,0.563216,0.923116
southern-midlatitudes,cloud-free-area,2021-04,78.240399,231.001948,-81.557699,33.168246,262.582610,-68.066651,0.947757,0.563216,0.923116
southern-midlatitudes,cloud-free-area,2021-05,56.897995,224.491950,-125.429041,26.915728,258.518727,-129.473077,0.947757,0.563216,0.923116
southern-midlatitudes,cloud-free-area,2021-06,47.285774,219.400805,-141.420769,23.400231,254.936617,-153.071003,0.947757,0.563216,0.923116
southern-midlatitudes,cloud-free-area,2021-07,51.130872,219.670847,-131.128559,25.122667,254.081772,-139.531300,0.947757,0.563216,0.923116
southern-midlatitudes,cloud-free-area,2021-08,69.251368,222.188834,-94.012986,31.512574,254.667356,-88.751443,0.947757,0.563216,0.923116
southern-midlatitudes,cloud-free-area,2021-09,97.583118,224.767354,-36.476444,40.727562,256.274579,-11.127599,0.947757,0.563216,0.923116
southern-midlatitudes,cloud-free-area,2021-10,126.230112,227.939943,30.915338,46.908795,258.435115,79.741519,0.947757,0.563216,0.923116
southern-midlatitudes,cloud-free-area,2021-11,151.136782,231.260340,86.230619,51.589281,261.098883,155.939557,0.947757,0.563216,0.923116
southern-midlatitudes,cloud-free-area,2021-12,162.594259,237.596733,109.287830,54.613359,265.560212,189.303736,0.947757,0.563216,0.923116
southern-midlatitudes,cloud-free-area,2022-01,153.250919,240.883348,96.424307,53.293152,268.527520,168.739308,0.947757,0.563216,0.923116
southern-midlatitudes,cloud-free-area,2022-02,132.367398,241.935324,48.023284,48.345501,269.347663,104.633658,0.947757,0.563216,0.923116
southern-midlatitudes,cloud-free-area,2022-03,108.552447,236.345172,-18.124087,41.489651,266.597495,18.686225,0.947757,0.563216,0.923116
southern-midlatitudes,cloud-free-area,2022-04,78.812812,232.104825,-82.376312,33.672510,262.949385,-68.082162,0.947757,0.563216,0.923116
southern-midlatitudes,cloud-free-area,2022-05,56.191334,225.571424,-125.268742,26.847297,258.240337,-128.593899,0.947757,0.563216,0.923116
southern-midlatitudes,cloud-free-area,2022-06,46.623481,221.194815,-142.400520,23.716840,255.341551,-153.640347,0.947757,0.563216,0.923116
southern-midlatitudes,cloud-free-area,2022-07,51.032501,221.818457,-133.399869,25.676962,254.601645,-140.827522,0.947757,0.563216,0.923116
southern-midlatitudes,cloud-free-area,2022-08,69.776297,221.074724,-93.949657,32.362983,253.780941,-89.242190,0.947757,0.563216,0.923116
southern-midlatitudes,cloud-free-area,2022-09,96.954514,223.283820,-34.996494,41.261297,255.308776,-11.329171,0.947757,0.563216,0.923116
southern-midlatitudes,cloud-free-area,2022-10,125.427178,226.891277,32.209001,47.734159,257.618997,79.174401,0.947757,0.563216,0.923116
southern-midlatitudes,cloud-free-area,2022-11,152.181735,232.788572,83.338695,52.751697,261.303939,154.254515,0.947757,0.563216,0.923116
southern-midlatitudes,cloud-free-area,2022-12,158.841981,237.299672,113.336222,55.502646,265.320912,188.653684,0.947757,0.563216,0.923116
southern-midlatitudes,cloud-free-area,2023-01,152.751340,241.467318,96.878551,54.025274,268.380124,168.692152,0.947757,0.563216,0.923116
southern-midlatitudes,cloud-free-area,2023-02,132.015407,241.336142,49.823261,49.033910,269.110862,105.030664,0.947757,0.563216,0.923116
southern-midlatitudes,cloud-free-area,2023-03,109.003153,236.907242,-18.140638,42.100573,266.919940,18.750513,0.947757,0.563216,0.923116
southern-midlatitudes,cloud-free-area,2023-04,79.292900,231.506898,-81.453177,34.010876,262.941175,-67.606282,0.947757,0.563216,0.923116
southern-midlatitudes,cloud-free-area,2023-05,57.357435,225.371793,-125.807188,27.020815,258.880935,-128.980717,0.947757,0.563216,0.923116
southern-midlatitudes,cloud-free-area,2023-06,47.066351,221.214029,-142.769526,23.544652,255.213289,-153.246257,0.947757,0.563216,0.923116
southern-midlatitudes,cloud-free-area,2023-07,50.384699,221.571400,-132.790732,25.054779,254.645798,-140.535342,0.947757,0.563216,0.923116
southern-midlatitudes,cloud-free-area,2023-08,67.120984,224.686001,-95.434726,31.296221,255.376785,-90.300675,0.947757,0.563216,0.923116
southern-midlatitudes,cloud-free-area,2023-09,95.097796,225.409091,-35.960954,40.080670,256.161446,-11.697123,0.947757,0.563216,0.923116
southern-midlatitudes,cloud-free-area,2023-10,126.342065,229.390874,28.202979,46.123154,258.811300,79.002892,0.947757,0.563216,0.923116
southern-midlatitudes,cloud-free-area,2023-11,152.858616,232.045669,83.031707,51.790908,261.282307,154.863308,0.947757,0.563216,0.923116
southern-midlatitudes,cloud-free-area,2023-12,162.058912,235.962232,111.582694,54.788668,264.713947,190.101087,0.947757,0.563216,0.923116
southern-midlatitudes,cloud-free-area,2024-01,152.763568,239.796773,99.064762,53.383898,267.969963,170.272342,0.947757,0.563216,0.923116
southern-midlatitudes,cloud-free-area,2024-02,131.479851,241.070653,49.726020,48.103913,269.208792,104.964920,0.947757,0.563216,0.923116
southern-midlatitudes,cloud-free-area,2024-03,106.212676,237.444288,-18.503612,41.011587,266.896534,17.246309,0.947757,0.563216,0.923116
southern-midlatitudes,cloud-free-area,2024-04,78.856345,231.655478,-83.389935,33.162431,262.975669,-69.017759,0.947757,0.563216,0.923116
southern-midlatitudes,cloud-free-area,2024-05,55.771303,227.204799,-127.365500,26.495718,258.806072,-129.690905,0.947757,0.563216,0.923116
southern-midlatitudes,cloud-free-area,2024-06,47.062697,222.101692,-143.865066,23.235453,255.631085,-153.566053,0.947757,0.563216,0.923116
southern-midlatitudes,cloud-free-area,2024-07,50.532414,223.103895,-133.516392,25.087575,255.347152,-140.314032,0.947757,0.563216,0.923116
southern-midlatitudes,cloud-free-area,2024-08,69.404131,222.623111,-93.827657,31.884632,254.907705,-88.592764,0.947757,0.563216,0.923116
southern-midlatitudes,cloud-free-area,2024-09,95.385017,225.621328,-33.918459,40.890627,256.481356,-10.284789,0.947757,0.563216,0.923116
southern-midlatitudes,cloud-free-area,2024-10,125.246557,228.647095,32.288753,46.324007,258.542238,81.317265,0.947757,0.563216,0.923116
southern-midlatitudes,cloud-free-area,2024-11,149.125987,232.357589,88.066544,51.871183,261.208081,156.470963,0.947757,0.563216,0.923116
southern-midlatitudes,cloud-free-area,2024-12,158.390112,238.340250,113.218293,55.048008,265.543272,189.357632,0.947757,0.563216,0.923116
southern-midlatitudes,cloud-free-area,2025-01,149.659771,240.768431,99.986814,53.268680,268.375310,168.771948,0.947757,0.563216,0.923116
southern-midlatitudes,cloud-free-area,2025-02,132.245257,242.648894,46.773681,48.559852,270.225851,102.882185,0.947757,0.563216,0.923116
southern-midlatitudes,cloud-free-area,2025-03,105.680385,238.013747,-17.651288,41.465050,266.939114,17.639272,0.947757,0.563216,0.923116
southern-midlatitudes,cloud-free-area,2025-04,79.150393,231.038278,-82.366704,33.521550,262.773709,-68.473896,0.947757,0.563216,0.923116
southern-midlatitudes,cloud-free-area,2025-05,55.636699,227.443529,-127.053397,26.719909,259.653554,-130.346686,0.947757,0.563216,0.923116
southern-midlatitudes,cloud-free-area,2025-06,45.879539,222.786271,-143.300121,23.339366,255.671080,-153.644021,0.947757,0.563216,0.923116
southern-midlatitudes,cloud-free-area,2025-07,50.322419,222.701431,-133.192310,24.963511,255.027015,-140.157623,0.947757,0.563216,0.923116
southern-midlatitudes,cloud-free-area,2025-08,68.815377,223.242561,-94.416237,31.524126,255.356861,-89.237913,0.947757,0.563216,0.923116
southern-midlatitudes,cloud-free-area,2025-09,95.948410,225.328708,-35.129899,40.157352,256.229780,-10.239020,0.947757,0.563216,0.923116
southern-midlatitudes,cloud-free-area,2025-10,125.349872,227.958491,32.084291,46.935976,258.142085,80.314381,0.947757,0.563216,0.923116
southern-midlatitudes,cloud-free-area,2025-11,148.455486,232.403573,88.127734,52.570288,260.680343,155.735593,0.947757,0.563216,0.923116
southern-midlatitudes,cloud-free-area,2025-12,158.558781,236.389718,114.667867,54.536025,264.714720,190.365778,0.947757,0.563216,0.923116
southern-midlatitudes,cloud-free-area,2026-01,148.830230,242.805932,98.972028,53.172029,268.893597,168.543535,0.947757,0.563216,0.923116
southern-midlatitudes,cloud-free-area,2026-02,130.630941,241.663260,49.938754,48.003984,269.345869,104.884713,0.947757,0.563216,0.923116
southern-midlatitudes,cloud-free-area,2026-03,106.212314,239.395169,-18.915714,41.126529,267.799998,17.767236,0.947757,0.563216,0.923116
southern-midlatitudes,cloud-free-area,2026-04,77.510803,232.215870,-81.288997,33.045613,262.933367,-67.542645,0.947757,0.563216,0.923116
southern-midlatitudes,cloud-free-area,2026-05,56.672370,226.495285,-126.728518,26.444051,259.074053,-129.080837,0.947757,0.563216,0.923116
southern-midlatitudes,total-region,2000-03,108.707701,237.976027,-21.233578,42.131419,265.624293,17.694314,0.956181,0.544597,0.944481
southern-midlatitudes,total-region,2000-04,79.936945,231.182035,-83.634697,34.490374,261.461955,-68.467703,0.956181,0.544597,0.944481
southern-midlatitudes,total-region,2000-05,57.836751,225.859257,-127.869185,26.820274,257.027359,-128.020907,0.956181,0.544597,0.944481
southern-midlatitudes,total-region,2000-06,47.781141,220.874212,-143.409838,23.573140,253.665561,-151.993606,0.956181,0.544597,0.944481
southern-midlatitudes,total-region,2000-07,52.184932,220.520300,-132.929095,25.781080,251.960457,-137.965663,0.956181,0.544597,0.944481
southern-midlatitudes,total-region,2000-08,70.473422,221.311988,-94.059266,33.250477,252.680778,-88.204034,0.956181,0.544597,0.944481
southern-midlatitudes,total-region,2000-09,98.739530,223.045164,-35.553671,41.525000,253.463296,-8.756348,0.956181,0.544597,0.944481
southern-midlatitudes,total-region,2000-10,129.264849,227.422680,29.009774,48.636213,256.408900,80.651680,0.956181,0.544597,0.944481
southern-midlatitudes,total-region,2000-11,152.202999,229.865094,87.069666,53.385154,258.356986,157.395885,0.956181,0.544597,0.944481
southern-midlatitudes,total-region,2000-12,160.347850,235.954859,113.512349,56.637845,262.783268,190.394970,0.956181,0.544597,0.944481
southern-midlatitudes,total-region,2001-01,148.553587,240.525082,101.472633,54.735227,265.975048,169.842958,0.956181,0.544597,0.944481
southern-midlatitudes,total-region,2001-02,132.853116,241.326593,47.872347,49.521957,267.406504,105.124093,0.956181,0.544597,0.944481
southern-midlatitudes,total-region,2001-03,106.188621,237.768218,-17.636376,42.516539,265.546360,18.257947,0.956181,0.544597,0.944481
southern-midlatitudes,total-region,2001-04,81.332040,231.033877,-84.222180,34.737897,260.984163,-67.578653,0.956181,0.544597,0.944481
southern-midlatitudes,total-region,2001-05,57.910109,225.249465,-126.878236,26.871272,256.042525,-126.632359,0.956181,0.544597,0.944481
southern-midlatitudes,total-region,2001-06,46.773226,222.097539,-143.544003,24.121776,254.083550,-152.878781,0.956181,0.544597,0.944481
southern-midlatitudes,total-region,2001-07,52.273918,219.986349,-132.732144,25.567418,251.552529,-137.592660,0.956181,0.544597,0.944481
southern-midlatitudes,total-region,2001-08,70.636272,222.861292,-96.417687,32.094517,252.782876,-87.797751,0.956181,0.544597,0.944481
southern-midlatitudes,total-region,2001-09,98.492359,223.772127,-36.839985,40.412851,254.204948,-9.193049,0.956181,0.544597,0.944481
southern-midlatitudes,total-region,2001-10,132.367973,225.953376,26.502066,48.004309,256.305544,80.514167,0.956181,0.544597,0.944481
southern-midlatitudes,total-region,2001-11,150.533224,232.042277,85.906010,52.615176,258.964259,156.901883,0.956181,0.544597,0.944481
southern-midlatitudes,total-region,2001-12,165.039352,236.776887,107.829408,55.677651,263.119424,190.848097,0.956181,0.544597,0.944481
southern-midlatitudes,total-region,2002-01,157.909787,238.790418,94.370211,54.078914,265.893731,171.096820,0.956181,0.544597,0.944481
southern-midlatitudes,total-region,2002-02,137.971495,240.425802,44.461963,48.795953,266.599404,107.462616,0.956181,0.544597,0.944481
southern-midlatitudes,total-region,2002-03,109.709050,236.025965,-18.427540,42.585611,265.411480,19.310180,0.956181,0.544597,0.944481
southern-midlatitudes,total-region,2002-04,80.885068,231.409460,-83.399988,33.694249,260.605775,-65.405650,0.956181,0.544597,0.944481
southern-midlatitudes,total-region,2002-05,57.522367,225.229401,-126.050914,26.766914,256.518067,-126.584414,0.956181,0.544597,0.944481
southern-midlatitudes,total-region,2002-06,47.306602,221.832085,-143.723830,23.577991,254.299786,-152.462966,0.956181,0.544597,0.944481
southern-midlatitudes,total-region,2002-07,51.770014,221.020208,-133.613567,25.013593,252.880490,-138.718489,0.956181,0.544597,0.944481
southern-midlatitudes,total-region,2002-08,69.980135,224.008033,-97.545574,32.015083,253.714389,-89.286200,0.956181,0.544597,0.944481
southern-midlatitudes,total-region,2002-09,96.366078,224.601295,-36.283288,39.925320,254.010604,-9.251991,0.956181,0.544597,0.944481
southern-midlatitudes,total-region,2002-10,126.770288,225.790216,31.417016,47.620257,255.231965,81.125531,0.956181,0.544597,0.944481
southern-midlatitudes,total-region,2002-11,151.573025,230.346774,85.976744,54.606910,258.565285,154.724403,0.956181,0.544597,0.944481
southern-midlatitudes,total-region,2002-12,162.929437,234.944835,111.674944,56.778822,262.092878,190.677066,0.956181,0.544597,0.944481
southern-midlatitudes,total-region,2003-01,153.211135,238.965854,99.106807,55.128738,265.428394,170.726999,0.956181,0.544597,0.944481
southern-midlatitudes,total-region,2003-02,131.507498,241.735969,50.184066,49.956253,266.948621,106.522648,0.956181,0.544597,0.944481
southern-midlatitudes,total-region,2003-03,107.100066,237.542269,-16.722649,41.738907,264.535418,21.645242,0.956181,0.544597,0.944481
southern-midlatitudes,total-region,2003-04,80.017418,230.336795,-80.812538,33.531525,260.136007,-64.126052,0.956181,0.544597,0.944481
southern-midlatitudes,total-region,2003-05,57.660070,225.294888,-125.883552,26.828808,256.975116,-126.732860,0.956181,0.544597,0.944481
southern-midlatitudes,total-region,2003-06,47.503136,221.371325,-143.458009,23.466540,253.222915,-151.272911,0.956181,0.544597,0.944481
southern-midlatitudes,total-region,2003-07,51.188517,221.298363,-133.600075,24.930335,252.666433,-138.709693,0.956181,0.544597,0.944481
southern-midlatitudes,total-region,2003-08,69.893758,221.475068,-95.525367,31.721784,252.008273,-87.886747,0.956181,0.544597,0.944481
southern-midlatitudes,total-region,2003-09,97.444111,223.727439,-37.281530,40.025330,253.513754,-9.649525,0.956181,0.544597,0.944481
southern-midlatitudes,total-region,2003-10,128.569355,226.677245,27.649314,47.389640,255.270537,80.235163,0.956181,0.544597,0.944481
southern-midlatitudes,total-region,2003-11,152.227956,230.400573,84.633070,53.580212,258.130963,155.549429,0.956181,0.544597,0.944481
southern-midlatitudes,total-region,2003-12,160.364948,236.274873,112.606475,56.233793,262.629622,190.382622,0.956181,0.544597,0.944481
southern-midlatitudes,total-region,2004-01,153.682442,240.570967,97.171607,53.955398,265.625480,171.844090,0.956181,0.544597,0.944481
southern-midlatitudes,total-region,2004-02,132.119780,239.907006,50.388903,48.629613,266.395812,107.390347,0.956181,0.544597,0.944481
southern-midlatitudes,total-region,2004-03,107.175984,237.679484,-19.521656,41.411150,264.948800,18.973359,0.956181,0.544597,0.944481
southern-midlatitudes,total-region,2004-04,78.316310,231.951711,-82.942955,33.421880,260.588721,-66.684951,0.956181,0.544597,0.944481
southern-midlatitudes,total-region,2004-05,56.841211,224.798700,-125.905218,26.350167,255.974681,-126.591237,0.956181,0.544597,0.944481
southern-midlatitudes,total-region,2004-06,47.049793,221.151872,-143.003334,23.227149,253.842845,-151.872143,0.956181,0.544597,0.944481
southern-midlatitudes,total-region,2004-07,51.958844,222.284684,-134.512349,25.032262,252.847696,-138.149113,0.956181,0.544597,0.944481
southern-midlatitudes,total-region,2004-08,69.875292,223.190585,-95.412942,31.753869,252.696475,-86.797978,0.956181,0.544597,0.944481
southern-midlatitudes,total-region,2004-09,97.655431,224.354635,-35.740021,40.598343,254.027252,-8.356420,0.956181,0.544597,0.944481
southern-midlatitudes,total-region,2004-10,128.356765,226.782470,30.365512,49.210103,256.219411,80.074080,0.956181,0.544597,0.944481
southern-midlatitudes,total-region,2004-11,151.750540,231.165061,85.983540,53.829669,257.901954,157.167967,0.956181,0.544597,0.944481
southern-midlatitudes,total-region,2004-12,161.247924,234.704164,113.563785,56.058849,261.666051,191.791096,0.956181,0.544597,0.944481
southern-midlatitudes,total-region,2005-01,153.407574,239.008210,97.665851,54.132679,265.086772,170.861971,0.956181,0.544597,0.944481
southern-midlatitudes,total-region,2005-02,135.807264,239.824764,46.026080,48.890085,265.949922,106.818423,0.956181,0.544597,0.944481
southern-midlatitudes,total-region,2005-03,108.288874,234.847481,-17.036825,41.842737,263.640346,20.616739,0.956181,0.544597,0.944481
southern-midlatitudes,total-region,2005-04,79.065660,230.301714,-81.383345,33.741630,260.607945,-66.365798,0.956181,0.544597,0.944481
southern-midlatitudes,total-region,2005-05,57.520899,224.686387,-126.085529,26.898519,256.305555,-127.081955,0.956181,0.544597,0.944481
southern-midlatitudes,total-region,2005-06,46.866733,222.941530,-144.562494,23.421535,253.460487,-151.636439,0.956181,0.544597,0.944481
southern-midlatitudes,total-region,2005-07,50.711317,221.952181,-133.198744,25.286309,252.882971,-138.705132,0.956181,0.544597,0.944481
southern-midlatitudes,total-region,2005-08,70.437752,222.017349,-95.385941,31.484167,252.762845,-87.178083,0.956181,0.544597,0.944481
southern-midlatitudes,total-region,2005-09,98.071483,224.075751,-36.713183,41.375868,253.618962,-9.562134,0.956181,0.544597,0.944481
southern-midlatitudes,total-region,2005-10,128.842178,227.198564,28.666039,48.525747,255.651707,80.528767,0.956181,0.544597,0.944481
southern-midlatitudes,total-region,2005-11,150.772869,231.523981,86.000239,54.425102,258.592750,155.278895,0.956181,0.544597,0.944481
southern-midlatitudes,total-region,2005-12,160.121487,235.316643,113.848695,55.786375,262.087273,191.413369,0.956181,0.544597,0.944481
southern-midlatitudes,total-region,2006-01,152.804708,241.091449,96.630857,54.359377,266.520663,169.646781,0.956181,0.544597,0.944481
southern-midlatitudes,total-region,2006-02,134.007392,239.970598,48.375190,49.029805,266.378021,106.944767,0.956181,0.544597,0.944481
southern-midlatitudes,total-region,2006-03,107.728660,237.304178,-18.128194,42.085689,264.649178,20.169956,0.956181,0.544597,0.944481
southern-midlatitudes,total-region,2006-04,80.429244,230.343075,-82.088856,33.596684,260.308491,-65.221932,0.956181,0.544597,0.944481
southern-midlatitudes,total-region,2006-05,57.631934,225.224711,-126.275397,26.735017,255.987858,-126.142043,0.956181,0.544597,0.944481
southern-midlatitudes,total-region,2006-06,46.461552,221.832284,-142.962971,23.335451,253.430298,-151.434019,0.956181,0.544597,0.944481
southern-midlatitudes,total-region,2006-07,51.801380,221.429033,-134.052366,25.133759,252.353790,-138.309507,0.956181,0.544597,0.944481
southern-midlatitudes,total-region,2006-08,70.162438,220.813327,-94.548064,31.673195,252.279385,-87.524631,0.956181,0.544597,0.944481
southern-midlatitudes,total-region,2006-09,96.542915,224.270295,-36.168708,41.174187,253.729143,-10.258654,0.956181,0.544597,0.944481
southern-midlatitudes,total-region,2006-10,128.251685,227.321096,28.303978,48.437034,256.118346,79.321836,0.956181,0.544597,0.944481
southern-midlatitudes,total-region,2006-11,150.035731,231.571732,86.066948,53.658774,258.711632,155.304689,0.956181,0.544597,0.944481
southern-midlatitudes,total-region,2006-12,160.741780,234.735187,113.636576,56.884660,262.015783,190.213558,0.956181,0.544597,0.944481
southern-midlatitudes,total-region,2007-01,152.575821,239.880583,98.390539,54.931134,265.861727,170.054434,0.956181,0.544597,0.944481
southern-midlatitudes,total-region,2007-02,133.079620,240.630119,49.314223,49.562987,266.084499,107.376331,0.956181,0.544597,0.944481
southern-midlatitudes,total-region,2007-03,107.508515,236.999108,-16.778273,42.194557,264.535168,20.999221,0.956181,0.544597,0.944481
southern-midlatitudes,total-region,2007-04,78.644325,231.442606,-80.703358,33.969106,260.521360,-65.106885,0.956181,0.544597,0.944481
southern-midlatitudes,total-region,2007-05,57.060251,224.631900,-124.725442,26.922444,256.072011,-126.027519,0.956181,0.544597,0.944481
southern-midlatitudes,total-region,2007-06,46.823465,220.870735,-142.305777,23.586293,252.861316,-151.059411,0.956181,0.544597,0.944481
southern-midlatitudes,total-region,2007-07,50.331464,221.059218,-132.510925,25.075722,251.857401,-138.052971,0.956181,0.544597,0.944481
southern-midlatitudes,total-region,2007-08,68.806741,222.932413,-95.901184,31.644220,252.567106,-88.372802,0.956181,0.544597,0.944481
southern-midlatitudes,total-region,2007-09,97.271300,225.354753,-38.799669,40.928771,253.969537,-11.072040,0.956181,0.544597,0.944481
southern-midlatitudes,total-region,2007-10,125.651188,228.461697,28.965307,47.863861,256.069681,79.144168,0.956181,0.544597,0.944481
southern-midlatitudes,total-region,2007-11,149.566771,232.221967,85.392222,52.902795,258.500287,155.777176,0.956181,0.544597,0.944481
southern-midlatitudes,total-region,2007-12,162.524264,236.970226,109.547320,55.949619,262.473118,190.618284,0.956181,0.544597,0.944481
southern-midlatitudes,total-region,2008-01,151.417435,241.740654,98.105923,54.316689,266.351274,170.597501,0.956181,0.544597,0.944481
southern-midlatitudes,total-region,2008-02,133.745926,241.221425,47.241560,49.415987,266.473396,106.319490,0.956181,0.544597,0.944481
southern-midlatitudes,total-region,2008-03,106.053056,237.109173,-18.029566,42.052672,263.979825,19.099912,0.956181,0.544597,0.944481
southern-midlatitudes,total-region,2008-04,79.511941,230.143379,-82.491306,33.792638,259.889824,-66.518284,0.956181,0.544597,0.944481
southern-midlatitudes,total-region,2008-05,56.705135,225.517838,-126.576947,26.879670,255.661535,-126.894564,0.956181,0.544597,0.944481
southern-midlatitudes,total-region,2008-06,46.729506,221.095436,-142.662455,23.578978,252.920168,-151.336219,0.956181,0.544597,0.944481
southern-midlatitudes,total-region,2008-07,51.539680,220.134125,-131.903858,25.207024,251.491542,-136.928820,0.956181,0.544597,0.944481
southern-midlatitudes,total-region,2008-08,69.745938,221.119607,-93.168086,31.518522,251.682994,-85.503824,0.956181,0.544597,0.944481
southern-midlatitudes,total-region,2008-09,99.009353,222.957133,-35.715089,40.813591,253.155114,-7.717102,0.956181,0.544597,0.944481
southern-midlatitudes,total-region,2008-10,126.625924,227.249110,31.570891,48.465280,255.876550,81.104046,0.956181,0.544597,0.944481
southern-midlatitudes,total-region,2008-11,152.939350,231.612064,84.269690,54.000847,258.978990,155.841622,0.956181,0.544597,0.944481
southern-midlatitudes,total-region,2008-12,160.779891,236.026915,112.527779,55.920890,262.244371,191.169607,0.956181,0.544597,0.944481
southern-midlatitudes,total-region,2009-01,151.868510,240.085529,98.078015,54.147167,265.671505,170.213325,0.956181,0.544597,0.944481
southern-midlatitudes,total-region,2009-02,132.183879,240.174047,49.156586,49.137844,265.899802,106.476884,0.956181,0.544597,0.944481
southern-midlatitudes,total-region,2009-03,106.249723,236.207643,-16.498913,41.834166,263.738969,20.385639,0.956181,0.544597,0.944481
southern-midlatitudes,total-region,2009-04,78.542706,231.925299,-82.602902,33.880361,260.512145,-66.527362,0.956181,0.544597,0.944481
southern-midlatitudes,total-region,2009-05,56.860550,225.476252,-126.264427,26.690212,256.267685,-126.885103,0.956181,0.544597,0.944481
southern-midlatitudes,total-region,2009-06,47.017108,220.830879,-142.609698,23.296259,253.016390,-151.073824,0.956181,0.544597,0.944481
southern-midlatitudes,total-region,2009-07,51.819561,219.300992,-131.627087,25.120949,251.822880,-137.450053,0.956181,0.544597,0.944481
southern-midlatitudes,total-region,2009-08,69.285907,220.694992,-92.869435,31.369802,252.024714,-86.283512,0.956181,0.544597,0.944481
southern-midlatitudes,total-region,2009-09,99.297373,222.842562,-36.651863,40.401486,253.348146,-8.261637,0.956181,0.544597,0.944481
southern-midlatitudes,total-region,2009-10,127.694414,227.356983,29.629215,47.479302,255.781859,81.419573,0.956181,0.544597,0.944481
southern-midlatitudes,total-region,2009-11,153.876028,231.044602,83.360883,52.759773,258.144650,157.377336,0.956181,0.544597,0.944481
southern-midlatitudes,total-region,2009-12,160.713566,235.230600,113.263391,55.636575,261.713058,191.857352,0.956181,0.544597,0.944481
southern-midlatitudes,total-region,2010-01,152.675724,240.410994,97.338039,54.496479,265.929259,169.998732,0.956181,0.544597,0.944481
southern-midlatitudes,total-region,2010-02,133.197546,239.981794,49.118919,48.755174,266.310653,107.232051,0.956181,0.544597,0.944481
southern-midlatitudes,total-region,2010-03,107.302539,236.857102,-17.316904,41.950713,264.506909,20.385278,0.956181,0.544597,0.944481
southern-midlatitudes,total-region,2010-04,79.434185,229.836025,-80.639009,33.694112,260.260399,-65.323665,0.956181,0.544597,0.944481
southern-midlatitudes,total-region,2010-05,56.903886,224.776173,-125.155741,26.786191,255.990526,-126.252031,0.956181,0.544597,0.944481
southern-midlatitudes,total-region,2010-06,47.021434,221.214294,-142.907960,23.432126,253.028206,-151.132852,0.956181,0.544597,0.944481
southern-midlatitudes,total-region,2010-07,50.986131,223.444089,-135.191909,25.214207,253.239253,-139.215415,0.956181,0.544597,0.944481
southern-midlatitudes,total-region,2010-08,69.089575,224.085585,-96.625234,31.870628,253.213116,-88.534347,0.956181,0.544597,0.944481
southern-midlatitudes,total-region,2010-09,97.323849,224.463621,-37.030304,40.554009,253.624604,-9.422059,0.956181,0.544597,0.944481
southern-midlatitudes,total-region,2010-10,127.907625,227.857692,28.190522,48.078344,255.865468,80.011505,0.956181,0.544597,0.944481
southern-midlatitudes,total-region,2010-11,154.723391,232.162637,80.927520,54.403589,258.767290,154.642390,0.956181,0.544597,0.944481
southern-midlatitudes,total-region,2010-12,163.323203,237.114728,108.730950,56.508320,262.867180,189.793750,0.956181,0.544597,0.944481
southern-midlatitudes,total-region,2011-01,153.254936,241.895754,95.709165,54.323625,266.877486,169.658106,0.956181,0.544597,0.944481
southern-midlatitudes,total-region,2011-02,135.257839,242.973464,44.780658,49.363659,267.517130,106.130770,0.956181,0.544597,0.944481
southern-midlatitudes,total-region,2011-03,106.853602,238.896684,-18.079317,42.018652,265.150220,20.502279,0.956181,0.544597,0.944481
southern-midlatitudes,total-region,2011-04,80.121739,231.368367,-82.097453,33.703733,260.570956,-64.882344,0.956181,0.544597,0.944481
southern-midlatitudes,total-region,2011-05,57.812218,224.919457,-125.748277,26.744510,256.236272,-125.997967,0.956181,0.544597,0.944481
southern-midlatitudes,total-region,2011-06,48.068980,220.168043,-142.811784,23.983728,253.094384,-151.652549,0.956181,0.544597,0.944481
southern-midlatitudes,total-region,2011-07,51.106381,221.144897,-133.294577,25.474390,252.338992,-138.857118,0.956181,0.544597,0.944481
southern-midlatitudes,total-region,2011-08,69.055225,222.120808,-95.218836,31.721274,252.213253,-87.978067,0.956181,0.544597,0.944481
southern-midlatitudes,total-region,2011-09,94.501659,224.661205,-35.184221,40.611119,253.378959,-10.010621,0.956181,0.544597,0.944481
southern-midlatitudes,total-region,2011-10,126.113094,227.114718,30.052978,47.934406,255.192736,80.153046,0.956181,0.544597,0.944481
southern-midlatitudes,total-region,2011-11,150.919819,231.661122,84.861113,53.471000,258.506998,155.464360,0.956181,0.544597,0.944481
southern-midlatitudes,total-region,2011-12,164.276914,236.334021,108.682109,56.686240,261.901192,190.705557,0.956181,0.544597,0.944481
southern-midlatitudes,total-region,2012-01,153.910244,239.744964,97.746964,54.591187,265.368673,171.441848,0.956181,0.544597,0.944481
southern-midlatitudes,total-region,2012-02,132.530254,238.821340,50.964068,48.807464,265.195041,108.312395,0.956181,0.544597,0.944481
southern-midlatitudes,total-region,2012-03,108.191292,236.727901,-19.756231,41.412723,264.295761,19.454171,0.956181,0.544597,0.944481
southern-midlatitudes,total-region,2012-04,79.959671,231.467156,-84.243441,33.639629,260.142699,-66.598884,0.956181,0.544597,0.944481
southern-midlatitudes,total-region,2012-05,56.455701,224.341105,-125.147465,26.524573,255.842693,-126.717365,0.956181,0.544597,0.944481
southern-midlatitudes,total-region,2012-06,47.098652,222.207490,-144.093356,23.439977,253.477096,-151.704586,0.956181,0.544597,0.944481
southern-midlatitudes,total-region,2012-07,51.182207,221.721789,-133.056314,25.190639,252.491320,-137.834152,0.956181,0.544597,0.944481
southern-midlatitudes,total-region,2012-08,69.960240,222.642640,-94.718310,31.898361,252.378932,-86.392879,0.956181,0.544597,0.944481
southern-midlatitudes,total-region,2012-09,98.141192,224.679498,-36.295737,40.411706,254.196076,-8.082113,0.956181,0.544597,0.944481
southern-midlatitudes,total-region,2012-10,126.061213,228.215023,31.438651,47.470069,255.676434,82.568729,0.956181,0.544597,0.944481
southern-midlatitudes,total-region,2012-11,149.481677,230.246019,89.370637,53.160497,257.803990,158.134355,0.956181,0.544597,0.944481
southern-midlatitudes,total-region,2012-12,160.946676,235.216848,113.394382,55.676184,261.736543,192.144617,0.956181,0.544597,0.944481
southern-midlatitudes,total-region,2013-01,151.621198,241.432257,97.081198,54.047552,265.755216,170.331779,0.956181,0.544597,0.944481
southern-midlatitudes,total-region,2013-02,132.648412,241.089093,47.840041,48.814760,266.394679,106.367783,0.956181,0.544597,0.944481
southern-midlatitudes,total-region,2013-03,106.761178,237.242048,-18.014554,41.588891,263.925654,20.474394,0.956181,0.544597,0.944481
southern-midlatitudes,total-region,2013-04,78.757855,230.763076,-81.674229,33.288665,259.859509,-65.301336,0.956181,0.544597,0.944481
southern-midlatitudes,total-region,2013-05,56.745319,224.658149,-125.315642,26.287277,256.441426,-126.640580,0.956181,0.544597,0.944481
southern-midlatitudes,total-region,2013-06,47.207254,221.571388,-143.483761,23.360179,253.647620,-151.712290,0.956181,0.544597,0.944481
southern-midlatitudes,total-region,2013-07,51.825469,221.573679,-133.782078,24.812303,252.861378,-138.056793,0.956181,0.544597,0.944481
southern-midlatitudes,total-region,2013-08,69.396026,222.885042,-94.977543,31.304182,252.521200,-86.521639,0.956181,0.544597,0.944481
southern-midlatitudes,total-region,2013-09,97.440923,223.710168,-35.390670,39.920878,253.382671,-7.542592,0.956181,0.544597,0.944481
southern-midlatitudes,total-region,2013-10,126.245037,228.414371,30.251987,47.471668,255.850585,81.589737,0.956181,0.544597,0.944481
southern-midlatitudes,total-region,2013-11,152.352149,231.328351,84.824662,52.743707,258.302986,157.457461,0.956181,0.544597,0.944481
southern-midlatitudes,total-region,2013-12,160.436166,235.058829,113.995463,55.301335,261.906389,192.283396,0.956181,0.544597,0.944481
southern-midlatitudes,total-region,2014-01,154.639683,240.958913,94.921792,54.037179,266.181759,170.301565,0.956181,0.544597,0.944481
southern-midlatitudes,total-region,2014-02,134.839310,240.745544,46.638394,49.061851,266.259803,106.901327,0.956181,0.544597,0.944481
southern-midlatitudes,total-region,2014-03,107.633200,237.637355,-18.329879,41.628652,264.186465,21.125589,0.956181,0.544597,0.944481
southern-midlatitudes,total-region,2014-04,79.882236,230.393632,-81.632219,33.429543,259.934047,-64.719949,0.956181,0.544597,0.944481
southern-midlatitudes,total-region,2014-05,57.460474,223.290805,-124.218185,26.411767,255.959398,-125.838080,0.956181,0.544597,0.944481
southern-midlatitudes,total-region,2014-06,47.364800,221.524433,-143.517993,23.597559,253.378396,-151.606349,0.956181,0.544597,0.944481
southern-midlatitudes,total-region,2014-07,51.643587,221.422816,-133.746133,25.191239,252.859472,-138.729820,0.956181,0.544597,0.944481
southern-midlatitudes,total-region,2014-08,69.645687,223.355813,-96.285735,31.476566,252.875640,-87.636722,0.956181,0.544597,0.944481
southern-midlatitudes,total-region,2014-09,97.249096,224.217773,-36.504480,40.385533,253.656785,-9.079936,0.956181,0.544597,0.944481
southern-midlatitudes,total-region,2014-10,126.543123,228.057813,29.513697,47.761564,255.641867,80.711755,0.956181,0.544597,0.944481
southern-midlatitudes,total-region,2014-11,151.342564,230.876181,85.861838,53.055149,257.880394,157.144818,0.956181,0.544597,0.944481
southern-midlatitudes,total-region,2014-12,160.723568,236.179347,112.507561,55.692645,262.145330,191.572360,0.956181,0.544597,0.944481
southern-midlatitudes,total-region,2015-01,153.055680,240.083685,97.942453,54.105894,265.617944,171.357483,0.956181,0.544597,0.944481
southern-midlatitudes,total-region,2015-02,132.829856,241.414991,49.013706,48.791000,266.163734,108.304219,0.956181,0.544597,0.944481
southern-midlatitudes,total-region,2015-03,107.773459,237.020922,-17.011898,41.774917,264.195650,21.811634,0.956181,0.544597,0.944481
southern-midlatitudes,total-region,2015-04,79.789555,230.337431,-80.736783,33.899830,259.822930,-64.332593,0.956181,0.544597,0.944481
southern-midlatitudes,total-region,2015-05,57.333062,225.060332,-125.427958,26.712936,256.546106,-126.293380,0.956181,0.544597,0.944481
southern-midlatitudes,total-region,2015-06,47.233520,221.583469,-143.376796,23.917310,253.421125,-151.898592,0.956181,0.544597,0.944481
southern-midlatitudes,total-region,2015-07,51.751228,220.031535,-132.723944,25.670256,251.719213,-138.332448,0.956181,0.544597,0.944481
southern-midlatitudes,total-region,2015-08,69.151706,221.638312,-94.713702,32.471824,251.568309,-87.964268,0.956181,0.544597,0.944481
southern-midlatitudes,total-region,2015-09,95.965827,223.927872,-35.767601,40.959251,252.659161,-9.492410,0.956181,0.544597,0.944481
southern-midlatitudes,total-region,2015-10,125.584160,228.061719,29.796857,48.662415,255.696200,79.084776,0.956181,0.544597,0.944481
southern-midlatitudes,total-region,2015-11,151.164052,232.898644,83.471052,53.963531,258.624819,154.945527,0.956181,0.544597,0.944481
southern-midlatitudes,total-region,2015-12,160.571083,236.118554,112.577643,56.626151,262.124379,190.517236,0.956181,0.544597,0.944481
southern-midlatitudes,total-region,2016-01,154.639380,238.475539,98.266497,54.934816,264.830348,171.618338,0.956181,0.544597,0.944481
southern-midlatitudes,total-region,2016-02,134.679670,241.110484,46.468702,49.253956,266.596363,106.409021,0.956181,0.544597,0.944481
southern-midlatitudes,total-region,2016-03,107.469309,236.608348,-18.973534,42.580060,263.939713,18.584305,0.956181,0.544597,0.944481
southern-midlatitudes,total-region,2016-04,78.961345,230.185480,-82.098370,33.624381,259.903593,-66.479580,0.956181,0.544597,0.944481
southern-midlatitudes,total-region,2016-05,56.028160,226.329076,-126.763741,26.824168,256.007922,-127.238847,0.956181,0.544597,0.944481
southern-midlatitudes,total-region,2016-06,46.708282,222.182559,-143.689308,23.416415,253.477701,-151.691761,0.956181,0.544597,0.944481
southern-midlatitudes,total-region,2016-07,51.736157,221.160506,-132.997479,25.285923,252.146435,-137.533357,0.956181,0.544597,0.944481
southern-midlatitudes,total-region,2016-08,69.550666,221.880759,-93.507168,31.475242,252.295697,-85.846410,0.956181,0.544597,0.944481
southern-midlatitudes,total-region,2016-09,97.612105,225.725403,-36.791955,40.864490,253.055119,-7.374176,0.956181,0.544597,0.944481
southern-midlatitudes,total-region,2016-10,128.147934,226.319048,31.266537,47.597476,254.625086,83.510235,0.956181,0.544597,0.944481
southern-midlatitudes,total-region,2016-11,149.203869,231.887795,87.959034,53.126964,257.909256,158.014993,0.956181,0.544597,0.944481
southern-midlatitudes,total-region,2016-12,161.177670,235.674358,112.574623,56.059225,262.183015,191.184036,0.956181,0.544597,0.944481
southern-midlatitudes,total-region,2017-01,151.960963,240.362754,97.691989,54.152261,265.828445,170.036287,0.956181,0.544597,0.944481
southern-midlatitudes,total-region,2017-02,131.188021,240.868031,49.373905,48.765674,266.101814,106.562283,0.956181,0.544597,0.944481
southern-midlatitudes,total-region,2017-03,105.367596,237.212373,-16.758827,41.987569,264.113237,19.720272,0.956181,0.544597,0.944481
southern-midlatitudes,total-region,2017-04,78.500657,231.589776,-82.345838,33.772179,260.311325,-66.339463,0.956181,0.544597,0.944481
southern-midlatitudes,total-region,2017-05,56.763405,225.645054,-126.405077,27.081698,256.320974,-127.399441,0.956181,0.544597,0.944481
southern-midlatitudes,total-region,2017-06,46.468562,222.304503,-143.514982,23.537208,253.195663,-151.475327,0.956181,0.544597,0.944481
southern-midlatitudes,total-region,2017-07,50.584648,221.976871,-132.967309,25.019943,252.823336,-138.248038,0.956181,0.544597,0.944481
southern-midlatitudes,total-region,2017-08,70.406639,222.246933,-95.359951,31.093146,252.902612,-86.703017,0.956181,0.544597,0.944481
southern-midlatitudes,total-region,2017-09,97.474752,224.984221,-36.764770,40.528268,253.457120,-8.291089,0.956181,0.544597,0.944481
southern-midlatitudes,total-region,2017-10,126.776385,227.777035,30.403298,46.780488,255.168953,83.007501,0.956181,0.544597,0.944481
southern-midlatitudes,total-region,2017-11,150.969449,232.015177,85.499478,51.782720,258.252990,158.448755,0.956181,0.544597,0.944481
southern-midlatitudes,total-region,2017-12,158.756524,236.704127,113.835447,55.222085,262.439016,191.635412,0.956181,0.544597,0.944481
southern-midlatitudes,total-region,2018-01,149.501291,240.915740,99.936886,53.760931,265.672299,170.919305,0.956181,0.544597,0.944481
southern-midlatitudes,total-region,2018-02,135.192866,239.534862,47.347256,48.686931,265.921443,107.467635,0.956181,0.544597,0.944481
southern-midlatitudes,total-region,2018-03,105.937674,237.123852,-16.441813,41.701877,264.269452,20.649145,0.956181,0.544597,0.944481
southern-midlatitudes,total-region,2018-04,77.100387,231.495144,-80.153720,33.785294,260.660692,-66.004303,0.956181,0.544597,0.944481
southern-midlatitudes,total-region,2018-05,56.133427,225.232764,-124.948475,27.037221,255.905159,-126.524535,0.956181,0.544597,0.944481
southern-midlatitudes,total-region,2018-06,46.133592,221.304148,-142.117745,23.445520,252.856542,-150.982282,0.956181,0.544597,0.944481
southern-midlatitudes,total-region,2018-07,50.743558,220.885585,-132.315365,25.128919,252.146064,-137.960784,0.956181,0.544597,0.944481
southern-midlatitudes,total-region,2018-08,69.805919,220.265307,-93.375000,31.412401,251.813780,-86.530284,0.956181,0.544597,0.944481
southern-midlatitudes,total-region,2018-09,95.821161,224.503809,-35.394377,40.372425,253.513157,-8.955524,0.956181,0.544597,0.944481
southern-midlatitudes,total-region,2018-10,124.620726,227.884597,31.629542,47.387488,254.979977,81.767674,0.956181,0.544597,0.944481
southern-midlatitudes,total-region,2018-11,150.523525,231.315024,86.072754,53.390546,257.717995,156.802825,0.956181,0.544597,0.944481
southern-midlatitudes,total-region,2018-12,159.275905,235.273669,114.643771,55.779123,261.481443,191.932374,0.956181,0.544597,0.944481
southern-midlatitudes,total-region,2019-01,153.535656,240.742097,96.488942,54.570784,266.100484,170.095874,0.956181,0.544597,0.944481
southern-midlatitudes,total-region,2019-02,131.158655,240.719060,50.960891,49.136850,266.053140,107.647449,0.956181,0.544597,0.944481
southern-midlatitudes,total-region,2019-03,106.199738,237.234314,-15.974178,42.261081,263.744847,21.453920,0.956181,0.544597,0.944481
southern-midlatitudes,total-region,2019-04,79.630115,230.905931,-81.400662,33.920935,260.446775,-65.232022,0.956181,0.544597,0.944481
southern-midlatitudes,total-region,2019-05,56.078940,225.879336,-125.131719,26.945956,256.477516,-126.597037,0.956181,0.544597,0.944481
southern-midlatitudes,total-region,2019-06,47.233082,220.959959,-142.813569,23.635946,253.958042,-152.214763,0.956181,0.544597,0.944481
southern-midlatitudes,total-region,2019-07,50.627652,221.911336,-133.520384,25.119067,252.923833,-139.024761,0.956181,0.544597,0.944481
southern-midlatitudes,total-region,2019-08,67.460261,223.798107,-95.179637,31.666669,253.226764,-88.814262,0.956181,0.544597,0.944481
southern-midlatitudes,total-region,2019-09,95.617266,226.032273,-37.522819,41.072974,253.633461,-10.579986,0.956181,0.544597,0.944481
southern-midlatitudes,total-region,2019-10,123.909755,227.186782,32.247018,47.763985,254.476938,81.102153,0.956181,0.544597,0.944481
southern-midlatitudes,total-region,2019-11,150.534208,230.690988,86.148699,53.987768,257.773966,155.611730,0.956181,0.544597,0.944481
southern-midlatitudes,total-region,2019-12,159.559699,235.399106,114.141146,56.335538,261.740442,191.024580,0.956181,0.544597,0.944481
southern-midlatitudes,total-region,2020-01,153.082574,240.274876,97.814837,57.301719,265.145097,168.725336,0.956181,0.544597,0.944481
southern-midlatitudes,total-region,2020-02,131.941082,241.901412,48.178333,50.938278,266.499800,104.582325,0.956181,0.544597,0.944481
southern-midlatitudes,total-region,2020-03,106.086656,236.967449,-18.151960,43.113576,264.139320,17.649000,0.956181,0.544597,0.944481
southern-midlatitudes,total-region,2020-04,77.545634,230.767902,-81.376628,34.366417,260.132743,-67.561831,0.956181,0.544597,0.944481
southern-midlatitudes,total-region,2020-05,55.982942,224.808549,-125.275041,27.074125,256.269089,-127.826395,0.956181,0.544597,0.944481
southern-midlatitudes,total-region,2020-06,46.112467,223.625038,-144.563887,24.060456,253.848679,-152.736275,0.956181,0.544597,0.944481
southern-midlatitudes,total-region,2020-07,50.780311,222.147571,-133.007481,25.860765,252.391976,-138.333412,0.956181,0.544597,0.944481
southern-midlatitudes,total-region,2020-08,70.011003,222.671437,-94.702830,32.577655,252.660522,-87.259331,0.956181,0.544597,0.944481
southern-midlatitudes,total-region,2020-09,97.959315,224.593111,-35.961994,41.948284,253.765717,-9.123968,0.956181,0.544597,0.944481
southern-midlatitudes,total-region,2020-10,128.142669,227.744234,29.884141,47.945220,255.591147,82.234448,0.956181,0.544597,0.944481
southern-midlatitudes,total-region,2020-11,152.413091,232.483759,84.155985,54.098510,258.535965,156.418365,0.956181,0.544597,0.944481
southern-midlatitudes,total-region,2020-12,163.285792,238.042770,108.166423,55.981317,262.908478,190.605649,0.956181,0.544597,0.944481
southern-midlatitudes,total-region,2021-01,153.974552,240.614457,95.462852,54.175469,265.837389,170.038353,0.956181,0.544597,0.944481
southern-midlatitudes,total-region,2021-02,132.670843,242.590220,46.136649,48.937902,266.893300,105.566196,0.956181,0.544597,0.944481
southern-midlatitudes,total-region,2021-03,107.006987,236.807015,-18.024410,41.539482,263.812772,20.436891,0.956181,0.544597,0.944481
southern-midlatitudes,total-region,2021-04,78.240399,231.001948,-81.557699,33.544241,259.980333,-65.840088,0.956181,0.544597,0.944481
southern-midlatitudes,total-region,2021-05,56.897995,224.491950,-125.429041,27.228322,256.013144,-127.280819,0.956181,0.544597,0.944481
southern-midlatitudes,total-region,2021-06,47.285774,219.400805,-141.420769,23.656694,252.479144,-150.869808,0.956181,0.544597,0.944481
southern-midlatitudes,total-region,2021-07,51.130872,219.670847,-131.128559,25.366650,252.010263,-137.703610,0.956181,0.544597,0.944481
southern-midlatitudes,total-region,2021-08,69.251368,222.188834,-94.012986,31.788664,252.707444,-87.068366,0.956181,0.544597,0.944481
southern-midlatitudes,total-region,2021-09,97.583118,224.767354,-36.476444,41.302326,254.028171,-9.456515,0.956181,0.544597,0.944481
southern-midlatitudes,total-region,2021-10,126.230112,227.939943,30.915338,47.691151,255.694175,81.700220,0.956181,0.544597,0.944481
southern-midlatitudes,total-region,2021-11,151.136782,231.260340,86.230619,52.735332,258.077723,157.814796,0.956181,0.544597,0.944481
southern-midlatitudes,total-region,2021-12,162.594259,237.596733,109.287830,55.603655,262.946019,190.927795,0.956181,0.544597,0.944481
southern-midlatitudes,total-region,2022-01,153.250919,240.883348,96.424307,54.218838,265.953164,170.385503,0.956181,0.544597,0.944481
southern-midlatitudes,total-region,2022-02,132.367398,241.935324,48.023284,48.990649,266.974669,106.360687,0.956181,0.544597,0.944481
southern-midlatitudes,total-region,2022-03,108.552447,236.345172,-18.124087,42.126955,264.032351,20.614370,0.956181,0.544597,0.944481
southern-midlatitudes,total-region,2022-04,78.812812,232.104825,-82.376312,34.155994,260.597308,-66.211787,0.956181,0.544597,0.944481
southern-midlatitudes,total-region,2022-05,56.191334,225.571424,-125.268742,27.129267,255.897112,-126.532727,0.956181,0.544597,0.944481
southern-midlatitudes,total-region,2022-06,46.623481,221.194815,-142.400520,23.985792,253.078146,-151.646346,0.956181,0.544597,0.944481
southern-midlatitudes,total-region,2022-07,51.032501,221.818457,-133.399869,25.979007,252.391757,-138.920772,0.956181,0.544597,0.944481
southern-midlatitudes,total-region,2022-08,69.776297,221.074724,-93.949657,32.814276,251.638499,-87.552090,0.956181,0.544597,0.944481
southern-midlatitudes,total-region,2022-09,96.954514,223.283820,-34.996494,42.105972,252.860329,-9.724564,0.956181,0.544597,0.944481
southern-midlatitudes,total-region,2022-10,125.427178,226.891277,32.209001,48.655114,255.019700,80.852510,0.956181,0.544597,0.944481
southern-midlatitudes,total-region,2022-11,152.181735,232.788572,83.338695,53.931355,258.610979,155.767087,0.956181,0.544597,0.944481
southern-midlatitudes,total-region,2022-12,158.841981,237.299672,113.336222,56.574931,262.625316,190.276464,0.956181,0.544597,0.944481
southern-midlatitudes,total-region,2023-01,152.751340,241.467318,96.878551,54.987984,265.886745,170.224271,0.956181,0.544597,0.944481
southern-midlatitudes,total-region,2023-02,132.015407,241.336142,49.823261,49.712135,266.570674,106.892768,0.956181,0.544597,0.944481
southern-midlatitudes,total-region,2023-03,109.003153,236.907242,-18.140638,42.619286,264.358861,20.792503,0.956181,0.544597,0.944481
southern-midlatitudes,total-region,2023-04,79.292900,231.506898,-81.453177,34.568239,260.421296,-65.642719,0.956181,0.544597,0.944481
southern-midlatitudes,total-region,2023-05,57.357435,225.371793,-125.807188,27.328468,256.472767,-126.879456,0.956181,0.544597,0.944481
southern-midlatitudes,total-region,2023-06,47.066351,221.214029,-142.769526,23.794711,252.969082,-151.253323,0.956181,0.544597,0.944481
southern-midlatitudes,total-region,2023-07,50.384699,221.571400,-132.790732,25.329862,252.587466,-138.752535,0.956181,0.544597,0.944481
southern-midlatitudes,total-region,2023-08,67.120984,224.686001,-95.434726,31.552626,253.326315,-88.506758,0.956181,0.544597,0.944481
southern-midlatitudes,total-region,2023-09,95.097796,225.409091,-35.960954,40.717071,253.794001,-9.965407,0.956181,0.544597,0.944481
southern-midlatitudes,total-region,2023-10,126.342065,229.390874,28.202979,46.906763,256.316939,80.712535,0.956181,0.544597,0.944481
southern-midlatitudes,total-region,2023-11,152.858616,232.045669,83.031707,52.751159,258.562098,156.622349,0.956181,0.544597,0.944481
southern-midlatitudes,total-region,2023-12,162.058912,235.962232,111.582694,55.868709,261.904282,191.830694,0.956181,0.544597,0.944481
southern-midlatitudes,total-region,2024-01,152.763568,239.796773,99.064762,54.204801,265.245943,172.175698,0.956181,0.544597,0.944481
southern-midlatitudes,total-region,2024-02,131.479851,241.070653,49.726020,48.766979,266.851922,106.657075,0.956181,0.544597,0.944481
southern-midlatitudes,total-region,2024-03,106.212676,237.444288,-18.503612,41.334088,264.598268,19.220917,0.956181,0.544597,0.944481
southern-midlatitudes,total-region,2024-04,78.856345,231.655478,-83.389935,33.542531,260.603831,-67.024729,0.956181,0.544597,0.944481
southern-midlatitudes,total-region,2024-05,55.771303,227.204799,-127.365500,26.724021,256.475583,-127.588707,0.956181,0.544597,0.944481
southern-midlatitudes,total-region,2024-06,47.062697,222.101692,-143.865066,23.515723,253.486184,-151.701808,0.956181,0.544597,0.944481
southern-midlatitudes,total-region,2024-07,50.532414,223.103895,-133.516392,25.315357,253.172022,-138.367355,0.956181,0.544597,0.944481
southern-midlatitudes,total-region,2024-08,69.404131,222.623111,-93.827657,32.408788,252.854203,-87.063295,0.956181,0.544597,0.944481
southern-midlatitudes,total-region,2024-09,95.385017,225.621328,-33.918459,42.075898,254.118786,-9.107078,0.956181,0.544597,0.944481
southern-midlatitudes,total-region,2024-10,125.246557,228.647095,32.288753,47.237218,256.140107,82.805053,0.956181,0.544597,0.944481
southern-midlatitudes,total-region,2024-11,149.125987,232.357589,88.066544,52.802540,258.797870,157.949684,0.956181,0.544597,0.944481
southern-midlatitudes,total-region,2024-12,158.390112,238.340250,113.218293,56.069787,263.095787,190.783040,0.956181,0.544597,0.944481
southern-midlatitudes,total-region,2025-01,149.659771,240.768431,99.986814,54.145492,265.866867,170.401844,0.956181,0.544597,0.944481
southern-midlatitudes,total-region,2025-02,132.245257,242.648894,46.773681,49.244253,267.748538,104.675635,0.956181,0.544597,0.944481
southern-midlatitudes,total-region,2025-03,105.680385,238.013747,-17.651288,42.160199,264.468788,19.413539,0.956181,0.544597,0.944481
southern-midlatitudes,total-region,2025-04,79.150393,231.038278,-82.366704,33.953477,260.161790,-66.293115,0.956181,0.544597,0.944481
southern-midlatitudes,total-region,2025-05,55.636699,227.443529,-127.053397,27.000674,257.387888,-128.361656,0.956181,0.544597,0.944481
southern-midlatitudes,total-region,2025-06,45.879539,222.786271,-143.300121,23.614001,253.504072,-151.751947,0.956181,0.544597,0.944481
southern-midlatitudes,total-region,2025-07,50.322419,222.701431,-133.192310,25.210685,252.917886,-138.295985,0.956181,0.544597,0.944481
southern-midlatitudes,total-region,2025-08,68.815377,223.242561,-94.416237,32.008086,253.056117,-87.422675,0.956181,0.544597,0.944481
southern-midlatitudes,total-region,2025-09,95.948410,225.328708,-35.129899,40.661004,254.182213,-8.695610,0.956181,0.544597,0.944481
southern-midlatitudes,total-region,2025-10,125.349872,227.958491,32.084291,47.725226,255.927081,81.739858,0.956181,0.544597,0.944481
southern-midlatitudes,total-region,2025-11,148.455486,232.403573,88.127734,53.381505,258.220787,157.383642,0.956181,0.544597,0.944481
southern-midlatitudes,total-region,2025-12,158.558781,236.389718,114.667867,55.493377,262.277603,191.845356,0.956181,0.544597,0.944481
southern-midlatitudes,total-region,2026-01,148.830230,242.805932,98.972028,54.064849,266.426800,170.116093,0.956181,0.544597,0.944481
southern-midlatitudes,total-region,2026-02,130.630941,241.663260,49.938754,48.585229,266.718625,106.929112,0.956181,0.544597,0.944481
southern-midlatitudes,total-region,2026-03,106.212314,239.395169,-18.915714,41.550630,265.142218,19.999716,0.956181,0.544597,0.944481
southern-midlatitudes,total-region,2026-04,77.510803,232.215870,-81.288997,33.406116,260.455010,-65.423464,0.956181,0.544597,0.944481
southern-midlatitudes,total-region,2026-05,56.672370,226.495285,-126.728518,26.693801,256.560937,-126.816548,0.956181,0.544597,0.944481
tropics,cloud-free-area,2000-03,95.604034,255.717836,76.886930,51.826678,290.721901,85.661057,0.827105,0.565106,0.626687
tropics,cloud-free-area,2000-04,92.932781,255.001290,67.245956,50.371344,290.461136,74.349657,0.827105,0.565106,0.626687
tropics,cloud-free-area,2000-05,90.243395,257.889166,45.511817,48.323416,291.733610,53.589575,0.827105,0.565106,0.626687
tropics,cloud-free-area,2000-06,91.471741,258.781625,30.005251,47.821879,291.414095,41.022999,0.827105,0.565106,0.626687
tropics,cloud-free-area,2000-07,92.586508,258.427388,34.130294,48.057717,290.383292,46.704740,0.827105,0.565106,0.626687
tropics,cloud-free-area,2000-08,97.655829,257.452275,48.363857,49.468161,290.668217,63.333534,0.827105,0.565106,0.626687
tropics,cloud-free-area,2000-09,97.408780,257.950975,64.025675,50.540413,290.146512,78.700083,0.827105,0.565106,0.626687
tropics,cloud-free-area,2000-10,100.826144,255.677791,65.665860,51.078621,290.312091,80.780044,0.827105,0.565106,0.626687
tropics,cloud-free-area,2000-11,98.643594,255.650577,58.335000,49.949514,291.020430,71.660249,0.827105,0.565106,0.626687
tropics,cloud-free-area,2000-12,98.404508,255.830805,51.047967,50.265209,290.228745,64.789813,0.827105,0.565106,0.626687
tropics,cloud-free-area,2001-01,97.015389,255.354986,59.609397,50.792438,290.039602,71.146425,0.827105,0.565106,0.626687
tropics,cloud-free-area,2001-02,98.203037,254.553397,72.260436,52.275770,290.133625,82.608133,0.827105,0.565106,0.626687
tropics,cloud-free-area,2001-03,94.467602,255.431743,78.392954,51.537629,290.714654,86.042386,0.827105,0.565106,0.626687
tropics,cloud-free-area,2001-04,92.675731,256.415004,66.181201,50.507928,291.575287,73.189693,0.827105,0.565106,0.626687
tropics,cloud-free-area,2001-05,89.228236,259.385993,45.288834,48.461436,292.099330,53.342264,0.827105,0.565106,0.626687
tropics,cloud-free-area,2001-06,91.783087,257.413485,31.146575,48.028774,290.251887,42.061108,0.827105,0.565106,0.626687
tropics,cloud-free-area,2001-07,92.454529,259.194956,33.498069,47.932996,290.351849,46.862210,0.827105,0.565106,0.626687
tropics,cloud-free-area,2001-08,97.271136,259.272222,46.667742,49.393652,291.607834,62.208754,0.827105,0.565106,0.626687
tropics,cloud-free-area,2001-09,95.925348,257.797614,65.527504,50.243595,290.310014,78.694998,0.827105,0.565106,0.626687
tropics,cloud-free-area,2001-10,98.960957,258.558729,64.581210,50.480631,292.074726,79.544854,0.827105,0.565106,0.626687
tropics,cloud-free-area,2001-11,98.202192,257.192270,57.210162,49.642975,291.428441,71.531090,0.827105,0.565106,0.626687
tropics,cloud-free-area,2001-12,98.126924,255.054129,52.053994,49.526971,290.397104,65.311975,0.827105,0.565106,0.626687
tropics,cloud-free-area,2002-01,97.777093,255.208107,59.004016,50.223331,290.751665,71.013088,0.827105,0.565106,0.626687
tropics,cloud-free-area,2002-02,97.178634,256.573727,71.276403,51.049458,291.451875,82.529675,0.827105,0.565106,0.626687
tropics,cloud-free-area,2002-03,94.891207,256.709805,76.960816,51.153115,291.116106,86.294706,0.827105,0.565106,0.626687
tropics,cloud-free-area,2002-04,91.094632,257.342735,67.080323,49.819462,291.558870,74.141005,0.827105,0.565106,0.626687
tropics,cloud-free-area,2002-05,88.315300,260.322395,45.419890,48.713367,292.512897,52.831322,0.827105,0.565106,0.626687
tropics,cloud-free-area,2002-06,91.309449,258.050859,31.081940,47.954363,291.009106,41.479764,0.827105,0.565106,0.626687
tropics,cloud-free-area,2002-07,92.672672,259.817873,32.370087,48.251415,290.694924,45.914779,0.827105,0.565106,0.626687
tropics,cloud-free-area,2002-08,97.638752,257.872454,47.461018,49.618241,290.495133,62.856860,0.827105,0.565106,0.626687
tropics,cloud-free-area,2002-09,97.455644,258.531555,63.229052,49.994347,290.815926,78.406051,0.827105,0.565106,0.626687
tropics,cloud-free-area,2002-10,98.518283,256.762041,66.760193,50.626939,290.170774,81.241624,0.827105,0.565106,0.626687
tropics,cloud-free-area,2002-11,99.669319,255.540356,57.441094,50.471746,290.763154,71.417445,0.827105,0.565106,0.626687
tropics,cloud-free-area,2002-12,96.759085,256.920520,51.573531,49.979211,291.222134,64.052271,0.827105,0.565106,0.626687
tropics,cloud-free-area,2003-01,98.040875,257.193694,56.512129,50.645204,291.335386,69.764203,0.827105,0.565106,0.626687
tropics,cloud-free-area,2003-02,96.461833,258.026911,70.305923,50.842267,292.783400,81.168590,0.827105,0.565106,0.626687
tropics,cloud-free-area,2003-03,93.673906,259.195641,75.457084,51.210816,292.043767,85.072451,0.827105,0.565106,0.626687
tropics,cloud-free-area,2003-04,91.344339,258.619076,65.594389,49.905455,292.225094,73.427443,0.827105,0.565106,0.626687
tropics,cloud-free-area,2003-05,91.020209,258.844800,44.230568,49.173566,292.654075,52.268232,0.827105,0.565106,0.626687
tropics,cloud-free-area,2003-06,89.035475,259.541070,31.694504,47.746539,291.374910,41.151808,0.827105,0.565106,0.626687
tropics,cloud-free-area,2003-07,92.933817,258.645258,33.147270,48.327956,290.178157,46.218842,0.827105,0.565106,0.626687
tropics,cloud-free-area,2003-08,94.526581,259.930926,48.342869,48.605558,290.680554,63.512727,0.827105,0.565106,0.626687
tropics,cloud-free-area,2003-09,96.710150,258.425579,63.977499,49.886298,290.609204,78.615834,0.827105,0.565106,0.626687
tropics,cloud-free-area,2003-10,96.829407,259.051367,65.876666,49.992130,291.559743,80.203015,0.827105,0.565106,0.626687
tropics,cloud-free-area,2003-11,97.154290,256.784405,58.714644,49.695955,290.423866,72.533127,0.827105,0.565106,0.626687
tropics,cloud-free-area,2003-12,97.316472,255.111542,52.681805,49.786387,290.075894,65.249123,0.827105,0.565106,0.626687
tropics,cloud-free-area,2004-01,95.696411,256.008642,59.746143,49.741207,290.868854,70.841085,0.827105,0.565106,0.626687
tropics,cloud-free-area,2004-02,97.097137,257.129198,70.449379,51.150945,291.532761,81.988199,0.827105,0.565106,0.626687
tropics,cloud-free-area,2004-03,97.421612,255.952200,74.806697,51.866602,291.334564,84.981671,0.827105,0.565106,0.626687
tropics,cloud-free-area,2004-04,91.861538,256.427005,66.759382,49.676388,290.900806,74.469856,0.827105,0.565106,0.626687
tropics,cloud-free-area,2004-05,91.106892,258.797952,43.622647,48.551054,291.665592,53.312145,0.827105,0.565106,0.626687
tropics,cloud-free-area,2004-06,92.606857,258.389011,29.128673,48.182285,290.840410,41.104006,0.827105,0.565106,0.626687
tropics,cloud-free-area,2004-07,91.787772,257.198033,35.937219,47.644399,289.172456,48.104156,0.827105,0.565106,0.626687
tropics,cloud-free-area,2004-08,95.158925,259.958616,48.044344,48.702412,290.668398,63.789341,0.827105,0.565106,0.626687
tropics,cloud-free-area,2004-09,96.316052,257.980285,64.993010,49.798941,290.070345,79.420297,0.827105,0.565106,0.626687
tropics,cloud-free-area,2004-10,98.236603,258.423918,65.195792,50.397185,290.532302,80.928625,0.827105,0.565106,0.626687
tropics,cloud-free-area,2004-11,97.274757,257.136982,57.937359,49.596456,290.907673,71.845495,0.827105,0.565106,0.626687
tropics,cloud-free-area,2004-12,96.045189,256.556312,52.438018,49.789070,290.735378,64.514731,0.827105,0.565106,0.626687
tropics,cloud-free-area,2005-01,96.199788,257.002553,58.438097,50.553100,291.003010,70.082906,0.827105,0.565106,0.626687
tropics,cloud-free-area,2005-02,96.020362,259.191088,69.513172,50.898871,292.655927,81.169986,0.827105,0.565106,0.626687
tropics,cloud-free-area,2005-03,92.475786,260.435155,75.240144,50.983102,292.574293,84.593470,0.827105,0.565106,0.626687
tropics,cloud-free-area,2005-04,92.864296,257.867586,64.387838,50.672228,292.039819,72.405761,0.827105,0.565106,0.626687
tropics,cloud-free-area,2005-05,89.877713,258.185245,45.557978,49.012038,291.741833,52.867164,0.827105,0.565106,0.626687
tropics,cloud-free-area,2005-06,91.166286,259.199695,29.742177,48.017555,291.436046,40.652353,0.827105,0.565106,0.626687
tropics,cloud-free-area,2005-07,94.255900,257.810195,32.797019,48.303584,290.495399,46.063557,0.827105,0.565106,0.626687
tropics,cloud-free-area,2005-08,95.838007,259.508276,47.689788,49.255230,290.805929,62.972007,0.827105,0.565106,0.626687
tropics,cloud-free-area,2005-09,98.213107,258.006377,62.897906,50.517780,290.478589,78.119663,0.827105,0.565106,0.626687
tropics,cloud-free-area,2005-10,98.370858,256.905543,66.578048,50.381048,290.688683,80.784262,0.827105,0.565106,0.626687
tropics,cloud-free-area,2005-11,97.934869,257.067472,57.379834,50.016937,291.255113,71.109220,0.827105,0.565106,0.626687
tropics,cloud-free-area,2005-12,96.622344,256.165660,52.157563,49.672795,290.707694,64.565066,0.827105,0.565106,0.626687
tropics,cloud-free-area,2006-01,98.708972,252.617068,60.262124,50.284535,289.687777,71.615023,0.827105,0.565106,0.626687
tropics,cloud-free-area,2006-02,96.390964,256.648863,71.580571,50.745181,291.269345,82.604903,0.827105,0.565106,0.626687
tropics,cloud-free-area,2006-03,94.463379,256.916488,76.789376,51.386665,291.021796,85.759641,0.827105,0.565106,0.626687
tropics,cloud-free-area,2006-04,91.467759,256.446269,67.362109,50.052265,290.886963,74.337231,0.827105,0.565106,0.626687
tropics,cloud-free-area,2006-05,88.723185,257.938112,47.210892,47.986061,291.366852,54.519496,0.827105,0.565106,0.626687
tropics,cloud-free-area,2006-06,90.235984,258.234333,31.732095,47.995646,290.800030,41.406507,0.827105,0.565106,0.626687
tropics,cloud-free-area,2006-07,92.880373,259.341347,32.534557,48.220501,290.439428,46.095712,0.827105,0.565106,0.626687
tropics,cloud-free-area,2006-08,95.035546,259.549721,48.208755,48.881906,290.902413,63.008682,0.827105,0.565106,0.626687
tropics,cloud-free-area,2006-09,97.423910,258.389074,63.208528,50.058710,290.538709,78.422831,0.827105,0.565106,0.626687
tropics,cloud-free-area,2006-10,99.103290,257.823312,64.896292,50.626367,290.906529,80.291392,0.827105,0.565106,0.626687
tropics,cloud-free-area,2006-11,95.975557,257.832829,58.584115,50.256598,290.909246,71.226764,0.827105,0.565106,0.626687
tropics,cloud-free-area,2006-12,98.477725,255.030206,51.392998,50.704161,290.081350,64.114207,0.827105,0.565106,0.626687
tropics,cloud-free-area,2007-01,99.115666,257.185660,55.135612,51.092625,291.459125,68.882258,0.827105,0.565106,0.626687
tropics,cloud-free-area,2007-02,95.577511,258.605856,70.310584,51.163891,292.276201,81.054044,0.827105,0.565106,0.626687
tropics,cloud-free-area,2007-03,94.845730,257.890558,75.477260,51.612946,291.582825,85.017278,0.827105,0.565106,0.626687
tropics,cloud-free-area,2007-04,91.272941,257.757708,66.383426,49.984142,291.072289,74.356250,0.827105,0.565106,0.626687
tropics,cloud-free-area,2007-05,88.980858,259.063307,45.898395,48.517889,291.156032,54.267527,0.827105,0.565106,0.626687
tropics,cloud-free-area,2007-06,89.969053,258.749341,31.482391,47.770518,290.337052,42.093387,0.827105,0.565106,0.626687
tropics,cloud-free-area,2007-07,92.222036,258.506458,33.878742,47.952490,289.814115,46.840271,0.827105,0.565106,0.626687
tropics,cloud-free-area,2007-08,97.340635,256.989014,48.315834,48.964681,289.349677,64.330423,0.827105,0.565106,0.626687
tropics,cloud-free-area,2007-09,99.306644,257.450183,62.114494,50.346096,290.235447,78.288323,0.827105,0.565106,0.626687
tropics,cloud-free-area,2007-10,99.053142,256.545939,66.217862,50.161684,290.231980,81.424060,0.827105,0.565106,0.626687
tropics,cloud-free-area,2007-11,99.942513,255.700030,56.873704,50.057824,290.305562,72.152893,0.827105,0.565106,0.626687
tropics,cloud-free-area,2007-12,97.950057,255.576506,51.413471,49.849536,290.574180,64.517588,0.827105,0.565106,0.626687
tropics,cloud-free-area,2008-01,98.541593,253.558758,59.267816,50.476480,289.333774,71.557829,0.827105,0.565106,0.626687
tropics,cloud-free-area,2008-02,97.998138,254.892918,71.680510,51.477827,290.315456,82.777330,0.827105,0.565106,0.626687
tropics,cloud-free-area,2008-03,94.148063,255.472194,78.427306,51.058845,289.921941,87.065649,0.827105,0.565106,0.626687
tropics,cloud-free-area,2008-04,91.503144,255.793769,67.602966,49.939886,290.110545,74.848988,0.827105,0.565106,0.626687
tropics,cloud-free-area,2008-05,87.916384,258.047271,47.460860,48.295331,290.810645,54.318323,0.827105,0.565106,0.626687
tropics,cloud-free-area,2008-06,90.328896,258.063404,31.636855,47.803450,290.780975,41.445337,0.827105,0.565106,0.626687
tropics,cloud-free-area,2008-07,92.067760,257.995935,34.856477,48.011718,290.422415,46.486014,0.827105,0.565106,0.626687
tropics,cloud-free-area,2008-08,94.079071,257.512745,51.515466,48.813447,289.146943,65.146297,0.827105,0.565106,0.626687
tropics,cloud-free-area,2008-09,96.744081,257.996519,64.380434,50.106367,290.302197,78.712749,0.827105,0.565106,0.626687
tropics,cloud-free-area,2008-10,98.549950,256.727087,66.404863,50.281049,290.182881,81.216548,0.827105,0.565106,0.626687
tropics,cloud-free-area,2008-11,97.624871,256.478856,58.119046,49.946298,290.535951,71.741323,0.827105,0.565106,0.626687
tropics,cloud-free-area,2008-12,95.594950,255.635116,53.660828,49.646479,290.130304,65.112433,0.827105,0.565106,0.626687
tropics,cloud-free-area,2009-01,97.262049,254.038443,60.353196,50.312218,289.807148,71.531182,0.827105,0.565106,0.626687
tropics,cloud-free-area,2009-02,97.963328,254.168702,72.546636,51.186925,289.853776,83.639339,0.827105,0.565106,0.626687
tropics,cloud-free-area,2009-03,93.629819,256.514050,77.951060,51.002147,290.881655,86.212310,0.827105,0.565106,0.626687
tropics,cloud-free-area,2009-04,91.486749,257.243799,66.320068,49.803702,291.297811,73.950007,0.827105,0.565106,0.626687
tropics,cloud-free-area,2009-05,87.726369,258.132528,47.744994,48.392892,291.059814,54.150323,0.827105,0.565106,0.626687
tropics,cloud-free-area,2009-06,87.774093,258.911579,33.415313,47.275028,291.045503,41.781169,0.827105,0.565106,0.626687
tropics,cloud-free-area,2009-07,93.373158,258.505037,32.967223,48.124783,290.640283,46.080335,0.827105,0.565106,0.626687
tropics,cloud-free-area,2009-08,94.763962,260.008631,48.203599,48.807028,291.031363,63.136975,0.827105,0.565106,0.626687
tropics,cloud-free-area,2009-09,97.850496,259.362429,61.846580,50.062796,291.317258,77.678202,0.827105,0.565106,0.626687
tropics,cloud-free-area,2009-10,97.913051,257.831752,65.973203,49.922109,291.152379,80.643647,0.827105,0.565106,0.626687
tropics,cloud-free-area,2009-11,98.152400,257.310794,56.840026,49.740919,291.195920,71.366774,0.827105,0.565106,0.626687
tropics,cloud-free-area,2009-12,96.905427,256.725611,51.245654,49.660848,291.447093,63.768952,0.827105,0.565106,0.626687
tropics,cloud-free-area,2010-01,98.470631,257.467798,55.620997,50.460380,291.982548,69.115083,0.827105,0.565106,0.626687
tropics,cloud-free-area,2010-02,97.188060,257.998761,69.480344,50.920626,292.465901,81.279953,0.827105,0.565106,0.626687
tropics,cloud-free-area,2010-03,94.907347,259.541456,73.769339,51.624960,292.915023,83.679831,0.827105,0.565106,0.626687
tropics,cloud-free-area,2010-04,91.258182,258.228859,65.835092,50.012184,291.861949,73.446761,0.827105,0.565106,0.626687
tropics,cloud-free-area,2010-05,89.686957,260.034160,44.123249,48.367497,292.545121,52.930957,0.827105,0.565106,0.626687
tropics,cloud-free-area,2010-06,90.762368,259.697323,29.742508,47.705549,291.114442,41.382103,0.827105,0.565106,0.626687
tropics,cloud-free-area,2010-07,95.389198,255.842214,33.586768,47.888625,289.284338,47.643610,0.827105,0.565106,0.626687
tropics,cloud-free-area,2010-08,97.824463,257.136044,47.929360,48.977623,289.879406,64.033531,0.827105,0.565106,0.626687
tropics,cloud-free-area,2010-09,98.262851,256.902214,63.880164,49.758506,290.108341,79.177609,0.827105,0.565106,0.626687
tropics,cloud-free-area,2010-10,98.631047,257.250465,65.915957,50.048526,290.783528,80.966164,0.827105,0.565106,0.626687
tropics,cloud-free-area,2010-11,97.385612,256.774493,58.289136,49.591116,290.137345,72.721546,0.827105,0.565106,0.626687
tropics,cloud-free-area,2010-12,95.986730,255.662892,53.289177,49.687023,289.338560,65.913807,0.827105,0.565106,0.626687
tropics,cloud-free-area,2011-01,98.056534,252.971391,60.472916,50.353064,288.742233,72.406949,0.827105,0.565106,0.626687
tropics,cloud-free-area,2011-02,95.404276,256.506528,72.671236,50.823074,290.513867,83.245809,0.827105,0.565106,0.626687
tropics,cloud-free-area,2011-03,94.548862,256.459833,77.265174,51.091400,289.879981,87.303754,0.827105,0.565106,0.626687
tropics,cloud-free-area,2011-04,91.128793,255.573523,68.870796,49.983599,289.581531,76.008115,0.827105,0.565106,0.626687
tropics,cloud-free-area,2011-05,90.915901,256.452282,46.726099,48.531819,290.439341,55.122796,0.827105,0.565106,0.626687
tropics,cloud-free-area,2011-06,91.251505,258.888732,30.184717,48.175894,290.472465,41.675822,0.827105,0.565106,0.626687
tropics,cloud-free-area,2011-07,93.374729,258.424751,32.919971,48.519921,290.313900,45.885140,0.827105,0.565106,0.626687
tropics,cloud-free-area,2011-08,95.738655,259.346328,47.645400,48.977171,290.032252,63.718846,0.827105,0.565106,0.626687
tropics,cloud-free-area,2011-09,98.560432,258.944248,61.456349,50.399634,290.347021,78.213791,0.827105,0.565106,0.626687
tropics,cloud-free-area,2011-10,97.394575,256.960873,67.576740,49.895049,290.128197,81.910979,0.827105,0.565106,0.626687
tropics,cloud-free-area,2011-11,99.186218,255.588085,57.907451,50.199714,289.733682,72.747128,0.827105,0.565106,0.626687
tropics,cloud-free-area,2011-12,98.867810,256.033413,50.232596,50.548688,289.894879,64.689792,0.827105,0.565106,0.626687
tropics,cloud-free-area,2012-01,96.029935,256.020725,59.487671,50.607281,290.147771,70.782259,0.827105,0.565106,0.626687
tropics,cloud-free-area,2012-02,95.534801,255.602484,73.642682,51.020458,290.346620,83.409998,0.827105,0.565106,0.626687
tropics,cloud-free-area,2012-03,96.364667,254.350146,77.508296,51.773480,290.106150,86.345896,0.827105,0.565106,0.626687
tropics,cloud-free-area,2012-04,90.689357,254.847194,69.536377,49.707846,289.755799,75.613706,0.827105,0.565106,0.626687
tropics,cloud-free-area,2012-05,89.406684,257.002386,47.137536,48.610193,290.422812,54.513649,0.827105,0.565106,0.626687
tropics,cloud-free-area,2012-06,89.087563,259.028125,32.074390,48.049003,290.264915,41.875953,0.827105,0.565106,0.626687
tropics,cloud-free-area,2012-07,94.582718,256.317197,34.125399,48.162133,288.734598,48.127713,0.827105,0.565106,0.626687
tropics,cloud-free-area,2012-08,96.194269,258.066058,49.077658,48.887521,289.835836,64.613662,0.827105,0.565106,0.626687
tropics,cloud-free-area,2012-09,97.400081,258.253373,63.727186,50.165078,290.088248,79.126932,0.827105,0.565106,0.626687
tropics,cloud-free-area,2012-10,96.994637,257.373269,67.496575,49.862147,290.561955,81.437800,0.827105,0.565106,0.626687
tropics,cloud-free-area,2012-11,97.906604,256.801878,57.693912,49.724950,290.749643,71.928589,0.827105,0.565106,0.626687
tropics,cloud-free-area,2012-12,96.506830,255.638165,52.917463,49.768772,290.400019,64.893979,0.827105,0.565106,0.626687
tropics,cloud-free-area,2013-01,99.350485,255.245106,57.201837,50.404672,290.542511,70.848346,0.827105,0.565106,0.626687
tropics,cloud-free-area,2013-02,96.597590,257.424865,70.821897,51.078196,292.120750,81.645659,0.827105,0.565106,0.626687
tropics,cloud-free-area,2013-03,94.710927,256.552208,77.001436,50.985172,291.040030,86.241284,0.827105,0.565106,0.626687
tropics,cloud-free-area,2013-04,91.127348,257.886753,66.148663,49.670311,291.404329,74.089621,0.827105,0.565106,0.626687
tropics,cloud-free-area,2013-05,88.960776,257.598503,47.201992,48.486853,291.126264,54.145781,0.827105,0.565106,0.626687
tropics,cloud-free-area,2013-06,92.205091,257.776347,30.301467,48.133039,290.172023,41.977915,0.827105,0.565106,0.626687
tropics,cloud-free-area,2013-07,94.015784,256.458342,34.603643,47.965844,288.799155,48.311661,0.827105,0.565106,0.626687
tropics,cloud-free-area,2013-08,96.160318,258.101551,48.955549,48.714111,289.683278,64.819309,0.827105,0.565106,0.626687
tropics,cloud-free-area,2013-09,98.042894,257.432082,63.842052,49.729674,290.215202,79.371426,0.827105,0.565106,0.626687
tropics,cloud-free-area,2013-10,98.679762,256.678199,66.507982,50.091315,289.954285,81.822603,0.827105,0.565106,0.626687
tropics,cloud-free-area,2013-11,97.529439,256.097228,58.806936,49.444623,290.279006,72.710773,0.827105,0.565106,0.626687
tropics,cloud-free-area,2013-12,97.067185,256.495072,51.535598,49.601790,290.784658,64.708243,0.827105,0.565106,0.626687
tropics,cloud-free-area,2014-01,97.878964,255.200032,58.618096,50.339791,290.279387,71.075225,0.827105,0.565106,0.626687
tropics,cloud-free-area,2014-02,96.165257,256.050771,72.484261,51.170209,290.559638,82.971401,0.827105,0.565106,0.626687
tropics,cloud-free-area,2014-03,94.080729,256.730403,77.669833,51.114405,290.762699,86.604207,0.827105,0.565106,0.626687
tropics,cloud-free-area,2014-04,91.816433,256.904456,66.769158,50.024714,290.306876,75.158168,0.827105,0.565106,0.626687
tropics,cloud-free-area,2014-05,88.698230,258.517301,46.770169,48.187386,291.033573,54.762484,0.827105,0.565106,0.626687
tropics,cloud-free-area,2014-06,90.286091,259.719418,30.341909,48.102669,290.811589,41.432553,0.827105,0.565106,0.626687
tropics,cloud-free-area,2014-07,94.475689,259.080780,31.384285,48.282936,290.169164,46.487648,0.827105,0.565106,0.626687
tropics,cloud-free-area,2014-08,95.457136,257.753257,49.877091,48.787241,289.007030,65.291242,0.827105,0.565106,0.626687
tropics,cloud-free-area,2014-09,96.726266,258.349006,64.133029,49.901257,290.096507,79.210054,0.827105,0.565106,0.626687
tropics,cloud-free-area,2014-10,97.334893,257.599360,66.941334,50.099896,290.168941,81.606397,0.827105,0.565106,0.626687
tropics,cloud-free-area,2014-11,97.031209,256.634139,58.957350,49.656717,290.772975,72.193233,0.827105,0.565106,0.626687
tropics,cloud-free-area,2014-12,97.955362,255.456043,51.713460,49.986393,289.985281,65.152926,0.827105,0.565106,0.626687
tropics,cloud-free-area,2015-01,96.592279,258.488500,56.661964,50.636808,291.131809,69.974672,0.827105,0.565106,0.626687
tropics,cloud-free-area,2015-02,95.736619,256.759329,72.431836,50.860776,290.900181,83.164137,0.827105,0.565106,0.626687
tropics,cloud-free-area,2015-03,95.421484,257.038725,76.079916,51.182322,291.840258,85.518124,0.827105,0.565106,0.626687
tropics,cloud-free-area,2015-04,91.016799,257.650212,67.048301,50.271503,291.023737,74.418014,0.827105,0.565106,0.626687
tropics,cloud-free-area,2015-05,90.392864,257.295120,46.480879,48.887122,291.077243,54.204801,0.827105,0.565106,0.626687
tropics,cloud-free-area,2015-06,91.278421,258.008535,31.096870,48.326918,291.102783,40.954332,0.827105,0.565106,0.626687
tropics,cloud-free-area,2015-07,91.422488,260.191086,33.279580,48.077211,291.048356,45.768427,0.827105,0.565106,0.626687
tropics,cloud-free-area,2015-08,94.210522,260.599848,48.025263,48.835207,291.356271,62.644376,0.827105,0.565106,0.626687
tropics,cloud-free-area,2015-09,95.154795,260.589103,63.293525,50.094298,291.695518,77.246841,0.827105,0.565106,0.626687
tropics,cloud-free-area,2015-10,96.847858,259.743153,65.407247,50.881623,291.593728,79.524298,0.827105,0.565106,0.626687
tropics,cloud-free-area,2015-11,96.399468,256.702399,59.593824,49.991831,290.623030,72.081203,0.827105,0.565106,0.626687
tropics,cloud-free-area,2015-12,97.308887,256.202225,51.596902,50.367993,290.462719,64.275965,0.827105,0.565106,0.626687
tropics,cloud-free-area,2016-01,95.625862,259.058684,56.891354,50.525752,292.635673,68.415717,0.827105,0.565106,0.626687
tropics,cloud-free-area,2016-02,98.045773,258.155403,68.623021,52.013811,292.221364,80.587917,0.827105,0.565106,0.626687
tropics,cloud-free-area,2016-03,93.853231,258.368271,76.049424,51.215820,291.908724,85.146442,0.827105,0.565106,0.626687
tropics,cloud-free-area,2016-04,90.057878,260.148227,64.770090,49.969906,292.282032,72.725677,0.827105,0.565106,0.626687
tropics,cloud-free-area,2016-05,89.172672,258.371549,45.968265,48.317412,291.257427,53.937378,0.827105,0.565106,0.626687
tropics,cloud-free-area,2016-06,88.690647,258.241489,33.237793,47.538352,290.224413,42.408052,0.827105,0.565106,0.626687
tropics,cloud-free-area,2016-07,91.468934,258.313405,35.285360,48.148689,289.895135,47.024191,0.827105,0.565106,0.626687
tropics,cloud-free-area,2016-08,94.791029,258.887575,49.589876,48.866610,290.144087,64.255044,0.827105,0.565106,0.626687
tropics,cloud-free-area,2016-09,97.387089,257.454569,64.426881,49.626318,289.755917,79.884819,0.827105,0.565106,0.626687
tropics,cloud-free-area,2016-10,96.873608,259.188899,65.714315,49.997101,291.700848,80.079403,0.827105,0.565106,0.626687
tropics,cloud-free-area,2016-11,97.268685,255.824850,59.204558,49.762078,290.379060,72.158731,0.827105,0.565106,0.626687
tropics,cloud-free-area,2016-12,96.769844,255.196306,52.987512,49.866473,289.801394,65.285304,0.827105,0.565106,0.626687
tropics,cloud-free-area,2017-01,94.569202,256.716509,60.466238,50.197125,289.931012,71.624415,0.827105,0.565106,0.626687
tropics,cloud-free-area,2017-02,95.143871,256.596634,73.057715,51.243168,290.315319,83.238832,0.827105,0.565106,0.626687
tropics,cloud-free-area,2017-03,94.119420,256.427027,77.629378,51.135646,290.493812,86.545886,0.827105,0.565106,0.626687
tropics,cloud-free-area,2017-04,89.691756,258.207054,67.225446,50.001227,290.949796,74.174482,0.827105,0.565106,0.626687
tropics,cloud-free-area,2017-05,88.400935,258.835298,46.421738,48.310250,291.024234,54.323337,0.827105,0.565106,0.626687
tropics,cloud-free-area,2017-06,88.667843,259.490784,32.022556,47.440034,290.052292,42.688282,0.827105,0.565106,0.626687
tropics,cloud-free-area,2017-07,92.695783,258.313875,33.907070,48.298253,289.403654,47.212885,0.827105,0.565106,0.626687
tropics,cloud-free-area,2017-08,95.157296,258.276579,49.616865,48.827211,289.306657,64.915128,0.827105,0.565106,0.626687
tropics,cloud-free-area,2017-09,97.374398,258.541999,63.159232,49.961949,290.327373,78.785677,0.827105,0.565106,0.626687
tropics,cloud-free-area,2017-10,99.432831,256.820657,65.547010,50.088248,290.123816,81.588463,0.827105,0.565106,0.626687
tropics,cloud-free-area,2017-11,97.931818,256.224097,58.198611,49.644722,289.950436,72.760778,0.827105,0.565106,0.626687
tropics,cloud-free-area,2017-12,98.669482,256.856306,49.411265,49.975351,290.198639,64.762387,0.827105,0.565106,0.626687
tropics,cloud-free-area,2018-01,98.169736,255.097984,58.341990,50.874267,289.265571,71.469336,0.827105,0.565106,0.626687
tropics,cloud-free-area,2018-02,96.798882,255.868541,71.976977,50.899281,289.958538,83.786864,0.827105,0.565106,0.626687
tropics,cloud-free-area,2018-03,94.400691,257.680576,76.109432,50.966388,291.148427,86.076773,0.827105,0.565106,0.626687
tropics,cloud-free-area,2018-04,91.587858,255.857752,67.821254,50.078654,289.742476,75.444304,0.827105,0.565106,0.626687
tropics,cloud-free-area,2018-05,89.878551,257.845684,46.081398,48.415516,290.365067,55.025293,0.827105,0.565106,0.626687
tropics,cloud-free-area,2018-06,90.464620,259.689947,30.049840,47.897744,290.270529,42.036511,0.827105,0.565106,0.626687
tropics,cloud-free-area,2018-07,93.687315,258.214197,32.921225,48.875322,289.310574,46.636557,0.827105,0.565106,0.626687
tropics,cloud-free-area,2018-08,95.429272,258.717509,48.743514,48.969878,289.509015,64.409361,0.827105,0.565106,0.626687
tropics,cloud-free-area,2018-09,95.493269,259.006914,64.516072,49.618381,290.264566,79.132042,0.827105,0.565106,0.626687
tropics,cloud-free-area,2018-10,96.559123,258.313169,66.901906,49.839154,290.686032,81.249737,0.827105,0.565106,0.626687
tropics,cloud-free-area,2018-11,96.846558,256.437852,59.121396,49.576081,290.319478,72.509404,0.827105,0.565106,0.626687
tropics,cloud-free-area,2018-12,97.262901,254.490127,53.193661,50.003069,289.294967,65.647633,0.827105,0.565106,0.626687
tropics,cloud-free-area,2019-01,96.919735,255.131054,59.483943,50.504383,289.628389,71.400575,0.827105,0.565106,0.626687
tropics,cloud-free-area,2019-02,93.766687,258.904216,71.939871,51.038780,291.621295,81.949931,0.827105,0.565106,0.626687
tropics,cloud-free-area,2019-03,92.866270,258.697717,76.690824,51.176424,291.567034,85.511840,0.827105,0.565106,0.626687
tropics,cloud-free-area,2019-04,90.248357,258.216017,66.935594,49.712526,291.906327,73.782558,0.827105,0.565106,0.626687
tropics,cloud-free-area,2019-05,87.441811,258.903014,47.588206,48.193910,290.964876,54.774270,0.827105,0.565106,0.626687
tropics,cloud-free-area,2019-06,90.041595,258.804592,31.368897,47.596247,290.641759,41.976225,0.827105,0.565106,0.626687
tropics,cloud-free-area,2019-07,91.567068,258.236557,34.878071,48.384801,289.088065,47.209498,0.827105,0.565106,0.626687
tropics,cloud-free-area,2019-08,96.490328,258.103453,48.097818,49.431843,289.172827,64.084600,0.827105,0.565106,0.626687
tropics,cloud-free-area,2019-09,96.376682,258.203555,64.312019,50.202978,289.400945,79.289123,0.827105,0.565106,0.626687
tropics,cloud-free-area,2019-10,96.302027,256.935955,68.543711,50.082399,289.415162,82.284293,0.827105,0.565106,0.626687
tropics,cloud-free-area,2019-11,95.402213,256.976433,60.114920,49.839179,290.318802,72.335050,0.827105,0.565106,0.626687
tropics,cloud-free-area,2019-12,94.784895,257.837405,52.345581,49.930932,290.611785,64.425232,0.827105,0.565106,0.626687
tropics,cloud-free-area,2020-01,96.701510,256.056680,58.696696,50.690597,290.145965,70.619695,0.827105,0.565106,0.626687
tropics,cloud-free-area,2020-02,97.317382,257.029564,70.336643,51.691248,291.081181,81.910938,0.827105,0.565106,0.626687
tropics,cloud-free-area,2020-03,92.236950,259.850906,76.049049,51.017034,292.391172,84.729987,0.827105,0.565106,0.626687
tropics,cloud-free-area,2020-04,89.764190,258.752724,66.397784,49.633649,291.670709,73.613066,0.827105,0.565106,0.626687
tropics,cloud-free-area,2020-05,88.267775,259.764596,45.400717,48.507416,291.529513,53.393029,0.827105,0.565106,0.626687
tropics,cloud-free-area,2020-06,88.813186,258.857928,32.418936,47.708654,290.054211,42.327907,0.827105,0.565106,0.626687
tropics,cloud-free-area,2020-07,92.911199,256.751860,35.355383,48.184805,288.782440,48.050620,0.827105,0.565106,0.626687
tropics,cloud-free-area,2020-08,95.303498,258.501980,49.425878,48.683066,289.849195,64.697621,0.827105,0.565106,0.626687
tropics,cloud-free-area,2020-09,96.812445,258.533758,63.849973,49.848414,289.651775,79.696928,0.827105,0.565106,0.626687
tropics,cloud-free-area,2020-10,99.139230,256.553477,66.016420,50.067771,290.091430,81.550997,0.827105,0.565106,0.626687
tropics,cloud-free-area,2020-11,97.674881,256.960450,57.600901,49.476529,290.717321,72.042537,0.827105,0.565106,0.626687
tropics,cloud-free-area,2020-12,97.638463,254.636957,52.728701,49.661575,288.972487,66.368248,0.827105,0.565106,0.626687
tropics,cloud-free-area,2021-01,98.009119,254.032121,59.798235,50.341169,289.229626,72.269612,0.827105,0.565106,0.626687
tropics,cloud-free-area,2021-02,96.157538,256.681125,72.029374,51.170466,290.750018,82.949729,0.827105,0.565106,0.626687
tropics,cloud-free-area,2021-03,93.553677,256.826930,77.889078,51.106325,290.264553,86.899159,0.827105,0.565106,0.626687
tropics,cloud-free-area,2021-04,90.674953,256.200130,68.282295,49.918984,289.571604,75.666243,0.827105,0.565106,0.626687
tropics,cloud-free-area,2021-05,89.552321,258.129432,45.982040,48.383933,291.132799,54.145304,0.827105,0.565106,0.626687
tropics,cloud-free-area,2021-06,87.099423,259.644993,33.472777,47.298933,289.466121,43.451806,0.827105,0.565106,0.626687
tropics,cloud-free-area,2021-07,93.181418,257.534730,34.309076,48.073956,288.782520,48.166844,0.827105,0.565106,0.626687
tropics,cloud-free-area,2021-08,93.866075,257.646821,51.658122,48.555110,288.655263,65.959326,0.827105,0.565106,0.626687
tropics,cloud-free-area,2021-09,96.726800,257.229388,65.243823,49.832722,288.876570,80.489902,0.827105,0.565106,0.626687
tropics,cloud-free-area,2021-10,97.160420,257.973175,66.696853,49.913904,290.016544,81.899117,0.827105,0.565106,0.626687
tropics,cloud-free-area,2021-11,96.817079,257.059669,58.538916,49.342234,290.008228,73.067643,0.827105,0.565106,0.626687
tropics,cloud-free-area,2021-12,97.661916,254.985787,52.428152,49.690398,289.352640,66.031607,0.827105,0.565106,0.626687
tropics,cloud-free-area,2022-01,96.132474,255.395816,60.311434,50.213937,289.920365,71.704868,0.827105,0.565106,0.626687
tropics,cloud-free-area,2022-02,96.280446,256.499321,72.220403,51.916752,290.722212,82.360652,0.827105,0.565106,0.626687
tropics,cloud-free-area,2022-03,94.074262,256.704462,77.742229,51.898881,289.720459,86.899888,0.827105,0.565106,0.626687
tropics,cloud-free-area,2022-04,91.568840,257.857227,66.163700,50.490170,290.336339,74.762289,0.827105,0.565106,0.626687
tropics,cloud-free-area,2022-05,89.588201,259.534854,44.987426,49.026605,290.982259,54.101478,0.827105,0.565106,0.626687
tropics,cloud-free-area,2022-06,88.814953,257.732959,33.966188,47.664886,289.573110,43.277946,0.827105,0.565106,0.626687
tropics,cloud-free-area,2022-07,94.010472,257.800788,33.285028,48.440846,289.146508,47.508847,0.827105,0.565106,0.626687
tropics,cloud-free-area,2022-08,95.973351,257.857761,49.337334,48.723234,289.159416,65.283395,0.827105,0.565106,0.626687
tropics,cloud-free-area,2022-09,96.718537,259.096400,63.523162,49.794002,289.904062,79.641287,0.827105,0.565106,0.626687
tropics,cloud-free-area,2022-10,98.185074,257.584735,66.326413,50.174424,289.998901,81.922739,0.827105,0.565106,0.626687
tropics,cloud-free-area,2022-11,96.135780,256.968698,59.589896,49.511121,289.645561,73.536648,0.827105,0.565106,0.626687
tropics,cloud-free-area,2022-12,95.720754,255.035071,54.410681,49.947560,289.247962,65.971918,0.827105,0.565106,0.626687
tropics,cloud-free-area,2023-01,95.713169,255.104567,61.051984,50.501289,288.970613,72.397322,0.827105,0.565106,0.626687
tropics,cloud-free-area,2023-02,96.513600,255.760256,72.769330,51.728246,289.775288,83.538754,0.827105,0.565106,0.626687
tropics,cloud-free-area,2023-03,91.253745,257.446247,80.088142,50.760517,290.727046,87.298420,0.827105,0.565106,0.626687
tropics,cloud-free-area,2023-04,89.316111,255.693347,70.911280,49.786025,289.520927,76.613731,0.827105,0.565106,0.626687
tropics,cloud-free-area,2023-05,89.265546,256.757519,48.257978,48.361605,290.450342,55.468040,0.827105,0.565106,0.626687
tropics,cloud-free-area,2023-06,88.637922,259.951219,32.036495,47.198306,291.073977,42.351080,0.827105,0.565106,0.626687
tropics,cloud-free-area,2023-07,92.440675,259.483068,33.060796,48.363267,290.005876,46.614631,0.827105,0.565106,0.626687
tropics,cloud-free-area,2023-08,92.733429,260.321291,50.088930,48.662651,290.625587,63.854228,0.827105,0.565106,0.626687
tropics,cloud-free-area,2023-09,96.137549,259.359420,63.873366,49.925068,290.818868,78.626583,0.827105,0.565106,0.626687
tropics,cloud-free-area,2023-10,94.204034,260.306371,67.814362,50.165101,291.295799,80.864155,0.827105,0.565106,0.626687
tropics,cloud-free-area,2023-11,94.534948,258.346588,60.043930,49.659140,290.852075,72.414119,0.827105,0.565106,0.626687
tropics,cloud-free-area,2023-12,94.600808,257.676303,53.084156,49.892778,290.598234,64.868352,0.827105,0.565106,0.626687
tropics,cloud-free-area,2024-01,95.309939,259.920579,56.661404,50.309392,292.655939,68.926402,0.827105,0.565106,0.626687
tropics,cloud-free-area,2024-02,95.074272,259.403585,70.562311,51.231019,292.785390,81.024521,0.827105,0.565106,0.626687
tropics,cloud-free-area,2024-03,93.761243,258.677864,76.160593,50.781897,292.321471,85.497481,0.827105,0.565106,0.626687
tropics,cloud-free-area,2024-04,90.172670,258.234597,66.992858,49.797552,291.802609,73.798967,0.827105,0.565106,0.626687
tropics,cloud-free-area,2024-05,89.781048,259.959408,44.052875,48.851472,292.654979,52.286637,0.827105,0.565106,0.626687
tropics,cloud-free-area,2024-06,89.170628,260.240904,31.073688,47.870360,291.260092,41.353682,0.827105,0.565106,0.626687
tropics,cloud-free-area,2024-07,94.750072,258.274977,32.447068,48.871568,290.307848,46.292557,0.827105,0.565106,0.626687
tropics,cloud-free-area,2024-08,95.761744,258.976948,48.785108,49.357066,290.174451,63.991299,0.827105,0.565106,0.626687
tropics,cloud-free-area,2024-09,97.098304,260.067899,62.614865,50.201290,290.950336,78.628398,0.827105,0.565106,0.626687
tropics,cloud-free-area,2024-10,97.511198,258.066193,66.467819,49.883782,290.784651,81.375882,0.827105,0.565106,0.626687
tropics,cloud-free-area,2024-11,96.255475,258.320742,58.029764,49.780423,290.639759,72.183860,0.827105,0.565106,0.626687
tropics,cloud-free-area,2024-12,98.065670,256.282232,51.011994,50.381127,289.800068,65.177827,0.827105,0.565106,0.626687
tropics,cloud-free-area,2025-01,95.766675,256.634575,59.800675,50.451401,290.117750,71.632456,0.827105,0.565106,0.626687
tropics,cloud-free-area,2025-02,94.600206,257.902807,72.741230,51.166559,291.269232,82.808511,0.827105,0.565106,0.626687
tropics,cloud-free-area,2025-03,93.367909,257.459570,77.909628,50.825699,290.856024,87.055133,0.827105,0.565106,0.626687
tropics,cloud-free-area,2025-04,90.463833,257.487955,67.607110,49.642582,290.451086,75.466400,0.827105,0.565106,0.626687
tropics,cloud-free-area,2025-05,89.825146,257.449929,46.676167,48.471166,290.045103,55.433686,0.827105,0.565106,0.626687
tropics,cloud-free-area,2025-06,90.061464,258.892951,31.575827,47.577330,289.822611,43.131561,0.827105,0.565106,0.626687
tropics,cloud-free-area,2025-07,93.627726,257.906926,33.826192,48.225580,289.118237,48.016095,0.827105,0.565106,0.626687
tropics,cloud-free-area,2025-08,95.127127,258.282939,50.054710,48.632933,288.950833,65.877789,0.827105,0.565106,0.626687
tropics,cloud-free-area,2025-09,97.030771,258.172451,64.261052,49.628446,289.185210,80.649768,0.827105,0.565106,0.626687
tropics,cloud-free-area,2025-10,98.223947,257.482513,66.350083,49.766256,290.006203,82.284610,0.827105,0.565106,0.626687
tropics,cloud-free-area,2025-11,97.326806,256.569770,58.771826,49.236398,290.041402,73.389581,0.827105,0.565106,0.626687
tropics,cloud-free-area,2025-12,95.578483,255.398067,54.203718,49.365875,289.448778,66.363291,0.827105,0.565106,0.626687
tropics,cloud-free-area,2026-01,96.410604,254.237892,61.290360,50.172389,289.143192,72.622307,0.827105,0.565106,0.626687
tropics,cloud-free-area,2026-02,94.450596,256.253206,74.310900,51.111956,290.104874,83.796517,0.827105,0.565106,0.626687
tropics,cloud-free-area,2026-03,93.080788,256.399479,79.067314,50.491059,290.739190,87.318342,0.827105,0.565106,0.626687
tropics,cloud-free-area,2026-04,89.070305,256.939885,69.535112,49.351632,290.456008,75.736745,0.827105,0.565106,0.626687
tropics,cloud-free-area,2026-05,89.892145,259.180249,45.015044,48.136333,291.708440,54.241346,0.827105,0.565106,0.626687
tropics,total-region,2000-03,95.604034,255.717836,76.886930,52.131730,287.776186,88.301996,0.821143,0.555318,0.633066
tropics,total-region,2000-04,92.932781,255.001290,67.245956,50.728193,287.710350,76.741045,0.821143,0.555318,0.633066
tropics,total-region,2000-05,90.243395,257.889166,45.511817,48.794809,288.853581,55.994849,0.821143,0.555318,0.633066
tropics,total-region,2000-06,91.471741,258.781625,30.005251,48.241674,288.991175,43.026828,0.821143,0.555318,0.633066
tropics,total-region,2000-07,92.586508,258.427388,34.130294,48.554875,288.004023,48.586858,0.821143,0.555318,0.633066
tropics,total-region,2000-08,97.655829,257.452275,48.363857,49.809982,288.459852,65.201340,0.821143,0.555318,0.633066
tropics,total-region,2000-09,97.408780,257.950975,64.025675,50.886210,287.575750,80.925167,0.821143,0.555318,0.633066
tropics,total-region,2000-10,100.826144,255.677791,65.665860,51.379955,287.373953,83.416947,0.821143,0.555318,0.633066
tropics,total-region,2000-11,98.643594,255.650577,58.335000,50.337042,287.796832,74.494666,0.821143,0.555318,0.633066
tropics,total-region,2000-12,98.404508,255.830805,51.047967,50.729965,286.728067,67.830485,0.821143,0.555318,0.633066
tropics,total-region,2001-01,97.015389,255.354986,59.609397,51.135434,287.284870,73.558734,0.821143,0.555318,0.633066
tropics,total-region,2001-02,98.203037,254.553397,72.260436,52.635561,286.829140,85.552605,0.821143,0.555318,0.633066
tropics,total-region,2001-03,94.467602,255.431743,78.392954,51.890000,287.720735,88.682121,0.821143,0.555318,0.633066
tropics,total-region,2001-04,92.675731,256.415004,66.181201,50.808844,288.423763,76.039394,0.821143,0.555318,0.633066
tropics,total-region,2001-05,89.228236,259.385993,45.288834,48.870435,289.296028,55.736933,0.821143,0.555318,0.633066
tropics,total-region,2001-06,91.783087,257.413485,31.146575,48.369095,287.958158,44.014681,0.821143,0.555318,0.633066
tropics,total-region,2001-07,92.454529,259.194956,33.498069,48.345847,288.058567,48.742997,0.821143,0.555318,0.633066
tropics,total-region,2001-08,97.271136,259.272222,46.667742,49.809795,289.064507,64.336001,0.821143,0.555318,0.633066
tropics,total-region,2001-09,95.925348,257.797614,65.527504,50.567256,287.926621,80.756672,0.821143,0.555318,0.633066
tropics,total-region,2001-10,98.960957,258.558729,64.581210,50.897281,288.816751,82.388004,0.821143,0.555318,0.633066
tropics,total-region,2001-11,98.202192,257.192270,57.210162,50.081329,287.914535,74.608941,0.821143,0.555318,0.633066
tropics,total-region,2001-12,98.126924,255.054129,52.053994,49.927621,286.909082,68.396336,0.821143,0.555318,0.633066
tropics,total-region,2002-01,97.777093,255.208107,59.004016,50.653534,287.005133,74.328764,0.821143,0.555318,0.633066
tropics,total-region,2002-02,97.178634,256.573727,71.276403,51.487591,287.956041,85.586301,0.821143,0.555318,0.633066
tropics,total-region,2002-03,94.891207,256.709805,76.960816,51.454145,288.011839,89.095651,0.821143,0.555318,0.633066
tropics,total-region,2002-04,91.094632,257.342735,67.080323,50.135901,288.144540,77.237305,0.821143,0.555318,0.633066
tropics,total-region,2002-05,88.315300,260.322395,45.419890,49.153668,289.222531,55.681504,0.821143,0.555318,0.633066
tropics,total-region,2002-06,91.309449,258.050859,31.081940,48.450070,288.198046,43.792886,0.821143,0.555318,0.633066
tropics,total-region,2002-07,92.672672,259.817873,32.370087,48.677848,288.429622,47.753331,0.821143,0.555318,0.633066
tropics,total-region,2002-08,97.638752,257.872454,47.461018,50.096212,288.141684,64.733973,0.821143,0.555318,0.633066
tropics,total-region,2002-09,97.455644,258.531555,63.229052,50.418188,288.016522,80.782154,0.821143,0.555318,0.633066
tropics,total-region,2002-10,98.518283,256.762041,66.760193,50.950506,287.189240,83.900986,0.821143,0.555318,0.633066
tropics,total-region,2002-11,99.669319,255.540356,57.441094,50.924722,287.557048,74.168706,0.821143,0.555318,0.633066
tropics,total-region,2002-12,96.759085,256.920520,51.573531,50.377054,287.679506,67.196317,0.821143,0.555318,0.633066
tropics,total-region,2003-01,98.040875,257.193694,56.512129,51.003434,288.101735,72.641780,0.821143,0.555318,0.633066
tropics,total-region,2003-02,96.461833,258.026911,70.305923,51.323845,289.302969,84.167431,0.821143,0.555318,0.633066
tropics,total-region,2003-03,93.673906,259.195641,75.457084,51.587502,288.717598,88.022969,0.821143,0.555318,0.633066
tropics,total-region,2003-04,91.344339,258.619076,65.594389,50.229583,288.650263,76.677833,0.821143,0.555318,0.633066
tropics,total-region,2003-05,91.020209,258.844800,44.230568,49.628528,288.884404,55.582841,0.821143,0.555318,0.633066
tropics,total-region,2003-06,89.035475,259.541070,31.694504,48.176070,288.323940,43.770059,0.821143,0.555318,0.633066
tropics,total-region,2003-07,92.933817,258.645258,33.147270,48.831527,287.876624,48.019541,0.821143,0.555318,0.633066
tropics,total-region,2003-08,94.526581,259.930926,48.342869,49.047439,288.241251,65.512146,0.821143,0.555318,0.633066
tropics,total-region,2003-09,96.710150,258.425579,63.977499,50.250775,288.190699,80.672075,0.821143,0.555318,0.633066
tropics,total-region,2003-10,96.829407,259.051367,65.876666,50.338765,288.361950,83.056693,0.821143,0.555318,0.633066
tropics,total-region,2003-11,97.154290,256.784405,58.714644,50.076049,287.305427,75.270933,0.821143,0.555318,0.633066
tropics,total-region,2003-12,97.316472,255.111542,52.681805,50.189324,286.581876,68.338011,0.821143,0.555318,0.633066
tropics,total-region,2004-01,95.696411,256.008642,59.746143,50.217413,287.296558,73.937315,0.821143,0.555318,0.633066
tropics,total-region,2004-02,97.097137,257.129198,70.449379,51.692202,288.159448,84.824528,0.821143,0.555318,0.633066
tropics,total-region,2004-03,97.421612,255.952200,74.806697,52.323375,287.917202,87.939154,0.821143,0.555318,0.633066
tropics,total-region,2004-04,91.861538,256.427005,66.759382,50.120252,287.580003,77.346396,0.821143,0.555318,0.633066
tropics,total-region,2004-05,91.106892,258.797952,43.622647,49.040893,288.420598,56.065292,0.821143,0.555318,0.633066
tropics,total-region,2004-06,92.606857,258.389011,29.128673,48.609223,288.115650,43.398545,0.821143,0.555318,0.633066
tropics,total-region,2004-07,91.787772,257.198033,35.937219,48.020458,286.805548,50.097233,0.821143,0.555318,0.633066
tropics,total-region,2004-08,95.158925,259.958616,48.044344,49.111252,288.089201,65.961221,0.821143,0.555318,0.633066
tropics,total-region,2004-09,96.316052,257.980285,64.993010,50.101827,287.483925,81.703956,0.821143,0.555318,0.633066
tropics,total-region,2004-10,98.236603,258.423918,65.195792,50.683066,287.031629,84.143070,0.821143,0.555318,0.633066
tropics,total-region,2004-11,97.274757,257.136982,57.937359,49.907488,287.215840,75.225452,0.821143,0.555318,0.633066
tropics,total-region,2004-12,96.045189,256.556312,52.438018,50.120822,287.080924,67.834865,0.821143,0.555318,0.633066
tropics,total-region,2005-01,96.199788,257.002553,58.438097,51.223641,287.350421,73.066448,0.821143,0.555318,0.633066
tropics,total-region,2005-02,96.020362,259.191088,69.513172,51.397271,289.137872,84.188733,0.821143,0.555318,0.633066
tropics,total-region,2005-03,92.475786,260.435155,75.240144,51.314661,289.128753,87.707663,0.821143,0.555318,0.633066
tropics,total-region,2005-04,92.864296,257.867586,64.387838,51.109631,288.478498,75.530621,0.821143,0.555318,0.633066
tropics,total-region,2005-05,89.877713,258.185245,45.557978,49.458800,288.310807,55.851661,0.821143,0.555318,0.633066
tropics,total-region,2005-06,91.166286,259.199695,29.742177,48.492698,288.709033,42.908490,0.821143,0.555318,0.633066
tropics,total-region,2005-07,94.255900,257.810195,32.797019,48.846965,287.827554,48.189670,0.821143,0.555318,0.633066
tropics,total-region,2005-08,95.838007,259.508276,47.689788,49.745210,288.487188,64.803256,0.821143,0.555318,0.633066
tropics,total-region,2005-09,98.213107,258.006377,62.897906,50.961527,287.737331,80.419004,0.821143,0.555318,0.633066
tropics,total-region,2005-10,98.370858,256.905543,66.578048,50.719362,287.812566,83.320909,0.821143,0.555318,0.633066
tropics,total-region,2005-11,97.934869,257.067472,57.379834,50.424086,287.782153,74.175400,0.821143,0.555318,0.633066
tropics,total-region,2005-12,96.622344,256.165660,52.157563,50.112925,287.570572,67.261137,0.821143,0.555318,0.633066
tropics,total-region,2006-01,98.708972,252.617068,60.262124,50.752172,286.000175,74.834936,0.821143,0.555318,0.633066
tropics,total-region,2006-02,96.390964,256.648863,71.580571,51.218738,287.803438,85.598202,0.821143,0.555318,0.633066
tropics,total-region,2006-03,94.463379,256.916488,76.789376,51.954984,287.943912,88.269636,0.821143,0.555318,0.633066
tropics,total-region,2006-04,91.467759,256.446269,67.362109,50.382105,287.712681,77.180651,0.821143,0.555318,0.633066
tropics,total-region,2006-05,88.723185,257.938112,47.210892,48.476762,288.016762,57.379379,0.821143,0.555318,0.633066
tropics,total-region,2006-06,90.235984,258.234333,31.732095,48.472813,288.171315,43.557737,0.821143,0.555318,0.633066
tropics,total-region,2006-07,92.880373,259.341347,32.534557,48.762734,288.130493,47.864426,0.821143,0.555318,0.633066
tropics,total-region,2006-08,95.035546,259.549721,48.208755,49.359525,288.411197,65.022518,0.821143,0.555318,0.633066
tropics,total-region,2006-09,97.423910,258.389074,63.208528,50.481453,287.900767,80.640100,0.821143,0.555318,0.633066
tropics,total-region,2006-10,99.103290,257.823312,64.896292,51.075999,287.633119,83.114419,0.821143,0.555318,0.633066
tropics,total-region,2006-11,95.975557,257.832829,58.584115,50.686951,287.401831,74.302311,0.821143,0.555318,0.633066
tropics,total-region,2006-12,98.477725,255.030206,51.392998,51.135070,286.729327,67.037635,0.821143,0.555318,0.633066
tropics,total-region,2007-01,99.115666,257.185660,55.135612,51.620190,287.772569,72.043893,0.821143,0.555318,0.633066
tropics,total-region,2007-02,95.577511,258.605856,70.310584,51.564541,288.888102,84.041410,0.821143,0.555318,0.633066
tropics,total-region,2007-03,94.845730,257.890558,75.477260,52.018972,288.563197,87.630858,0.821143,0.555318,0.633066
tropics,total-region,2007-04,91.272941,257.757708,66.383426,50.337892,287.785399,77.290985,0.821143,0.555318,0.633066
tropics,total-region,2007-05,88.980858,259.063307,45.898395,48.945917,288.105466,56.890269,0.821143,0.555318,0.633066
tropics,total-region,2007-06,89.969053,258.749341,31.482391,48.293891,287.635023,44.273410,0.821143,0.555318,0.633066
tropics,total-region,2007-07,92.222036,258.506458,33.878742,48.450115,287.183550,48.972231,0.821143,0.555318,0.633066
tropics,total-region,2007-08,97.340635,256.989014,48.315834,49.402908,286.991005,66.251348,0.821143,0.555318,0.633066
tropics,total-region,2007-09,99.306644,257.450183,62.114494,50.724903,287.790011,80.355429,0.821143,0.555318,0.633066
tropics,total-region,2007-10,99.053142,256.545939,66.217862,50.542341,287.253490,84.020367,0.821143,0.555318,0.633066
tropics,total-region,2007-11,99.942513,255.700030,56.873704,50.432731,286.815097,75.269448,0.821143,0.555318,0.633066
tropics,total-region,2007-12,97.950057,255.576506,51.413471,50.206179,286.797445,67.935019,0.821143,0.555318,0.633066
tropics,total-region,2008-01,98.541593,253.558758,59.267816,50.956501,285.686523,74.724851,0.821143,0.555318,0.633066
tropics,total-region,2008-02,97.998138,254.892918,71.680510,52.093483,287.075009,85.402376,0.821143,0.555318,0.633066
tropics,total-region,2008-03,94.148063,255.472194,78.427306,51.511390,286.724615,89.811374,0.821143,0.555318,0.633066
tropics,total-region,2008-04,91.503144,255.793769,67.602966,50.411345,286.794301,77.694404,0.821143,0.555318,0.633066
tropics,total-region,2008-05,87.916384,258.047271,47.460860,48.690589,287.767960,56.964935,0.821143,0.555318,0.633066
tropics,total-region,2008-06,90.328896,258.063404,31.636855,48.441750,287.927439,43.658688,0.821143,0.555318,0.633066
tropics,total-region,2008-07,92.067760,257.995935,34.856477,48.461872,287.922428,48.536828,0.821143,0.555318,0.633066
tropics,total-region,2008-08,94.079071,257.512745,51.515466,49.258284,286.674669,67.173707,0.821143,0.555318,0.633066
tropics,total-region,2008-09,96.744081,257.996519,64.380434,50.540120,287.649301,80.932636,0.821143,0.555318,0.633066
tropics,total-region,2008-10,98.549950,256.727087,66.404863,50.650133,287.046465,83.985163,0.821143,0.555318,0.633066
tropics,total-region,2008-11,97.624871,256.478856,58.119046,50.361261,287.099801,74.762587,0.821143,0.555318,0.633066
tropics,total-region,2008-12,95.594950,255.635116,53.660828,49.978855,286.840380,68.072706,0.821143,0.555318,0.633066
tropics,total-region,2009-01,97.262049,254.038443,60.353196,50.840927,286.157402,74.654939,0.821143,0.555318,0.633066
tropics,total-region,2009-02,97.963328,254.168702,72.546636,51.636814,286.700613,86.342741,0.821143,0.555318,0.633066
tropics,total-region,2009-03,93.629819,256.514050,77.951060,51.437647,287.724073,88.933465,0.821143,0.555318,0.633066
tropics,total-region,2009-04,91.486749,257.243799,66.320068,50.239939,287.676519,77.135314,0.821143,0.555318,0.633066
tropics,total-region,2009-05,87.726369,258.132528,47.744994,48.813143,287.744342,57.047381,0.821143,0.555318,0.633066
tropics,total-region,2009-06,87.774093,258.911579,33.415313,47.801945,288.157784,44.142529,0.821143,0.555318,0.633066
tropics,total-region,2009-07,93.373158,258.505037,32.967223,48.742291,288.010632,48.090792,0.821143,0.555318,0.633066
tropics,total-region,2009-08,94.763962,260.008631,48.203599,49.260983,288.646901,65.068466,0.821143,0.555318,0.633066
tropics,total-region,2009-09,97.850496,259.362429,61.846580,50.476129,288.667203,79.916830,0.821143,0.555318,0.633066
tropics,total-region,2009-10,97.913051,257.831752,65.973203,50.239738,287.767482,83.711710,0.821143,0.555318,0.633066
tropics,total-region,2009-11,98.152400,257.310794,56.840026,50.216216,287.546814,74.540171,0.821143,0.555318,0.633066
tropics,total-region,2009-12,96.905427,256.725611,51.245654,50.104712,287.726829,67.048923,0.821143,0.555318,0.633066
tropics,total-region,2010-01,98.470631,257.467798,55.620997,50.923599,288.427518,72.208978,0.821143,0.555318,0.633066
tropics,total-region,2010-02,97.188060,257.998761,69.480344,51.356336,288.934180,84.376423,0.821143,0.555318,0.633066
tropics,total-region,2010-03,94.907347,259.541456,73.769339,52.190434,289.310572,86.718290,0.821143,0.555318,0.633066
tropics,total-region,2010-04,91.258182,258.228859,65.835092,50.385401,288.645729,76.291501,0.821143,0.555318,0.633066
tropics,total-region,2010-05,89.686957,260.034160,44.123249,48.868535,289.205523,55.770687,0.821143,0.555318,0.633066
tropics,total-region,2010-06,90.762368,259.697323,29.742508,48.195406,288.335702,43.672018,0.821143,0.555318,0.633066
tropics,total-region,2010-07,95.389198,255.842214,33.586768,48.492581,286.599727,49.725039,0.821143,0.555318,0.633066
tropics,total-region,2010-08,97.824463,257.136044,47.929360,49.429950,287.466724,65.994183,0.821143,0.555318,0.633066
tropics,total-region,2010-09,98.262851,256.902214,63.880164,50.207055,287.545861,81.293088,0.821143,0.555318,0.633066
tropics,total-region,2010-10,98.631047,257.250465,65.915957,50.420889,287.466591,83.909718,0.821143,0.555318,0.633066
tropics,total-region,2010-11,97.385612,256.774493,58.289136,50.033115,286.988452,75.426841,0.821143,0.555318,0.633066
tropics,total-region,2010-12,95.986730,255.662892,53.289177,50.173008,286.000214,68.764408,0.821143,0.555318,0.633066
tropics,total-region,2011-01,98.056534,252.971391,60.472916,50.889389,285.353981,75.257451,0.821143,0.555318,0.633066
tropics,total-region,2011-02,95.404276,256.506528,72.671236,51.283317,287.647049,85.651510,0.821143,0.555318,0.633066
tropics,total-region,2011-03,94.548862,256.459833,77.265174,51.525557,286.844479,89.903169,0.821143,0.555318,0.633066
tropics,total-region,2011-04,91.128793,255.573523,68.870796,50.291571,286.135328,79.145906,0.821143,0.555318,0.633066
tropics,total-region,2011-05,90.915901,256.452282,46.726099,49.026572,287.197395,57.869723,0.821143,0.555318,0.633066
tropics,total-region,2011-06,91.251505,258.888732,30.184717,48.797393,287.738668,43.790886,0.821143,0.555318,0.633066
tropics,total-region,2011-07,93.374729,258.424751,32.919971,49.049832,287.574124,48.094211,0.821143,0.555318,0.633066
tropics,total-region,2011-08,95.738655,259.346328,47.645400,49.474954,287.749669,65.506346,0.821143,0.555318,0.633066
tropics,total-region,2011-09,98.560432,258.944248,61.456349,50.742127,287.984420,80.234883,0.821143,0.555318,0.633066
tropics,total-region,2011-10,97.394575,256.960873,67.576740,50.320720,286.739528,84.872672,0.821143,0.555318,0.633066
tropics,total-region,2011-11,99.186218,255.588085,57.907451,50.616538,286.376127,75.688866,0.821143,0.555318,0.633066
tropics,total-region,2011-12,98.867810,256.033413,50.232596,51.038198,286.530752,67.563032,0.821143,0.555318,0.633066
tropics,total-region,2012-01,96.029935,256.020725,59.487671,51.101814,286.825413,73.611752,0.821143,0.555318,0.633066
tropics,total-region,2012-02,95.534801,255.602484,73.642682,51.736451,286.681204,86.362131,0.821143,0.555318,0.633066
tropics,total-region,2012-03,96.364667,254.350146,77.508296,52.458569,286.656028,89.108145,0.821143,0.555318,0.633066
tropics,total-region,2012-04,90.689357,254.847194,69.536377,50.101438,286.255762,78.716400,0.821143,0.555318,0.633066
tropics,total-region,2012-05,89.406684,257.002386,47.137536,49.166573,287.116650,57.264140,0.821143,0.555318,0.633066
tropics,total-region,2012-06,89.087563,259.028125,32.074390,48.520467,287.260546,44.409259,0.821143,0.555318,0.633066
tropics,total-region,2012-07,94.582718,256.317197,34.125399,48.707088,286.437215,49.881646,0.821143,0.555318,0.633066
tropics,total-region,2012-08,96.194269,258.066058,49.077658,49.334973,287.342261,66.661010,0.821143,0.555318,0.633066
tropics,total-region,2012-09,97.400081,258.253373,63.727186,50.530908,287.440797,81.408233,0.821143,0.555318,0.633066
tropics,total-region,2012-10,96.994637,257.373269,67.496575,50.285392,287.288296,84.290151,0.821143,0.555318,0.633066
tropics,total-region,2012-11,97.906604,256.801878,57.693912,50.170544,287.507532,74.724838,0.821143,0.555318,0.633066
tropics,total-region,2012-12,96.506830,255.638165,52.917463,50.164722,286.891184,68.003263,0.821143,0.555318,0.633066
tropics,total-region,2013-01,99.350485,255.245106,57.201837,50.880889,286.910515,74.006171,0.821143,0.555318,0.633066
tropics,total-region,2013-02,96.597590,257.424865,70.821897,51.565216,288.546786,84.731308,0.821143,0.555318,0.633066
tropics,total-region,2013-03,94.710927,256.552208,77.001436,51.404763,287.442037,89.417801,0.821143,0.555318,0.633066
tropics,total-region,2013-04,91.127348,257.886753,66.148663,50.054542,288.066886,77.040923,0.821143,0.555318,0.633066
tropics,total-region,2013-05,88.960776,257.598503,47.201992,48.975253,287.551085,57.235070,0.821143,0.555318,0.633066
tropics,total-region,2013-06,92.205091,257.776347,30.301467,48.711854,287.559816,44.012667,0.821143,0.555318,0.633066
tropics,total-region,2013-07,94.015784,256.458342,34.603643,48.487149,286.264251,50.327856,0.821143,0.555318,0.633066
tropics,total-region,2013-08,96.160318,258.101551,48.955549,49.234151,286.913677,67.070036,0.821143,0.555318,0.633066
tropics,total-region,2013-09,98.042894,257.432082,63.842052,50.083484,287.434919,81.798416,0.821143,0.555318,0.633066
tropics,total-region,2013-10,98.679762,256.678199,66.507982,50.429705,286.587591,84.849118,0.821143,0.555318,0.633066
tropics,total-region,2013-11,97.529439,256.097228,58.806936,49.852802,286.710547,75.869496,0.821143,0.555318,0.633066
tropics,total-region,2013-12,97.067185,256.495072,51.535598,50.113964,287.148185,67.837651,0.821143,0.555318,0.633066
tropics,total-region,2014-01,97.878964,255.200032,58.618096,50.793156,286.407125,74.496543,0.821143,0.555318,0.633066
tropics,total-region,2014-02,96.165257,256.050771,72.484261,51.714133,287.313958,85.672970,0.821143,0.555318,0.633066
tropics,total-region,2014-03,94.080729,256.730403,77.669833,51.560707,286.960612,89.960843,0.821143,0.555318,0.633066
tropics,total-region,2014-04,91.816433,256.904456,66.769158,50.393161,287.096373,77.999816,0.821143,0.555318,0.633066
tropics,total-region,2014-05,88.698230,258.517301,46.770169,48.591785,287.606298,57.786841,0.821143,0.555318,0.633066
tropics,total-region,2014-06,90.286091,259.719418,30.341909,48.583465,288.148602,43.614042,0.821143,0.555318,0.633066
tropics,total-region,2014-07,94.475689,259.080780,31.384285,48.827435,287.519374,48.593031,0.821143,0.555318,0.633066
tropics,total-region,2014-08,95.457136,257.753257,49.877091,49.267437,286.423149,67.397814,0.821143,0.555318,0.633066
tropics,total-region,2014-09,96.726266,258.349006,64.133029,50.285178,287.399217,81.523422,0.821143,0.555318,0.633066
tropics,total-region,2014-10,97.334893,257.599360,66.941334,50.516858,287.002676,84.356218,0.821143,0.555318,0.633066
tropics,total-region,2014-11,97.031209,256.634139,58.957350,50.050240,287.064196,75.508188,0.821143,0.555318,0.633066
tropics,total-region,2014-12,97.955362,255.456043,51.713460,50.439244,286.476979,68.207903,0.821143,0.555318,0.633066
tropics,total-region,2015-01,96.592279,258.488500,56.661964,51.171544,287.547877,73.023283,0.821143,0.555318,0.633066
tropics,total-region,2015-02,95.736619,256.759329,72.431836,51.399634,287.400972,86.128459,0.821143,0.555318,0.633066
tropics,total-region,2015-03,95.421484,257.038725,76.079916,51.602920,287.628255,89.308838,0.821143,0.555318,0.633066
tropics,total-region,2015-04,91.016799,257.650212,67.048301,50.716065,287.423056,77.576180,0.821143,0.555318,0.633066
tropics,total-region,2015-05,90.392864,257.295120,46.480879,49.335096,287.638392,57.194825,0.821143,0.555318,0.633066
tropics,total-region,2015-06,91.278421,258.008535,31.096870,48.900491,288.003408,43.478886,0.821143,0.555318,0.633066
tropics,total-region,2015-07,91.422488,260.191086,33.279580,48.691305,287.877286,48.323162,0.821143,0.555318,0.633066
tropics,total-region,2015-08,94.210522,260.599848,48.025263,49.328191,288.626869,64.880552,0.821143,0.555318,0.633066
tropics,total-region,2015-09,95.154795,260.589103,63.293525,50.536992,288.955444,79.545210,0.821143,0.555318,0.633066
tropics,total-region,2015-10,96.847858,259.743153,65.407247,51.309828,288.269495,82.418255,0.821143,0.555318,0.633066
tropics,total-region,2015-11,96.399468,256.702399,59.593824,50.428458,286.869814,75.397882,0.821143,0.555318,0.633066
tropics,total-region,2015-12,97.308887,256.202225,51.596902,50.824159,286.535277,67.747477,0.821143,0.555318,0.633066
tropics,total-region,2016-01,95.625862,259.058684,56.891354,51.046645,288.528813,71.999925,0.821143,0.555318,0.633066
tropics,total-region,2016-02,98.045773,258.155403,68.623021,52.478193,288.449384,83.898162,0.821143,0.555318,0.633066
tropics,total-region,2016-03,93.853231,258.368271,76.049424,51.640449,288.367258,88.262685,0.821143,0.555318,0.633066
tropics,total-region,2016-04,90.057878,260.148227,64.770090,50.342296,288.738807,75.895347,0.821143,0.555318,0.633066
tropics,total-region,2016-05,89.172672,258.371549,45.968265,48.748014,287.512720,57.252518,0.821143,0.555318,0.633066
tropics,total-region,2016-06,88.690647,258.241489,33.237793,48.185754,286.996740,44.988794,0.821143,0.555318,0.633066
tropics,total-region,2016-07,91.468934,258.313405,35.285360,48.662897,287.098753,49.305403,0.821143,0.555318,0.633066
tropics,total-region,2016-08,94.791029,258.887575,49.589876,49.333187,287.478240,66.457709,0.821143,0.555318,0.633066
tropics,total-region,2016-09,97.387089,257.454569,64.426881,50.076271,287.183097,82.009234,0.821143,0.555318,0.633066
tropics,total-region,2016-10,96.873608,259.188899,65.714315,50.385529,288.560239,82.831621,0.821143,0.555318,0.633066
tropics,total-region,2016-11,97.268685,255.824850,59.204558,50.176976,286.758998,75.363131,0.821143,0.555318,0.633066
tropics,total-region,2016-12,96.769844,255.196306,52.987512,50.310618,286.242365,68.397430,0.821143,0.555318,0.633066
tropics,total-region,2017-01,94.569202,256.716509,60.466238,50.588796,286.644023,74.517849,0.821143,0.555318,0.633066
tropics,total-region,2017-02,95.143871,256.596634,73.057715,51.724622,287.165395,85.908662,0.821143,0.555318,0.633066
tropics,total-region,2017-03,94.119420,256.427027,77.629378,51.594707,287.151920,89.428863,0.821143,0.555318,0.633066
tropics,total-region,2017-04,89.691756,258.207054,67.225446,50.374502,287.500952,77.249288,0.821143,0.555318,0.633066
tropics,total-region,2017-05,88.400935,258.835298,46.421738,48.743050,287.712078,57.202213,0.821143,0.555318,0.633066
tropics,total-region,2017-06,88.667843,259.490784,32.022556,47.924976,287.406530,44.850613,0.821143,0.555318,0.633066
tropics,total-region,2017-07,92.695783,258.313875,33.907070,48.770395,287.087543,49.058506,0.821143,0.555318,0.633066
tropics,total-region,2017-08,95.157296,258.276579,49.616865,49.270155,286.800872,66.980647,0.821143,0.555318,0.633066
tropics,total-region,2017-09,97.374398,258.541999,63.159232,50.430955,287.553774,81.090926,0.821143,0.555318,0.633066
tropics,total-region,2017-10,99.432831,256.820657,65.547010,50.585521,286.929831,84.284823,0.821143,0.555318,0.633066
tropics,total-region,2017-11,97.931818,256.224097,58.198611,50.092775,286.666391,75.594379,0.821143,0.555318,0.633066
tropics,total-region,2017-12,98.669482,256.856306,49.411265,50.509528,286.356186,68.071078,0.821143,0.555318,0.633066
tropics,total-region,2018-01,98.169736,255.097984,58.341990,51.370928,285.859646,74.378879,0.821143,0.555318,0.633066
tropics,total-region,2018-02,96.798882,255.868541,71.976977,51.475647,286.186179,86.982510,0.821143,0.555318,0.633066
tropics,total-region,2018-03,94.400691,257.680576,76.109432,51.447651,287.407404,89.336971,0.821143,0.555318,0.633066
tropics,total-region,2018-04,91.587858,255.857752,67.821254,50.652678,286.422487,78.191085,0.821143,0.555318,0.633066
tropics,total-region,2018-05,89.878551,257.845684,46.081398,48.830400,287.248226,57.727782,0.821143,0.555318,0.633066
tropics,total-region,2018-06,90.464620,259.689947,30.049840,48.499934,287.673079,44.032679,0.821143,0.555318,0.633066
tropics,total-region,2018-07,93.687315,258.214197,32.921225,49.483775,286.762603,48.577615,0.821143,0.555318,0.633066
tropics,total-region,2018-08,95.429272,258.717509,48.743514,49.576153,287.041797,66.272281,0.821143,0.555318,0.633066
tropics,total-region,2018-09,95.493269,259.006914,64.516072,50.047738,287.327719,81.639728,0.821143,0.555318,0.633066
tropics,total-region,2018-10,96.559123,258.313169,66.901906,50.244889,287.334450,84.193935,0.821143,0.555318,0.633066
tropics,total-region,2018-11,96.846558,256.437852,59.121396,50.041648,286.721521,75.642865,0.821143,0.555318,0.633066
tropics,total-region,2018-12,97.262901,254.490127,53.193661,50.494005,285.769220,68.682025,0.821143,0.555318,0.633066
tropics,total-region,2019-01,96.919735,255.131054,59.483943,50.900467,286.344109,74.291697,0.821143,0.555318,0.633066
tropics,total-region,2019-02,93.766687,258.904216,71.939871,51.484244,288.492003,84.634425,0.821143,0.555318,0.633066
tropics,total-region,2019-03,92.866270,258.697717,76.690824,51.550479,288.468052,88.237070,0.821143,0.555318,0.633066
tropics,total-region,2019-04,90.248357,258.216017,66.935594,50.136825,288.313258,76.950553,0.821143,0.555318,0.633066
tropics,total-region,2019-05,87.441811,258.903014,47.588206,48.570548,287.563052,57.800350,0.821143,0.555318,0.633066
tropics,total-region,2019-06,90.041595,258.804592,31.368897,48.069835,287.571605,44.573696,0.821143,0.555318,0.633066
tropics,total-region,2019-07,91.567068,258.236557,34.878071,48.876781,286.457780,49.348453,0.821143,0.555318,0.633066
tropics,total-region,2019-08,96.490328,258.103453,48.097818,49.915167,286.677943,66.098883,0.821143,0.555318,0.633066
tropics,total-region,2019-09,96.376682,258.203555,64.312019,50.624530,286.575179,81.693415,0.821143,0.555318,0.633066
tropics,total-region,2019-10,96.302027,256.935955,68.543711,50.444045,286.408687,84.928075,0.821143,0.555318,0.633066
tropics,total-region,2019-11,95.402213,256.976433,60.114920,50.229480,286.945084,75.319614,0.821143,0.555318,0.633066
tropics,total-region,2019-12,94.784895,257.837405,52.345581,50.350896,286.919874,67.698297,0.821143,0.555318,0.633066
tropics,total-region,2020-01,96.701510,256.056680,58.696696,51.300530,286.190471,73.964332,0.821143,0.555318,0.633066
tropics,total-region,2020-02,97.317382,257.029564,70.336643,52.274285,287.601308,84.807121,0.821143,0.555318,0.633066
tropics,total-region,2020-03,92.236950,259.850906,76.049049,51.437681,288.885634,87.813926,0.821143,0.555318,0.633066
tropics,total-region,2020-04,89.764190,258.752724,66.397784,49.993227,287.817952,77.104968,0.821143,0.555318,0.633066
tropics,total-region,2020-05,88.267775,259.764596,45.400717,48.886190,288.343450,56.203447,0.821143,0.555318,0.633066
tropics,total-region,2020-06,88.813186,258.857928,32.418936,48.352368,287.183179,44.555073,0.821143,0.555318,0.633066
tropics,total-region,2020-07,92.911199,256.751860,35.355383,48.664758,286.182435,50.171089,0.821143,0.555318,0.633066
tropics,total-region,2020-08,95.303498,258.501980,49.425878,49.195636,287.156505,66.879631,0.821143,0.555318,0.633066
tropics,total-region,2020-09,96.812445,258.533758,63.849973,50.244209,287.039162,81.912037,0.821143,0.555318,0.633066
tropics,total-region,2020-10,99.139230,256.553477,66.016420,50.453974,286.970240,84.284758,0.821143,0.555318,0.633066
tropics,total-region,2020-11,97.674881,256.960450,57.600901,49.898568,287.179798,75.157375,0.821143,0.555318,0.633066
tropics,total-region,2020-12,97.638463,254.636957,52.728701,50.102071,285.778190,69.126190,0.821143,0.555318,0.633066
tropics,total-region,2021-01,98.009119,254.032121,59.798235,50.850403,285.885682,75.103311,0.821143,0.555318,0.633066
tropics,total-region,2021-02,96.157538,256.681125,72.029374,51.749230,287.516383,85.600989,0.821143,0.555318,0.633066
tropics,total-region,2021-03,93.553677,256.826930,77.889078,51.452362,286.841064,89.976181,0.821143,0.555318,0.633066
tropics,total-region,2021-04,90.674953,256.200130,68.282295,50.173134,286.040805,78.943911,0.821143,0.555318,0.633066
tropics,total-region,2021-05,89.552321,258.129432,45.982040,48.841820,287.642426,57.180282,0.821143,0.555318,0.633066
tropics,total-region,2021-06,87.099423,259.644993,33.472777,47.914911,286.794944,45.507017,0.821143,0.555318,0.633066
tropics,total-region,2021-07,93.181418,257.534730,34.309076,48.591662,286.110034,50.323465,0.821143,0.555318,0.633066
tropics,total-region,2021-08,93.866075,257.646821,51.658122,49.009326,286.054623,68.108290,0.821143,0.555318,0.633066
tropics,total-region,2021-09,96.726800,257.229388,65.243823,50.225872,286.252099,82.721805,0.821143,0.555318,0.633066
tropics,total-region,2021-10,97.160420,257.973175,66.696853,50.271420,286.869893,84.689223,0.821143,0.555318,0.633066
tropics,total-region,2021-11,96.817079,257.059669,58.538916,49.765590,286.910090,75.738081,0.821143,0.555318,0.633066
tropics,total-region,2021-12,97.661916,254.985787,52.428152,50.150542,286.171105,68.755106,0.821143,0.555318,0.633066
tropics,total-region,2022-01,96.132474,255.395816,60.311434,50.813842,286.625762,74.399796,0.821143,0.555318,0.633066
tropics,total-region,2022-02,96.280446,256.499321,72.220403,52.477539,287.625288,84.897775,0.821143,0.555318,0.633066
tropics,total-region,2022-03,94.074262,256.704462,77.742229,52.385979,286.627621,89.507872,0.821143,0.555318,0.633066
tropics,total-region,2022-04,91.568840,257.857227,66.163700,50.944905,287.039964,77.605628,0.821143,0.555318,0.633066
tropics,total-region,2022-05,89.588201,259.534854,44.987426,49.542567,288.013926,56.552760,0.821143,0.555318,0.633066
tropics,total-region,2022-06,88.814953,257.732959,33.966188,48.238047,286.838766,45.436020,0.821143,0.555318,0.633066
tropics,total-region,2022-07,94.010472,257.800788,33.285028,49.101567,286.681002,49.314487,0.821143,0.555318,0.633066
tropics,total-region,2022-08,95.973351,257.857761,49.337334,49.281875,286.505458,67.380056,0.821143,0.555318,0.633066
tropics,total-region,2022-09,96.718537,259.096400,63.523162,50.254350,287.251074,81.831624,0.821143,0.555318,0.633066
tropics,total-region,2022-10,98.185074,257.584735,66.326413,50.607412,286.965225,84.524581,0.821143,0.555318,0.633066
tropics,total-region,2022-11,96.135780,256.968698,59.589896,49.935230,286.315353,76.443065,0.821143,0.555318,0.633066
tropics,total-region,2022-12,95.720754,255.035071,54.410681,50.399426,285.453498,69.315364,0.821143,0.555318,0.633066
tropics,total-region,2023-01,95.713169,255.104567,61.051984,50.988466,285.648030,75.232219,0.821143,0.555318,0.633066
tropics,total-region,2023-02,96.513600,255.760256,72.769330,52.285338,286.651662,86.105708,0.821143,0.555318,0.633066
tropics,total-region,2023-03,91.253745,257.446247,80.088142,51.200002,287.009144,90.579055,0.821143,0.555318,0.633066
tropics,total-region,2023-04,89.316111,255.693347,70.911280,50.199903,286.166296,79.554677,0.821143,0.555318,0.633066
tropics,total-region,2023-05,89.265546,256.757519,48.257978,48.771161,286.975858,58.534617,0.821143,0.555318,0.633066
tropics,total-region,2023-06,88.637922,259.951219,32.036495,47.710881,288.469023,44.443802,0.821143,0.555318,0.633066
tropics,total-region,2023-07,92.440675,259.483068,33.060796,48.792380,287.494726,48.699372,0.821143,0.555318,0.633066
tropics,total-region,2023-08,92.733429,260.321291,50.088930,49.138307,287.976154,66.028667,0.821143,0.555318,0.633066
tropics,total-region,2023-09,96.137549,259.359420,63.873366,50.307727,288.269853,80.794085,0.821143,0.555318,0.633066
tropics,total-region,2023-10,94.204034,260.306371,67.814362,50.573611,288.383908,83.369158,0.821143,0.555318,0.633066
tropics,total-region,2023-11,94.534948,258.346588,60.043930,50.000725,287.483997,75.441666,0.821143,0.555318,0.633066
tropics,total-region,2023-12,94.600808,257.676303,53.084156,50.341964,287.322954,67.698502,0.821143,0.555318,0.633066
tropics,total-region,2024-01,95.309939,259.920579,56.661404,50.745397,289.244520,71.901207,0.821143,0.555318,0.633066
tropics,total-region,2024-02,95.074272,259.403585,70.562311,51.649389,289.443912,83.947227,0.821143,0.555318,0.633066
tropics,total-region,2024-03,93.761243,258.677864,76.160593,51.264569,288.677363,88.658265,0.821143,0.555318,0.633066
tropics,total-region,2024-04,90.172670,258.234597,66.992858,50.215398,288.418905,76.765637,0.821143,0.555318,0.633066
tropics,total-region,2024-05,89.781048,259.959408,44.052875,49.288708,289.428860,55.075020,0.821143,0.555318,0.633066
tropics,total-region,2024-06,89.170628,260.240904,31.073688,48.371923,288.696464,43.416085,0.821143,0.555318,0.633066
tropics,total-region,2024-07,94.750072,258.274977,32.447068,49.389476,287.937496,48.144767,0.821143,0.555318,0.633066
tropics,total-region,2024-08,95.761744,258.976948,48.785108,49.937595,287.881368,65.704658,0.821143,0.555318,0.633066
tropics,total-region,2024-09,97.098304,260.067899,62.614865,50.696833,288.310371,80.774148,0.821143,0.555318,0.633066
tropics,total-region,2024-10,97.511198,258.066193,66.467819,50.280524,287.341462,84.423983,0.821143,0.555318,0.633066
tropics,total-region,2024-11,96.255475,258.320742,58.029764,50.220653,287.211735,75.174909,0.821143,0.555318,0.633066
tropics,total-region,2024-12,98.065670,256.282232,51.011994,50.847722,286.454871,68.054942,0.821143,0.555318,0.633066
tropics,total-region,2025-01,95.766675,256.634575,59.800675,50.933494,287.030352,74.237906,0.821143,0.555318,0.633066
tropics,total-region,2025-02,94.600206,257.902807,72.741230,51.629521,288.201131,85.413234,0.821143,0.555318,0.633066
tropics,total-region,2025-03,93.367909,257.459570,77.909628,51.258638,287.607930,89.870933,0.821143,0.555318,0.633066
tropics,total-region,2025-04,90.463833,257.487955,67.607110,50.029126,287.298397,78.231265,0.821143,0.555318,0.633066
tropics,total-region,2025-05,89.825146,257.449929,46.676167,48.933095,286.911590,58.105617,0.821143,0.555318,0.633066
tropics,total-region,2025-06,90.061464,258.892951,31.575827,48.076492,287.219672,45.235278,0.821143,0.555318,0.633066
tropics,total-region,2025-07,93.627726,257.906926,33.826192,48.716019,286.642516,50.001420,0.821143,0.555318,0.633066
tropics,total-region,2025-08,95.127127,258.282939,50.054710,49.183612,286.543145,67.739077,0.821143,0.555318,0.633066
tropics,total-region,2025-09,97.030771,258.172451,64.261052,50.040554,286.615148,82.809472,0.821143,0.555318,0.633066
tropics,total-region,2025-10,98.223947,257.482513,66.350083,50.231463,286.795644,85.030312,0.821143,0.555318,0.633066
tropics,total-region,2025-11,97.326806,256.569770,58.771826,49.686969,286.542109,76.438481,0.821143,0.555318,0.633066
tropics,total-region,2025-12,95.578483,255.398067,54.203718,49.849555,286.068284,69.265058,0.821143,0.555318,0.633066
tropics,total-region,2026-01,96.410604,254.237892,61.290360,50.734352,285.483786,75.721275,0.821143,0.555318,0.633066
tropics,total-region,2026-02,94.450596,256.253206,74.310900,51.578411,286.882773,86.553653,0.821143,0.555318,0.633066
tropics,total-region,2026-03,93.080788,256.399479,79.067314,50.743320,287.120115,90.682515,0.821143,0.555318,0.633066
tropics,total-region,2026-04,89.070305,256.939885,69.535112,49.699307,287.033403,78.810985,0.821143,0.555318,0.633066
tropics,total-region,2026-05,89.892145,259.180249,45.015044,48.549120,288.485222,57.052042,0.821143,0.555318,0.633066
